date,spot_usd_gal,eurusd,proxy_eur_l,fuel,proxy_ma3_eur_l,proxy_ma5_eur_l,proxy_ma7_eur_l,refined_nowcast_eur_l,anchor_date,official_anchor_eur_l,selected_filter
2019-12-09,1.945,1.1067,0.46427635478142104,GAZOLE,0.46427635478142104,0.46427635478142104,0.46427635478142104,0.4923111941854892,2026-09-01,1.0602,proxy_ma7_eur_l
2019-12-10,1.967,1.109,0.4685540369598539,GAZOLE,0.4664151958706375,0.4664151958706375,0.4664151958706375,0.494579186944459,2026-09-01,1.0602,proxy_ma7_eur_l
2019-12-11,1.935,1.1092,0.46084828823748397,GAZOLE,0.4645595599929197,0.4645595599929197,0.4645595599929197,0.49261150044583735,2026-09-01,1.0602,proxy_ma7_eur_l
2019-12-12,1.956,1.1115,0.4648857709514515,GAZOLE,0.46476269871626313,0.4646411127325526,0.4646411127325526,0.49269797766188395,2026-09-01,1.0602,proxy_ma7_eur_l
2019-12-13,1.982,1.1128,0.47051492431151165,GAZOLE,0.46541632783348236,0.46581587504834443,0.46581587504834443,0.4939436767646175,2026-09-01,1.0602,proxy_ma7_eur_l
2019-12-14,1.982,1.1128,0.47051492431151165,GAZOLE,0.4686385398581583,0.4670635889543625,0.46659904992553897,0.4947741428331064,2026-09-01,1.0602,proxy_ma7_eur_l
2019-12-15,1.982,1.1128,0.47051492431151165,GAZOLE,0.47051492431151165,0.4674557664246941,0.4671584605521065,0.49536733288202717,2026-09-01,1.0602,proxy_ma7_eur_l
2019-12-16,2.01,1.1139,0.476690748936061,GAZOLE,0.47257353251969475,0.4706242585644095,0.46893194543134076,0.49724790778052,2026-09-01,1.0602,proxy_ma7_eur_l
2019-12-17,2.036,1.1148,0.4824670780419718,GAZOLE,0.47655758376318147,0.47414051998251355,0.4709195227287862,0.4993555028427368,2026-09-01,1.0602,proxy_ma7_eur_l
2019-12-18,2.026,1.1113,0.481609446663915,GAZOLE,0.4802557578806492,0.47635942445299423,0.4738854025039906,0.5025004741489514,2026-09-01,1.0602,proxy_ma7_eur_l
2019-12-19,2.031,1.1128,0.4821472307147731,GAZOLE,0.48207458514021995,0.47868588573364657,0.4763513253273223,0.505115299128559,2026-09-01,1.0602,proxy_ma7_eur_l
2019-12-20,2.019,1.1076,0.4815487303278275,GAZOLE,0.48176846923550515,0.4808926469369097,0.4779275833296531,0.5067867378126102,2026-09-01,1.0602,proxy_ma7_eur_l
2019-12-21,2.019,1.1076,0.4815487303278275,GAZOLE,0.4817482304568094,0.481864243215263,0.4795038413319839,0.5084581764966614,2026-09-01,1.0602,proxy_ma7_eur_l
2019-12-22,2.019,1.1076,0.4815487303278275,GAZOLE,0.4815487303278275,0.48168057367243416,0.4810800993343148,0.5101296151807125,2026-09-01,1.0602,proxy_ma7_eur_l
2019-12-23,2.021,1.1091,0.4813738326713713,GAZOLE,0.48149043110900874,0.4816334508739254,0.481749111296502,0.5108390247266367,2026-09-01,1.0602,proxy_ma7_eur_l
2019-12-24,2.034,1.1084,0.48477621300656243,GAZOLE,0.4825662586685871,0.4821592473322832,0.48207898772001495,0.5111888203910524,2026-09-01,1.0602,proxy_ma7_eur_l
2019-12-25,2.034,1.1084,0.48477621300656243,GAZOLE,0.4836420862281654,0.48280474386803024,0.4825313829118217,0.5116685329907323,2026-09-01,1.0602,proxy_ma7_eur_l
2019-12-26,2.048,1.1102,0.48732153056159966,GAZOLE,0.48562465219157486,0.48395930391478464,0.48327056860422546,0.5124523536337704,2026-09-01,1.0602,proxy_ma7_eur_l
2019-12-27,2.046,1.1174,0.4837086263869444,GAZOLE,0.4852687899850355,0.48439128312660806,0.48357912518409935,0.5127795420782111,2026-09-01,1.0602,proxy_ma7_eur_l
2019-12-28,2.046,1.1174,0.4837086263869444,GAZOLE,0.4849129277784961,0.48485824186972265,0.4838876817639732,0.5131067305226517,2026-09-01,1.0602,proxy_ma7_eur_l
2019-12-29,2.046,1.1174,0.4837086263869444,GAZOLE,0.4837086263869444,0.48464472454579904,0.484196238343847,0.5134339189670922,2026-09-01,1.0602,proxy_ma7_eur_l
2019-12-30,2.034,1.1217,0.47902822010918594,GAZOLE,0.4821484909610249,0.48349512596632377,0.48386115083496334,0.5130785975513961,2026-09-01,1.0602,proxy_ma7_eur_l
2019-12-31,2.022,1.1227,0.4757779369984645,GAZOLE,0.4795049278315316,0.48118640725369677,0.48257568283380653,0.511715507916916,2026-09-01,1.0602,proxy_ma7_eur_l
2020-01-01,2.022,1.1227,0.4757779369984645,GAZOLE,0.4768613647020383,0.47960026937600075,0.4812902148326497,0.5103524182824359,2026-09-01,1.0602,proxy_ma7_eur_l
2020-01-02,2.019,1.1166,0.4776673595836483,GAZOLE,0.4764077445268591,0.47839201601534154,0.47991104755008523,0.508889971433984,2026-09-01,1.0602,proxy_ma7_eur_l
2020-01-03,2.054,1.1173,0.4856434221280201,GAZOLE,0.4796962395700443,0.4787789751635566,0.4801874469416675,0.5091830609121377,2026-09-01,1.0602,proxy_ma7_eur_l
2020-01-04,2.054,1.1173,0.4856434221280201,GAZOLE,0.48298473461322944,0.48010201556732357,0.4804638463332496,0.5094761503902913,2026-09-01,1.0602,proxy_ma7_eur_l
2020-01-05,2.054,1.1173,0.4856434221280201,GAZOLE,0.4856434221280201,0.4820751125932346,0.4807402457248319,0.509769239868445,2026-09-01,1.0602,proxy_ma7_eur_l
2020-01-06,2.019,1.1187,0.4767706925101472,GAZOLE,0.4826858455887291,0.48227366369557123,0.48041774178211216,0.5094272618643215,2026-09-01,1.0602,proxy_ma7_eur_l
2020-01-07,2.024,1.1138,0.4800540797027226,GAZOLE,0.4808227314469633,0.48275100771938606,0.48102861931129187,0.510075026590641,2026-09-01,1.0602,proxy_ma7_eur_l
2020-01-08,1.967,1.1117,0.4674160537811262,GAZOLE,0.47474694199799866,0.4791055340500073,0.4798340645659578,0.508808339913323,2026-09-01,1.0602,proxy_ma7_eur_l
2020-01-09,1.946,1.1106,0.4628838590752357,GAZOLE,0.4701179975196948,0.47455362143945035,0.4777221359218989,0.5065688846792078,2026-09-01,1.0602,proxy_ma7_eur_l
2020-01-10,1.929,1.1119,0.4583037044688086,GAZOLE,0.4628678724417235,0.469085677907608,0.4738164619705829,0.5024273707139386,2026-09-01,1.0602,proxy_ma7_eur_l
2020-01-11,1.929,1.1119,0.4583037044688086,GAZOLE,0.4598304226709509,0.4653922802993403,0.46991078801926695,0.49828585674866943,2026-09-01,1.0602,proxy_ma7_eur_l
2020-01-12,1.929,1.1119,0.4583037044688086,GAZOLE,0.4583037044688086,0.46104220525255757,0.4660051140679511,0.49414434278340036,2026-09-01,1.0602,proxy_ma7_eur_l
2020-01-13,1.894,1.1138,0.44922056667833826,GAZOLE,0.45527599187198514,0.4574031078319999,0.46206938180626406,0.48997095546830066,2026-09-01,1.0602,proxy_ma7_eur_l
2020-01-14,1.912,1.113,0.45381578087042207,GAZOLE,0.45378001733918966,0.4555894921910372,0.4583210534016497,0.4859962881950904,2026-09-01,1.0602,proxy_ma7_eur_l
2020-01-15,1.882,1.116,0.4454944467186696,GAZOLE,0.44951026475581,0.45302764064100937,0.4551893952498702,0.48267552815938036,2026-09-01,1.0602,proxy_ma7_eur_l
2020-01-16,1.859,1.1131,0.441196519031352,GAZOLE,0.4468355822068146,0.4496062035535181,0.45209120381502965,0.4793902556931146,2026-09-01,1.0602,proxy_ma7_eur_l
2020-01-17,1.86,1.1093,0.44294601765632036,GAZOLE,0.443212327802114,0.4465346661910205,0.4498972485561028,0.4770638207532601,2026-09-01,1.0602,proxy_ma7_eur_l
2020-01-18,1.86,1.1093,0.44294601765632036,GAZOLE,0.4423628514479976,0.4452797563866168,0.4477032932971759,0.47473738581340547,2026-09-01,1.0602,proxy_ma7_eur_l
2020-01-19,1.86,1.1093,0.44294601765632036,GAZOLE,0.44294601765632036,0.4431058037437966,0.445509338038249,0.47241095087355084,2026-09-01,1.0602,proxy_ma7_eur_l
2020-01-20,1.86,1.1093,0.44294601765632036,GAZOLE,0.44294601765632036,0.44259611793132664,0.44461297389224647,0.4714604607212981,2026-09-01,1.0602,proxy_ma7_eur_l
2020-01-21,1.824,1.1096,0.43425542853394267,GAZOLE,0.4400491546155278,0.44120789983184483,0.4418186378441779,0.46849739162976994,2026-09-01,1.0602,proxy_ma7_eur_l
2020-01-22,1.794,1.1085,0.427536907470021,GAZOLE,0.434912784553428,0.4381260777945849,0.43925327509437107,0.4657771221483078,2026-09-01,1.0602,proxy_ma7_eur_l
2020-01-23,1.787,1.1041,0.42756585233584926,GAZOLE,0.42978606277993764,0.4350500447304907,0.4373060369950134,0.4637123021242306,2026-09-01,1.0602,proxy_ma7_eur_l
2020-01-24,1.729,1.1026,0.41425129559880164,GAZOLE,0.42311801846822394,0.42931110031898695,0.43320679098679654,0.4593655274569843,2026-09-01,1.0602,proxy_ma7_eur_l
2020-01-25,1.729,1.1026,0.41425129559880164,GAZOLE,0.4186894811778175,0.42357215590748326,0.4291075449785796,0.45501875278973786,2026-09-01,1.0602,proxy_ma7_eur_l
2020-01-26,1.729,1.1026,0.41425129559880164,GAZOLE,0.41425129559880164,0.419571329320455,0.42500829897036263,0.4506719781224915,2026-09-01,1.0602,proxy_ma7_eur_l
2020-01-27,1.661,1.1019,0.39821197837089073,GAZOLE,0.4089048565228313,0.413706343500629,0.41861772192958696,0.44389551280807793,2026-09-01,1.0602,proxy_ma7_eur_l
2020-01-28,1.708,1.1008,0.409889049262098,GAZOLE,0.40745077441059685,0.4101709828858787,0.4151368106050377,0.44020441031407,2026-09-01,1.0602,proxy_ma7_eur_l
2020-01-29,1.677,1.1004,0.4025959031303298,GAZOLE,0.4035656435877728,0.4078399043921843,0.4115738099850818,0.4364262616488855,2026-09-01,1.0602,proxy_ma7_eur_l
2020-01-30,1.644,1.1032,0.39367191268745105,GAZOLE,0.4020522883599596,0.40372402780991423,0.4067318186067392,0.43129189171348364,2026-09-01,1.0602,proxy_ma7_eur_l
2020-01-31,1.62,1.1082,0.3861746298684357,GAZOLE,0.39414748189540555,0.3981086946638411,0.4027208663595441,0.42703874233315986,2026-09-01,1.0602,proxy_ma7_eur_l
2020-02-01,1.62,1.1082,0.3861746298684357,GAZOLE,0.38867372414144086,0.39570122496335003,0.39870991411234896,0.422785592952836,2026-09-01,1.0602,proxy_ma7_eur_l
2020-02-02,1.62,1.1082,0.3861746298684357,GAZOLE,0.3861746298684357,0.3909583410846176,0.3946989618651538,0.4185324435725122,2026-09-01,1.0602,proxy_ma7_eur_l
2020-02-03,1.57,1.1062,0.3749323107957811,GAZOLE,0.3824271901775509,0.38542562261770785,0.3913732950687096,0.41500595988416816,2026-09-01,1.0602,proxy_ma7_eur_l
2020-02-04,1.586,1.1043,0.3794049398170999,GAZOLE,0.3801706268271056,0.3825722280436376,0.38701842229085276,0.41038812269363983,2026-09-01,1.0602,proxy_ma7_eur_l
2020-02-05,1.648,1.1006,0.3955620046213234,GAZOLE,0.3832997517447348,0.38444970299421516,0.38601357964670896,0.4093226036832223,2026-09-01,1.0602,proxy_ma7_eur_l
2020-02-06,1.667,1.0979,0.40110648627473666,GAZOLE,0.39202447690438663,0.3874360742754754,0.3870756615877497,0.4104488183252814,2026-09-01,1.0602,proxy_ma7_eur_l
2020-02-07,1.641,1.095,0.39589619901344436,GAZOLE,0.3975215633031681,0.38938038810447706,0.3884644571798938,0.4119214748786608,2026-09-01,1.0602,proxy_ma7_eur_l
2020-02-08,1.641,1.095,0.39589619901344436,GAZOLE,0.3976329614338751,0.39357316574800977,0.3898532527720379,0.41339413143204035,2026-09-01,1.0602,proxy_ma7_eur_l
2020-02-09,1.641,1.095,0.39589619901344436,GAZOLE,0.39589619901344436,0.3968714175872786,0.391242048364182,0.41486678798541987,2026-09-01,1.0602,proxy_ma7_eur_l
2020-02-10,1.611,1.0916,0.38986916118447884,GAZOLE,0.39388718640378917,0.3957328488999097,0.393375884133996,0.41712947318403915,2026-09-01,1.0602,proxy_ma7_eur_l
2020-02-11,1.627,1.0917,0.3937051655094875,GAZOLE,0.39315684190247024,0.3942525847468599,0.39541877351862276,0.41929572029565,2026-09-01,1.0602,proxy_ma7_eur_l
2020-02-12,1.678,1.0893,0.40694088300465714,GAZOLE,0.39683840323287445,0.39646152154510245,0.3970443275733847,0.42101943172241363,2026-09-01,1.0602,proxy_ma7_eur_l
2020-02-13,1.682,1.0848,0.4096030531585597,GAZOLE,0.4034163672242348,0.3992028923741255,0.39825812284250234,0.42230652074230857,2026-09-01,1.0602,proxy_ma7_eur_l
2020-02-14,1.7,1.0839,0.41433018637222274,GAZOLE,0.4102913741784799,0.4028896898458812,0.40089154960804213,0.42509896421351073,2026-09-01,1.0602,proxy_ma7_eur_l
2020-02-15,1.7,1.0839,0.41433018637222274,GAZOLE,0.41275447530100173,0.40778189488343,0.40352497637358187,0.42789140768471284,2026-09-01,1.0602,proxy_ma7_eur_l
2020-02-16,1.7,1.0839,0.41433018637222274,GAZOLE,0.41433018637222274,0.411906899055977,0.4061584031391216,0.43068385115591495,2026-09-01,1.0602,proxy_ma7_eur_l
2020-02-17,1.7,1.0839,0.41433018637222274,GAZOLE,0.41433018637222274,0.4133847597294902,0.40965283530879937,0.4343892909370647,2026-09-01,1.0602,proxy_ma7_eur_l
2020-02-18,1.675,1.0815,0.4091430306980108,GAZOLE,0.41260113448081875,0.4132927552373804,0.4118582446214455,0.4367278715716261,2026-09-01,1.0602,proxy_ma7_eur_l
2020-02-19,1.705,1.0794,0.41728122037302495,GAZOLE,0.41358481248108614,0.4138829620375407,0.41333543567406955,0.4382942612524012,2026-09-01,1.0602,proxy_ma7_eur_l
2020-02-20,1.695,1.0797,0.4147185595508582,GAZOLE,0.41371427020729795,0.4139606366732679,0.41406622230154067,0.43906917566180387,2026-09-01,1.0602,proxy_ma7_eur_l
2020-02-21,1.687,1.0855,0.410555736829292,GAZOLE,0.4141851722510584,0.4132057467646817,0.41352701522397917,0.4384974091319479,2026-09-01,1.0602,proxy_ma7_eur_l
2020-02-22,1.687,1.0855,0.410555736829292,GAZOLE,0.41194334440314734,0.4124508568560956,0.4129878081464176,0.4379256426020918,2026-09-01,1.0602,proxy_ma7_eur_l
2020-02-23,1.687,1.0855,0.410555736829292,GAZOLE,0.410555736829292,0.4127333980823519,0.4124486010688561,0.4373538760722358,2026-09-01,1.0602,proxy_ma7_eur_l
2020-02-24,1.613,1.0857,0.3924744592923398,GAZOLE,0.4045286443169746,0.40777204586621474,0.4093263543431585,0.4340430957616736,2026-09-01,1.0602,proxy_ma7_eur_l
2020-02-25,1.569,1.0868,0.3813819931449529,GAZOLE,0.39480406308886157,0.40110473258503376,0.4053604918355788,0.429837758817471,2026-09-01,1.0602,proxy_ma7_eur_l
2020-02-26,1.506,1.0887,0.3654295130443387,GAZOLE,0.37976198849387716,0.3920794878280431,0.39795310507433795,0.42198308479700075,2026-09-01,1.0602,proxy_ma7_eur_l
2020-02-27,1.48,1.0977,0.356176220725207,GAZOLE,0.3676625756381662,0.3812035846072261,0.38958991381353064,0.41311489102747717,2026-09-01,1.0602,proxy_ma7_eur_l
2020-02-28,1.485,1.1001,0.3565998525150899,GAZOLE,0.3594018620948785,0.37041240774438566,0.3818819303400732,0.4049414690784606,2026-09-01,1.0602,proxy_ma7_eur_l
2020-02-29,1.485,1.1001,0.3565998525150899,GAZOLE,0.35645864191846227,0.3632374863889357,0.37417394686661576,0.3967680471294442,2026-09-01,1.0602,proxy_ma7_eur_l
2020-03-01,1.485,1.1001,0.3565998525150899,GAZOLE,0.3565998525150899,0.3582810582629631,0.36646596339315834,0.3885946251804277,2026-09-01,1.0602,proxy_ma7_eur_l
2020-03-02,1.556,1.1164,0.3681939389728403,GAZOLE,0.3604645480010067,0.35883394344866343,0.3629973176332298,0.3849165288942603,2026-09-01,1.0602,proxy_ma7_eur_l
2020-03-03,1.545,1.1175,0.3652311596360978,GAZOLE,0.36334165037467603,0.36064493123084157,0.36069005570339335,0.38246994537933793,2026-09-01,1.0602,proxy_ma7_eur_l
2020-03-04,1.553,1.113,0.36860664628230416,GAZOLE,0.3673439149637474,0.3630462899842844,0.36114393188024557,0.3829512283917878,2026-09-01,1.0602,proxy_ma7_eur_l
2020-03-05,1.502,1.1202,0.3542103397981958,GAZOLE,0.36268271523886586,0.3625683874409056,0.3608630917478154,0.38265343002332036,2026-09-01,1.0602,proxy_ma7_eur_l
2020-03-06,1.405,1.1319,0.32791035741955876,GAZOLE,0.35024244783335295,0.3568304884217993,0.3567645924484538,0.37830744715415826,2026-09-01,1.0602,proxy_ma7_eur_l
2020-03-07,1.405,1.1319,0.32791035741955876,GAZOLE,0.33667701821243784,0.348773772111143,0.3526660931490922,0.3739614642849961,2026-09-01,1.0602,proxy_ma7_eur_l
2020-03-08,1.405,1.1319,0.32791035741955876,GAZOLE,0.32791035741955876,0.34130961166783524,0.34856759384973063,0.369615481415834,2026-09-01,1.0602,proxy_ma7_eur_l
2020-03-09,1.182,1.142,0.2734250139118489,GAZOLE,0.30974857625032215,0.3222732851937442,0.3350291759838747,0.35525956042550144,2026-09-01,1.0602,proxy_ma7_eur_l
2020-03-10,1.272,1.1342,0.29626772227082065,GAZOLE,0.29920103120074276,0.3106847616882692,0.3251772563602637,0.34481274299668174,2026-09-01,1.0602,proxy_ma7_eur_l
2020-03-11,1.247,1.128,0.29204126710160566,GAZOLE,0.2872446677614251,0.30351094362467856,0.31423934504873535,0.3332143574140073,2026-09-01,1.0602,proxy_ma7_eur_l
2020-03-12,1.15,1.1081,0.2741610506379123,GAZOLE,0.28749001333677954,0.29276108226834924,0.30280373231155194,0.32108821722852215,2026-09-01,1.0602,proxy_ma7_eur_l
2020-03-13,1.175,1.1066,0.280500778529572,GAZOLE,0.28223436542303,0.2832791664903519,0.29603093532726815,0.31390645202129247,2026-09-01,1.0602,proxy_ma7_eur_l
2020-03-14,1.175,1.1066,0.280500778529572,GAZOLE,0.2783875358990187,0.28469431941389656,0.2892581383429843,0.3067246868140628,2026-09-01,1.0602,proxy_ma7_eur_l
2020-03-15,1.175,1.1066,0.280500778529572,GAZOLE,0.280500778529572,0.2815409306656468,0.2824853413587005,0.2995429216068331,2026-09-01,1.0602,proxy_ma7_eur_l
2020-03-16,1.042,1.1139,0.2471202788016794,GAZOLE,0.2693739452869411,0.2725567330056616,0.2787275220572477,0.2955581903389603,2026-09-01,1.0602,proxy_ma7_eur_l
2020-03-17,1.045,1.0971,0.251626829563636,GAZOLE,0.25974929563162913,0.26804988879080627,0.272350251670507,0.2887958351868911,2026-09-01,1.0602,proxy_ma7_eur_l
2020-03-18,0.996,1.0833,0.24288319408170944,GAZOLE,0.24721010081567493,0.26052637190123373,0.26532766981052186,0.2813492021069396,2026-09-01,1.0602,proxy_ma7_eur_l
2020-03-19,1.05,1.0699,0.25925848675208507,GAZOLE,0.25125617013247686,0.25627791354573637,0.2631987321125466,0.27909171074507566,2026-09-01,1.0602,proxy_ma7_eur_l
2020-03-20,1.021,1.0682,0.25249921873962694,GAZOLE,0.2515469665244738,0.2506776015877474,0.25919850928541155,0.27484993866955815,2026-09-01,1.0602,proxy_ma7_eur_l
2020-03-21,1.021,1.0682,0.25249921873962694,GAZOLE,0.25475230807711297,0.2517533895753369,0.2551982864582765,0.2706081665940406,2026-09-01,1.0602,proxy_ma7_eur_l
2020-03-22,1.021,1.0682,0.25249921873962694,GAZOLE,0.25249921873962694,0.2519278674105351,0.25119806363114155,0.2663663945185231,2026-09-01,1.0602,proxy_ma7_eur_l
2020-03-23,1.04,1.076,0.2553335822049018,GAZOLE,0.2534440065613852,0.2544179450351735,0.2523713926887447,0.2676105738172796,2026-09-01,1.0602,proxy_ma7_eur_l
2020-03-24,1.087,1.0794,0.26603207422022174,GAZOLE,0.25795495838825017,0.25577266252880093,0.25442928478254273,0.2697927295608766,2026-09-01,1.0602,proxy_ma7_eur_l
2020-03-25,1.093,1.0835,0.26648828170508193,GAZOLE,0.26261797937673514,0.2585704751218919,0.2578014401573102,0.2733685089914539,2026-09-01,1.0602,proxy_ma7_eur_l
2020-03-26,1.069,1.1025,0.25614505575588264,GAZOLE,0.2628884705603954,0.259299642525143,0.2573566643007098,0.2728968758125234,2026-09-01,1.0602,proxy_ma7_eur_l
2020-03-27,1.085,1.1059,0.2591795612700886,GAZOLE,0.2606042995770177,0.26063571103123534,0.25831099894791865,0.27390883695373025,2026-09-01,1.0602,proxy_ma7_eur_l
2020-03-28,1.085,1.1059,0.2591795612700886,GAZOLE,0.2581680594320199,0.2614049068442727,0.2592653335951275,0.27492079809493714,2026-09-01,1.0602,proxy_ma7_eur_l
2020-03-29,1.085,1.1059,0.2591795612700886,GAZOLE,0.2591795612700886,0.26003440425424607,0.2602196682423363,0.27593275923614397,2026-09-01,1.0602,proxy_ma7_eur_l
2020-03-30,1.043,1.1018,0.25007392504043274,GAZOLE,0.2561443491935366,0.25675153292131625,0.2594682886474121,0.27513600837460617,2026-09-01,1.0602,proxy_ma7_eur_l
2020-03-31,1.02,1.1016,0.2446037521834708,GAZOLE,0.25128574616466404,0.2544432722068339,0.25640709978501913,0.27188997284220967,2026-09-01,1.0602,proxy_ma7_eur_l
2020-04-01,0.95,1.0934,0.22952574514380922,GAZOLE,0.24140114078923758,0.248512508981578,0.25112673741912306,0.2662907613482056,2026-09-01,1.0602,proxy_ma7_eur_l
2020-04-02,1.005,1.0862,0.24442359843485464,GAZOLE,0.23951769858737823,0.24556131641453122,0.24945224351611903,0.26451515489193383,2026-09-01,1.0602,proxy_ma7_eur_l
2020-04-03,1.108,1.0797,0.27109626193649017,GAZOLE,0.24834853517171798,0.24794465654781153,0.251154629325605,0.2663203374781266,2026-09-01,1.0602,proxy_ma7_eur_l
2020-04-04,1.108,1.0797,0.27109626193649017,GAZOLE,0.26220537410261163,0.252149123927023,0.2528570151350909,0.2681255200643193,2026-09-01,1.0602,proxy_ma7_eur_l
2020-04-05,1.108,1.0797,0.27109626193649017,GAZOLE,0.27109626193649017,0.2574476258776269,0.2545594009445768,0.26993070265051194,2026-09-01,1.0602,proxy_ma7_eur_l
2020-04-06,1.06,1.0808,0.2590880602328251,GAZOLE,0.2670935280352685,0.26336008889543006,0.25584713454349,0.2712961946884862,2026-09-01,1.0602,proxy_ma7_eur_l
2020-04-07,1.024,1.0886,0.24849548191690612,GAZOLE,0.2595599346954071,0.2641744655918403,0.2564030959339808,0.2718857272228372,2026-09-01,1.0602,proxy_ma7_eur_l
2020-04-08,1.026,1.0864,0.24948501999213943,GAZOLE,0.25235618738062354,0.25985221720297014,0.25925442091231365,0.27490922646124843,2026-09-01,1.0602,proxy_ma7_eur_l
2020-04-09,0.993,1.0931,0.23998064952121617,GAZOLE,0.24598705047675387,0.2536290947199154,0.25861971392465105,0.27423619335965715,2026-09-01,1.0602,proxy_ma7_eur_l
2020-04-10,0.993,1.0951,0.23954236872581625,GAZOLE,0.24300267941305728,0.24731831607778063,0.25411201489455476,0.26945630166437523,2026-09-01,1.0602,proxy_ma7_eur_l
2020-04-11,0.993,1.0951,0.23954236872581625,GAZOLE,0.23968846232428287,0.24340917777637885,0.2496043158644585,0.26467640996909336,2026-09-01,1.0602,proxy_ma7_eur_l
2020-04-12,0.993,1.0951,0.23954236872581625,GAZOLE,0.23954236872581625,0.24161855513816088,0.2450966168343622,0.2598965182738114,2026-09-01,1.0602,proxy_ma7_eur_l
2020-04-13,1.007,1.0906,0.2439219298777328,GAZOLE,0.24100222244312175,0.2405059371152795,0.24293002678363476,0.25759910096147337,2026-09-01,1.0602,proxy_ma7_eur_l
2020-04-14,0.962,1.0971,0.23164115793322285,GAZOLE,0.23836848551225728,0.23883803879768087,0.24052226621453712,0.25504595030265237,2026-09-01,1.0602,proxy_ma7_eur_l
2020-04-15,0.925,1.0909,0.22399775270995262,GAZOLE,0.23318694684030275,0.23572911559450818,0.23688122803136763,0.2511850518580718,2026-09-01,1.0602,proxy_ma7_eur_l
2020-04-16,0.953,1.084,0.2322472010122836,GAZOLE,0.22929537055181967,0.23427008205180164,0.23577644967294867,0.250013562620375,2026-09-01,1.0602,proxy_ma7_eur_l
2020-04-17,0.967,1.0883,0.2347279009742989,GAZOLE,0.23032428489884502,0.23330718850149818,0.23508866856558905,0.24928425057418682,2026-09-01,1.0602,proxy_ma7_eur_l
2020-04-18,0.967,1.0883,0.2347279009742989,GAZOLE,0.23390100098696046,0.23146838272081136,0.23440088745822943,0.24855493852799865,2026-09-01,1.0602,proxy_ma7_eur_l
2020-04-19,0.967,1.0883,0.2347279009742989,GAZOLE,0.2347279009742989,0.2320857313290266,0.23371310635086978,0.24782562648181042,2026-09-01,1.0602,proxy_ma7_eur_l
2020-04-20,0.9,1.0874,0.21864525208969432,GAZOLE,0.22936701801276405,0.2310152312049749,0.23010215238115,0.24399662885426915,2026-09-01,1.0602,proxy_ma7_eur_l
2020-04-21,0.753,1.0854,0.18327027402403334,GAZOLE,0.21221447569600885,0.2212198458073249,0.22319202610840866,0.2366692418739276,2026-09-01,1.0602,proxy_ma7_eur_l
2020-04-22,0.756,1.0829,0.18442522078009072,GAZOLE,0.19544691563127278,0.21115930976848324,0.21753880726128552,0.23067465935221076,2026-09-01,1.0602,proxy_ma7_eur_l
2020-04-23,0.735,1.0815,0.17953440451524652,GAZOLE,0.18240996643979016,0.20012061047667276,0.2100084077617088,0.22268954459857268,2026-09-01,1.0602,proxy_ma7_eur_l
2020-04-24,0.677,1.0798,0.16562741197116734,GAZOLE,0.1765290124221682,0.18630051267604647,0.20013690933269,0.21222196611877175,2026-09-01,1.0602,proxy_ma7_eur_l
2020-04-25,0.677,1.0798,0.16562741197116734,GAZOLE,0.17026307615252703,0.17569694465234104,0.19026541090367122,0.20175438763897083,2026-09-01,1.0602,proxy_ma7_eur_l
2020-04-26,0.677,1.0798,0.16562741197116734,GAZOLE,0.16562741197116734,0.17216837224176787,0.1803939124746524,0.1912868091591699,2026-09-01,1.0602,proxy_ma7_eur_l
2020-04-27,0.602,1.0829,0.14685712025081296,GAZOLE,0.15937064806438253,0.16465475213591232,0.17013846506909794,0.18041209734768432,2026-09-01,1.0602,proxy_ma7_eur_l
2020-04-28,0.621,1.0836,0.15139428249760997,GAZOLE,0.15462627157319672,0.159026727732385,0.1655847519938946,0.17558341309757453,2026-09-01,1.0602,proxy_ma7_eur_l
2020-04-29,0.69,1.0853,0.167952378261423,GAZOLE,0.1554012603366153,0.15949172099043613,0.1632314887769421,0.17308805055619308,2026-09-01,1.0602,proxy_ma7_eur_l
2020-04-30,0.757,1.0934,0.182895777972488,GAZOLE,0.16741414624384032,0.16294539419070025,0.16371168498511943,0.1735972429073789,2026-09-01,1.0602,proxy_ma7_eur_l
2020-05-01,0.792,1.0998,0.1902384665099596,GAZOLE,0.18036220758129018,0.16786760509845872,0.16722754991923258,0.17732540964790358,2026-09-01,1.0602,proxy_ma7_eur_l
2020-05-02,0.792,1.0998,0.1902384665099596,GAZOLE,0.18779090366413573,0.176543874350288,0.17074341485334577,0.1810535763884283,2026-09-01,1.0602,proxy_ma7_eur_l
2020-05-03,0.792,1.0998,0.1902384665099596,GAZOLE,0.1902384665099596,0.18431271115275796,0.17425927978745898,0.18478174312895304,2026-09-01,1.0602,proxy_ma7_eur_l
2020-05-04,0.815,1.0911,0.19732400574822745,GAZOLE,0.19260031292271554,0.19018703665011885,0.1814688348585182,0.19242663960068965,2026-09-01,1.0602,proxy_ma7_eur_l
2020-05-05,0.887,1.0844,0.21608318926750059,GAZOLE,0.20121522050856253,0.19682451890912137,0.19071010725421683,0.20222593651095705,2026-09-01,1.0602,proxy_ma7_eur_l
2020-05-06,0.816,1.0806,0.19948583631709155,GAZOLE,0.20429767711093985,0.19867399287054774,0.1952148869764552,0.20700273261904628,2026-09-01,1.0602,proxy_ma7_eur_l
2020-05-07,0.83,1.0815,0.20273953162946207,GAZOLE,0.2061028524046847,0.20117420589444826,0.1980497089274515,0.21000873231217143,2026-09-01,1.0602,proxy_ma7_eur_l
2020-05-08,0.889,1.0854,0.2163708812846821,GAZOLE,0.20619874974374522,0.20640068884939272,0.20178291103812615,0.2139673599060908,2026-09-01,1.0602,proxy_ma7_eur_l
2020-05-09,0.889,1.0854,0.2163708812846821,GAZOLE,0.2118270980662754,0.21021006395668368,0.20551611314880078,0.21792598750001016,2026-09-01,1.0602,proxy_ma7_eur_l
2020-05-10,0.889,1.0854,0.2163708812846821,GAZOLE,0.2163708812846821,0.21026760236012,0.2092493152594754,0.22188461509392948,2026-09-01,1.0602,proxy_ma7_eur_l
2020-05-11,0.867,1.0818,0.2117185888283552,GAZOLE,0.21482011713257312,0.21271415286237275,0.21130568427092225,0.2240651557854494,2026-09-01,1.0602,proxy_ma7_eur_l
2020-05-12,0.817,1.0864,0.19866399740114804,GAZOLE,0.20891782250472843,0.21189904601670992,0.20881722829001476,0.22142643700724376,2026-09-01,1.0602,proxy_ma7_eur_l
2020-05-13,0.825,1.0837,0.20110911063529796,GAZOLE,0.2038305656216004,0.20884669188683308,0.20904912462118705,0.22167233615448856,2026-09-01,1.0602,proxy_ma7_eur_l
2020-05-14,0.861,1.08,0.21060383062996832,GAZOLE,0.2034589795554714,0.20769328175589036,0.2101725959069737,0.22286364707231276,2026-09-01,1.0602,proxy_ma7_eur_l
2020-05-15,0.882,1.0816,0.21542136666039843,GAZOLE,0.20904476930855487,0.2075033788310336,0.21003695096064745,0.22271981134856036,2026-09-01,1.0602,proxy_ma7_eur_l
2020-05-16,0.882,1.0816,0.21542136666039843,GAZOLE,0.21381552131692172,0.2082439343974422,0.2099013060143212,0.222575975624808,2026-09-01,1.0602,proxy_ma7_eur_l
2020-05-17,0.882,1.0816,0.21542136666039843,GAZOLE,0.21542136666039843,0.2115954082492923,0.209765661067995,0.22243213990105568,2026-09-01,1.0602,proxy_ma7_eur_l
2020-05-18,0.98,1.0904,0.23742535886920896,GAZOLE,0.2227560307300019,0.2188586578960745,0.21343805678811695,0.22632628937447888,2026-09-01,1.0602,proxy_ma7_eur_l
2020-05-19,0.931,1.0937,0.2248735309000971,GAZOLE,0.22590675214323483,0.2217125979501003,0.21718227585939537,0.23029659917658155,2026-09-01,1.0602,proxy_ma7_eur_l
2020-05-20,0.951,1.098,0.22880475573096457,GAZOLE,0.23036788183342352,0.2243892757642135,0.22113879658734775,0.23449203024761878,2026-09-01,1.0602,proxy_ma7_eur_l
2020-05-21,0.951,1.0953,0.22936877731452493,GAZOLE,0.22768235464852885,0.22717875789503877,0.22381950325657013,0.23733460856976313,2026-09-01,1.0602,proxy_ma7_eur_l
2020-05-22,0.94,1.0894,0.22794357372559163,GAZOLE,0.22870570225702702,0.2296831993080774,0.22560838998016913,0.23923151533679463,2026-09-01,1.0602,proxy_ma7_eur_l
2020-05-23,0.94,1.0894,0.22794357372559163,GAZOLE,0.2284186415885694,0.22778684227935395,0.2273972767037682,0.24112842210382618,2026-09-01,1.0602,proxy_ma7_eur_l
2020-05-24,0.94,1.0894,0.22794357372559163,GAZOLE,0.22794357372559163,0.22840085084445289,0.22918616342736722,0.2430253288708577,2026-09-01,1.0602,proxy_ma7_eur_l
2020-05-25,0.94,1.0894,0.22794357372559163,GAZOLE,0.22794357372559163,0.22822861444337827,0.2278316226925647,0.24158899561835454,2026-09-01,1.0602,proxy_ma7_eur_l
2020-05-26,0.95,1.097,0.22877251571580767,GAZOLE,0.2282198877223303,0.22810936212363483,0.22838862052338052,0.24217962717738958,2026-09-01,1.0602,proxy_ma7_eur_l
2020-05-27,0.923,1.0969,0.22229082352682195,GAZOLE,0.22633563765607376,0.22697881208388088,0.22745805877993158,0.24119287444173418,2026-09-01,1.0602,proxy_ma7_eur_l
2020-05-28,0.882,1.1069,0.2104975609177766,GAZOLE,0.2205203000534687,0.22348960952231792,0.22476217072325325,0.2383341980200186,2026-09-01,1.0602,proxy_ma7_eur_l
2020-05-29,0.955,1.1107,0.22713992077251438,GAZOLE,0.21997610173903762,0.22332887893170245,0.22464736315852793,0.23821245792124043,2026-09-01,1.0602,proxy_ma7_eur_l
2020-05-30,0.955,1.1107,0.22713992077251438,GAZOLE,0.22159246748760175,0.223168148341087,0.2245325555938026,0.2380907178224623,2026-09-01,1.0602,proxy_ma7_eur_l
2020-05-31,0.955,1.1107,0.22713992077251438,GAZOLE,0.22713992077251438,0.22284162935242832,0.22441774802907727,0.2379689777236841,2026-09-01,1.0602,proxy_ma7_eur_l
2020-06-01,0.956,1.1123,0.22705068961106703,GAZOLE,0.22711017705203193,0.22379360256927736,0.22429019315557377,0.23783372058329358,2026-09-01,1.0602,proxy_ma7_eur_l
2020-06-02,1.025,1.1166,0.24250076452364508,GAZOLE,0.23223045830240882,0.23019424329045104,0.2262513715566934,0.23991332267959362,2026-09-01,1.0602,proxy_ma7_eur_l
2020-06-03,1.015,1.1246,0.23842667005470444,GAZOLE,0.23599270806313885,0.23245159314688904,0.22855649248924803,0.24235763591536505,2026-09-01,1.0602,proxy_ma7_eur_l
2020-06-04,1.034,1.1322,0.24125940835393522,GAZOLE,0.2407289476440949,0.23527549066317324,0.23295104212298498,0.24701754580698768,2026-09-01,1.0602,proxy_ma7_eur_l
2020-06-05,1.099,1.1297,0.25699308271364535,GAZOLE,0.245559720374095,0.24124612305139942,0.23721577954314657,0.2515398049110417,2026-09-01,1.0602,proxy_ma7_eur_l
2020-06-06,1.099,1.1297,0.25699308271364535,GAZOLE,0.2517485245937419,0.24723460167191508,0.2414805169633081,0.2560620640150957,2026-09-01,1.0602,proxy_ma7_eur_l
2020-06-07,1.099,1.1297,0.25699308271364535,GAZOLE,0.25699308271364535,0.25013306530991514,0.2457452543834697,0.2605843231191497,2026-09-01,1.0602,proxy_ma7_eur_l
2020-06-08,1.076,1.1293,0.2517038239062851,GAZOLE,0.2552299964445252,0.25278849608023124,0.249267130711358,0.26431886424514045,2026-09-01,1.0602,proxy_ma7_eur_l
2020-06-09,1.107,1.1348,0.25770044233386524,GAZOLE,0.25546578298459854,0.2560767028762173,0.2514385132556752,0.2666213634407534,2026-09-01,1.0602,proxy_ma7_eur_l
2020-06-10,1.119,1.1355,0.26033335674924535,GAZOLE,0.2565792076631319,0.25674475768333727,0.2545680399263239,0.26993986328808617,2026-09-01,1.0602,proxy_ma7_eur_l
2020-06-11,1.041,1.1378,0.24169722842752023,GAZOLE,0.2532436758368769,0.25368558682611225,0.2546305856511217,0.27000618577069657,2026-09-01,1.0602,proxy_ma7_eur_l
2020-06-12,1.102,1.1253,0.2587022142528034,GAZOLE,0.2535775998098563,0.25402741313394384,0.2548747472995729,0.27026509086350475,2026-09-01,1.0602,proxy_ma7_eur_l
2020-06-13,1.102,1.1253,0.2587022142528034,GAZOLE,0.2530338856443756,0.2554270912032475,0.255118908948024,0.2705239959563128,2026-09-01,1.0602,proxy_ma7_eur_l
2020-06-14,1.102,1.1253,0.2587022142528034,GAZOLE,0.2587022142528034,0.25562744558703515,0.2553630705964752,0.2707829010491209,2026-09-01,1.0602,proxy_ma7_eur_l
2020-06-15,1.128,1.127,0.26440645524400297,GAZOLE,0.2606036279165366,0.2564420652859866,0.25717773221614915,0.2727071391022194,2026-09-01,1.0602,proxy_ma7_eur_l
2020-06-16,1.184,1.1259,0.27780416554938075,GAZOLE,0.2669709450153957,0.2636634527103588,0.2600496926755085,0.27575251987347654,2026-09-01,1.0602,proxy_ma7_eur_l
2020-06-17,1.187,1.1219,0.27950104835468603,GAZOLE,0.27390388971602325,0.2678232195307353,0.26278793433342856,0.27865610737410157,2026-09-01,1.0602,proxy_ma7_eur_l
2020-06-18,1.206,1.1216,0.28405090508552694,GAZOLE,0.2804520396631979,0.27289295769728,0.2688384595702867,0.2850719872140504,2026-09-01,1.0602,proxy_ma7_eur_l
2020-06-19,1.21,1.1189,0.28568074300952684,GAZOLE,0.2830775654832466,0.2782886634486247,0.27269253510696145,0.2891587870486763,2026-09-01,1.0602,proxy_ma7_eur_l
2020-06-20,1.21,1.1189,0.28568074300952684,GAZOLE,0.28513746370152687,0.28254352100172947,0.2765466106436362,0.29324558688330227,2026-09-01,1.0602,proxy_ma7_eur_l
2020-06-21,1.21,1.1189,0.28568074300952684,GAZOLE,0.28568074300952684,0.2841188364937587,0.28040068618031105,0.2973323867179282,2026-09-01,1.0602,proxy_ma7_eur_l
2020-06-22,1.225,1.126,0.2873985471924795,GAZOLE,0.28625334440384437,0.28569833626131735,0.2836852707443791,0.3008153074665002,2026-09-01,1.0602,proxy_ma7_eur_l
2020-06-23,1.205,1.1322,0.28115820799467306,GAZOLE,0.2847458327322265,0.2851197968431466,0.2841644196651351,0.3013233892909152,2026-09-01,1.0602,proxy_ma7_eur_l
2020-06-24,1.159,1.1272,0.2716247415570387,GAZOLE,0.2800604989147304,0.28230859655264895,0.28303923297975697,0.30013025939089927,2026-09-01,1.0602,proxy_ma7_eur_l
2020-06-25,1.169,1.1221,0.27521355423462746,GAZOLE,0.27599883459544644,0.2802151587976691,0.28177675428677135,0.2987915472497864,2026-09-01,1.0602,proxy_ma7_eur_l
2020-06-26,1.13,1.1215,0.2661742480291643,GAZOLE,0.27100418127361015,0.27631385980159656,0.2789901121467195,0.29583663665481885,2026-09-01,1.0602,proxy_ma7_eur_l
2020-06-27,1.13,1.1215,0.2661742480291643,GAZOLE,0.269187350097652,0.2720689999689336,0.27620347000666773,0.29288172605985147,2026-09-01,1.0602,proxy_ma7_eur_l
2020-06-28,1.13,1.1215,0.2661742480291643,GAZOLE,0.2661742480291643,0.2690722079758318,0.2734168278666159,0.2899268154648839,2026-09-01,1.0602,proxy_ma7_eur_l
2020-06-29,1.171,1.1237,0.2752918691033121,GAZOLE,0.2692134550538802,0.26980563348508646,0.2716873024253063,0.28809285444874255,2026-09-01,1.0602,proxy_ma7_eur_l
2020-06-30,1.179,1.1237,0.27717259920820236,GAZOLE,0.27287957211355957,0.27019744247980143,0.2711179297415248,0.28748910079426016,2026-09-01,1.0602,proxy_ma7_eur_l
2020-07-01,1.2,1.1259,0.2815582758946426,GAZOLE,0.27800758140205234,0.27327424805289713,0.2725370060754682,0.2889938665601863,2026-09-01,1.0602,proxy_ma7_eur_l
2020-07-02,1.225,1.1237,0.2879867973113214,GAZOLE,0.2822392241380554,0.27763675790932857,0.27436175508642446,0.29092880112108066,2026-09-01,1.0602,proxy_ma7_eur_l
2020-07-03,1.225,1.1237,0.2879867973113214,GAZOLE,0.2858439568390951,0.28199926776575995,0.27747783355530403,0.29423304071112405,2026-09-01,1.0602,proxy_ma7_eur_l
2020-07-04,1.225,1.1237,0.2879867973113214,GAZOLE,0.2879867973113214,0.28453825340736183,0.28059391202418366,0.2975372803011675,2026-09-01,1.0602,proxy_ma7_eur_l
2020-07-05,1.225,1.1237,0.2879867973113214,GAZOLE,0.2879867973113214,0.2867010930279856,0.2837099904930632,0.3008415198912109,2026-09-01,1.0602,proxy_ma7_eur_l
2020-07-06,1.251,1.1307,0.29227844476876597,GAZOLE,0.2894173464638029,0.2888451268028103,0.28613664415955664,0.303414704487244,2026-09-01,1.0602,proxy_ma7_eur_l
2020-07-07,1.241,1.1299,0.2901473731980372,GAZOLE,0.2901375384260415,0.2892772419801534,0.28799018330096166,0.3053801676403358,2026-09-01,1.0602,proxy_ma7_eur_l
2020-07-08,1.242,1.1329,0.2896122244053494,GAZOLE,0.29067934745738416,0.2896023273989591,0.28914074737391976,0.3066002073147913,2026-09-01,1.0602,proxy_ma7_eur_l
2020-07-09,1.221,1.1298,0.28549661526756887,GAZOLE,0.2884187376236518,0.2891042909902085,0.28878500708195504,0.3062229860194284,2026-09-01,1.0602,proxy_ma7_eur_l
2020-07-10,1.238,1.1318,0.28896006433944843,GAZOLE,0.28802296800412225,0.289298944395834,0.28892404522883036,0.3063704198385763,2026-09-01,1.0602,proxy_ma7_eur_l
2020-07-11,1.238,1.1318,0.28896006433944843,GAZOLE,0.28780558131548856,0.28863526830997044,0.28906308337570563,0.30651785365772427,2026-09-01,1.0602,proxy_ma7_eur_l
2020-07-12,1.238,1.1318,0.28896006433944843,GAZOLE,0.28896006433944843,0.28839780653825275,0.28920212152258096,0.3066652874768722,2026-09-01,1.0602,proxy_ma7_eur_l
2020-07-13,1.216,1.1364,0.2826761841495147,GAZOLE,0.28686543760947053,0.28701059848708577,0.287830370005545,0.30521070418715107,2026-09-01,1.0602,proxy_ma7_eur_l
2020-07-14,1.215,1.1406,0.2814036854420045,GAZOLE,0.28434664464365583,0.2861920125219729,0.28658127175468323,0.30388618045208754,2026-09-01,1.0602,proxy_ma7_eur_l
2020-07-15,1.243,1.1406,0.2878887086456063,GAZOLE,0.2839895260790418,0.2859777413832044,0.2863350552175771,0.3036250963883341,2026-09-01,1.0602,proxy_ma7_eur_l
2020-07-16,1.231,1.1433,0.28443610290639443,GAZOLE,0.28457616566466837,0.28507294909659364,0.28618355345169505,0.3034644463476537,2026-09-01,1.0602,proxy_ma7_eur_l
2020-07-17,1.224,1.1438,0.28269504466372936,GAZOLE,0.2850066187385767,0.2838199451614498,0.28528855064087805,0.3025153997333799,2026-09-01,1.0602,proxy_ma7_eur_l
2020-07-18,1.224,1.1438,0.28269504466372936,GAZOLE,0.2832753974112843,0.2838237172642928,0.28439354783006104,0.30156635311910607,2026-09-01,1.0602,proxy_ma7_eur_l
2020-07-19,1.224,1.1438,0.28269504466372936,GAZOLE,0.28269504466372936,0.28408198910863774,0.283498545019244,0.30061730650483226,2026-09-01,1.0602,proxy_ma7_eur_l
2020-07-20,1.239,1.1442,0.2860594064601869,GAZOLE,0.2838164985958818,0.2837161286715539,0.28398186249219715,0.3011298085950847,2026-09-01,1.0602,proxy_ma7_eur_l
2020-07-21,1.281,1.1495,0.29439269166662735,GAZOLE,0.28771571426351455,0.28570744642360046,0.2858374348100004,0.3030974276957933,2026-09-01,1.0602,proxy_ma7_eur_l
2020-07-22,1.279,1.1587,0.29159925344443927,GAZOLE,0.2906837838570845,0.2874882881797425,0.28636751263840515,0.30365951371638344,2026-09-01,1.0602,proxy_ma7_eur_l
2020-07-23,1.26,1.1623,0.2863776873193384,GAZOLE,0.29078987747680163,0.2882248167108642,0.28664488184025433,0.3039536315657771,2026-09-01,1.0602,proxy_ma7_eur_l
2020-07-24,1.262,1.1635,0.2865364246463114,GAZOLE,0.288171121803363,0.28899309270738066,0.2871936504091946,0.30453553694761293,2026-09-01,1.0602,proxy_ma7_eur_l
2020-07-25,1.262,1.1635,0.2865364246463114,GAZOLE,0.28648351220398705,0.28908849634460554,0.28774241897813485,0.3051174423294488,2026-09-01,1.0602,proxy_ma7_eur_l
2020-07-26,1.262,1.1635,0.2865364246463114,GAZOLE,0.2865364246463114,0.2875172429405424,0.28829118754707517,0.3056993477112847,2026-09-01,1.0602,proxy_ma7_eur_l
2020-07-27,1.264,1.175,0.28418168015378686,GAZOLE,0.2857515098154699,0.28603372828241186,0.2880229409318752,0.30541490330634086,2026-09-01,1.0602,proxy_ma7_eur_l
2020-07-28,1.249,1.1733,0.2812161368749062,GAZOLE,0.2839780805583348,0.2850014181935254,0.2861405759616293,0.30341887370704973,2026-09-01,1.0602,proxy_ma7_eur_l
2020-07-29,1.264,1.177,0.2836987885987252,GAZOLE,0.2830322018758061,0.2844338909840082,0.28501193812652725,0.30222208426326336,2026-09-01,1.0602,proxy_ma7_eur_l
2020-07-30,1.219,1.1791,0.2731114679200941,GAZOLE,0.27934213113124184,0.28174889963876476,0.2831167639266352,0.3002124719624654,2026-09-01,1.0602,proxy_ma7_eur_l
2020-07-31,1.215,1.1822,0.27150147489016274,GAZOLE,0.2761039104696607,0.27874190968753504,0.2809689139614711,0.29793492633604857,2026-09-01,1.0602,proxy_ma7_eur_l
2020-08-01,1.215,1.1822,0.27150147489016274,GAZOLE,0.2720381392334732,0.2762058686348102,0.278821063996307,0.29565738070963166,2026-09-01,1.0602,proxy_ma7_eur_l
2020-08-02,1.215,1.1822,0.27150147489016274,GAZOLE,0.27150147489016274,0.2742629362378615,0.2766732140311429,0.2933798350832148,2026-09-01,1.0602,proxy_ma7_eur_l
2020-08-03,1.238,1.175,0.2783361709101172,GAZOLE,0.27377970689681425,0.27319041270013994,0.2758381412820473,0.292494337344411,2026-09-01,1.0602,proxy_ma7_eur_l
2020-08-04,1.254,1.1766,0.28155002010633867,GAZOLE,0.27712922196887285,0.2748781231373888,0.2758858388865376,0.2925449151185849,2026-09-01,1.0602,proxy_ma7_eur_l
2020-08-05,1.262,1.1898,0.2802026643771922,GAZOLE,0.2800296184645494,0.2766183610347947,0.2753863925691758,0.29201531026061683,2026-09-01,1.0602,proxy_ma7_eur_l
2020-08-06,1.244,1.1856,0.27718457585487233,GAZOLE,0.27964575344613435,0.2777549812277366,0.27596826513128697,0.2926323185854357,2026-09-01,1.0602,proxy_ma7_eur_l
2020-08-07,1.214,1.1776,0.27233769663959934,GAZOLE,0.27657497895722133,0.27792222557762397,0.27608772538120646,0.29275899231691027,2026-09-01,1.0602,proxy_ma7_eur_l
2020-08-08,1.214,1.1776,0.27233769663959934,GAZOLE,0.27395332304469033,0.2767225307235204,0.276207185631126,0.2928856660483849,2026-09-01,1.0602,proxy_ma7_eur_l
2020-08-09,1.214,1.1776,0.27233769663959934,GAZOLE,0.27233769663959934,0.27488006603017257,0.2763266458810455,0.29301233977985947,2026-09-01,1.0602,proxy_ma7_eur_l
2020-08-10,1.225,1.1756,0.2752728514279788,GAZOLE,0.2733160815690591,0.27389410344032983,0.2758890288121686,0.29254829766452023,2026-09-01,1.0602,proxy_ma7_eur_l
2020-08-11,1.225,1.1764,0.27508565465720153,GAZOLE,0.2742320675749266,0.2734743192007957,0.2749655480337204,0.29156905347049017,2026-09-01,1.0602,proxy_ma7_eur_l
2020-08-12,1.246,1.1796,0.27904236795375803,GAZOLE,0.27646695801297944,0.2748152534636274,0.2747997914018013,0.2913932877986788,2026-09-01,1.0602,proxy_ma7_eur_l
2020-08-13,1.225,1.1818,0.2738287054820882,GAZOLE,0.2759855760310159,0.27511345523212516,0.27432038134854636,0.29088492907355357,2026-09-01,1.0602,proxy_ma7_eur_l
2020-08-14,1.224,1.1833,0.2732583386177416,GAZOLE,0.27537647068452925,0.27529758362775364,0.27445190163113814,0.2910243910700898,2026-09-01,1.0602,proxy_ma7_eur_l
2020-08-15,1.224,1.1833,0.2732583386177416,GAZOLE,0.2734484609058571,0.2748946810657062,0.27458342191372986,0.29116385306662596,2026-09-01,1.0602,proxy_ma7_eur_l
2020-08-16,1.224,1.1833,0.2732583386177416,GAZOLE,0.2732583386177416,0.27452921785781426,0.27471494219632164,0.2913033150631622,2026-09-01,1.0602,proxy_ma7_eur_l
2020-08-17,1.218,1.1869,0.27109407681542236,GAZOLE,0.27253691801696855,0.27293955963014704,0.27411797439452784,0.29067029998848803,2026-09-01,1.0602,proxy_ma7_eur_l
2020-08-18,1.235,1.1928,0.273518179629706,GAZOLE,0.2726235316876233,0.27287745445967065,0.2738940493905999,0.29043285350869985,2026-09-01,1.0602,proxy_ma7_eur_l
2020-08-19,1.229,1.1898,0.2728756533435573,GAZOLE,0.2724959699295619,0.27280091740483375,0.27301309016057124,0.28949869848207066,2026-09-01,1.0602,proxy_ma7_eur_l
2020-08-20,1.229,1.1862,0.2737038040365575,GAZOLE,0.2733658790032736,0.27289001048859696,0.272995247096924,0.2894797779837906,2026-09-01,1.0602,proxy_ma7_eur_l
2020-08-21,1.203,1.1775,0.26989297578501276,GAZOLE,0.2721574777217092,0.27221693792205115,0.2725144809779627,0.28896998130835755,2026-09-01,1.0602,proxy_ma7_eur_l
2020-08-22,1.203,1.1775,0.26989297578501276,GAZOLE,0.271163251868861,0.2719767177159692,0.27203371485900146,0.2884601846329245,2026-09-01,1.0602,proxy_ma7_eur_l
2020-08-23,1.203,1.1775,0.26989297578501276,GAZOLE,0.26989297578501276,0.2712516769470306,0.2715529487400402,0.2879503879574915,2026-09-01,1.0602,proxy_ma7_eur_l
2020-08-24,1.236,1.1803,0.2766386992414399,GAZOLE,0.2721415502704884,0.2720042861266071,0.2723450376580427,0.28879030633176767,2026-09-01,1.0602,proxy_ma7_eur_l
2020-08-25,1.241,1.1818,0.27740524367614,GAZOLE,0.2746456395675309,0.2727445740545236,0.272900332521819,0.28937913209188953,2026-09-01,1.0602,proxy_ma7_eur_l
2020-08-26,1.223,1.1813,0.2734973504054986,GAZOLE,0.27584709777435945,0.2734654489786208,0.27298914638781063,0.2894733088897736,2026-09-01,1.0602,proxy_ma7_eur_l
2020-08-27,1.193,1.1824,0.2665403065487746,GAZOLE,0.2724809668768044,0.2727949151313732,0.2719657896038416,0.2883881577826688,2026-09-01,1.0602,proxy_ma7_eur_l
2020-08-28,1.204,1.1901,0.26725750024301376,GAZOLE,0.26909838573242895,0.27226782002297334,0.27158929309784174,0.2879889269311155,2026-09-01,1.0602,proxy_ma7_eur_l
2020-08-29,1.204,1.1901,0.26725750024301376,GAZOLE,0.2670184356782674,0.27039158022328813,0.27121279659184194,0.28758969607956225,2026-09-01,1.0602,proxy_ma7_eur_l
2020-08-30,1.204,1.1901,0.26725750024301376,GAZOLE,0.26725750024301376,0.26836203153666294,0.27083630008584203,0.2871904652280089,2026-09-01,1.0602,proxy_ma7_eur_l
2020-08-31,1.186,1.195,0.2621824720475012,GAZOLE,0.2655658241778429,0.26609905586506344,0.26877112477242227,0.28500058647523296,2026-09-01,1.0602,proxy_ma7_eur_l
2020-09-01,1.214,1.1949,0.2683947372690536,GAZOLE,0.26594490318652286,0.2664699420091193,0.26748390957140994,0.28363564413807163,2026-09-01,1.0602,proxy_ma7_eur_l
2020-09-02,1.169,1.184,0.26082527804617867,GAZOLE,0.26380082912091113,0.2651834975697522,0.26567361352007846,0.28171603526356875,2026-09-01,1.0602,proxy_ma7_eur_l
2020-09-03,1.136,1.1832,0.2536337487143818,GAZOLE,0.260951254676538,0.26245874726402585,0.2638298195437367,0.27976090572708356,2026-09-01,1.0602,proxy_ma7_eur_l
2020-09-04,1.126,1.182,0.25165628676419216,GAZOLE,0.25537177117491755,0.25933850456826146,0.2616010747610478,0.27739758053466274,2026-09-01,1.0602,proxy_ma7_eur_l
2020-09-05,1.126,1.182,0.25165628676419216,GAZOLE,0.25231544074758866,0.2572332675115997,0.2593723299783591,0.2750342553422421,2026-09-01,1.0602,proxy_ma7_eur_l
2020-09-06,1.126,1.182,0.25165628676419216,GAZOLE,0.25165628676419216,0.2538855774106274,0.25714358519567027,0.27267093014982136,2026-09-01,1.0602,proxy_ma7_eur_l
2020-09-07,1.126,1.182,0.25165628676419216,GAZOLE,0.25165628676419216,0.2520517791542301,0.25563984444091187,0.27107638759107083,2026-09-01,1.0602,proxy_ma7_eur_l
2020-09-08,1.063,1.1789,0.23820077331131712,GAZOLE,0.24717111561323382,0.24896518407361717,0.25132642101837804,0.2665025026315944,2026-09-01,1.0602,proxy_ma7_eur_l
2020-09-09,1.085,1.181,0.2426982868828036,GAZOLE,0.24418511565277093,0.24717358409733947,0.2487368508521816,0.263756563994363,2026-09-01,1.0602,proxy_ma7_eur_l
2020-09-10,1.072,1.188,0.23837747485516425,GAZOLE,0.2397588450164283,0.24451782171553385,0.24655738315800765,0.26144549143562235,2026-09-01,1.0602,proxy_ma7_eur_l
2020-09-11,1.087,1.1831,0.24271407396949313,GAZOLE,0.24126327856915364,0.24272937915659404,0.24527992418733638,0.2600908944485106,2026-09-01,1.0602,proxy_ma7_eur_l
2020-09-12,1.087,1.1831,0.24271407396949313,GAZOLE,0.2412685409313835,0.24094093659765425,0.24400246521666505,0.2587362974613988,2026-09-01,1.0602,proxy_ma7_eur_l
2020-09-13,1.087,1.1831,0.24271407396949313,GAZOLE,0.24271407396949313,0.24184359672928943,0.2427250062459938,0.25738170047428705,2026-09-01,1.0602,proxy_ma7_eur_l
2020-09-14,1.088,1.1874,0.24205759892678586,GAZOLE,0.24249524895525734,0.2417154591380859,0.24135376512636433,0.25592765840178294,2026-09-01,1.0602,proxy_ma7_eur_l
2020-09-15,1.096,1.1846,0.24441378472440542,GAZOLE,0.24306181920689476,0.2429227211119341,0.2422413381853769,0.25686882662650345,2026-09-01,1.0602,proxy_ma7_eur_l
2020-09-16,1.114,1.1835,0.2486587801664363,GAZOLE,0.24504338793920918,0.24411166235132278,0.24309283722589586,0.25777174254106267,2026-09-01,1.0602,proxy_ma7_eur_l
2020-09-17,1.158,1.1823,0.25874248213713597,GAZOLE,0.2506050156759925,0.24731734398485133,0.24600212398046328,0.260856703516608,2026-09-01,1.0602,proxy_ma7_eur_l
2020-09-18,1.171,1.1857,0.2608969160085956,GAZOLE,0.25609939277072263,0.25095391239267184,0.24859967284319223,0.2636111026355709,2026-09-01,1.0602,proxy_ma7_eur_l
2020-09-19,1.171,1.1857,0.2608969160085956,GAZOLE,0.2601787713847757,0.25472177580903377,0.2511972217059211,0.2663655017545337,2026-09-01,1.0602,proxy_ma7_eur_l
2020-09-20,1.171,1.1857,0.2608969160085956,GAZOLE,0.2608969160085956,0.25801840206587184,0.25379477056865,0.2691199008734965,2026-09-01,1.0602,proxy_ma7_eur_l
2020-09-21,1.128,1.1737,0.25388606548521037,GAZOLE,0.2585599658341338,0.25906385912962665,0.2554845515055678,0.27091171745514764,2026-09-01,1.0602,proxy_ma7_eur_l
2020-09-22,1.111,1.1703,0.2507862515337118,GAZOLE,0.2551897443425059,0.2574726130089418,0.25639490390689734,0.2718770405288139,2026-09-01,1.0602,proxy_ma7_eur_l
2020-09-23,1.103,1.1677,0.2495347895444358,GAZOLE,0.25140236885445266,0.2552001877161098,0.2565200481037544,0.272009741426384,2026-09-01,1.0602,proxy_ma7_eur_l
2020-09-24,1.117,1.1666,0.25294032443344056,GAZOLE,0.251087121837196,0.25360886940107885,0.2556911684317979,0.2711308107271691,2026-09-01,1.0602,proxy_ma7_eur_l
2020-09-25,1.127,1.1618,0.2562591693988925,GAZOLE,0.2529114277922562,0.2526813200791382,0.2550286332018403,0.2704282690041388,2026-09-01,1.0602,proxy_ma7_eur_l
2020-09-26,1.127,1.1618,0.2562591693988925,GAZOLE,0.25515288774374184,0.25315594086187465,0.25436609797188275,0.26972572728110855,2026-09-01,1.0602,proxy_ma7_eur_l
2020-09-27,1.127,1.1618,0.2562591693988925,GAZOLE,0.2562591693988925,0.2542505244349108,0.2537035627419251,0.26902318555807814,2026-09-01,1.0602,proxy_ma7_eur_l
2020-09-28,1.144,1.166,0.2591876740117683,GAZOLE,0.2572353376031844,0.25618110132837724,0.2544609353885763,0.2698262913554686,2026-09-01,1.0602,proxy_ma7_eur_l
2020-09-29,1.109,1.1717,0.25003567983714825,GAZOLE,0.255160841082603,0.2556001724091188,0.25435371086049574,0.2697125921870279,2026-09-01,1.0602,proxy_ma7_eur_l
2020-09-30,1.152,1.1723,0.25959754697311865,GAZOLE,0.25627363360734506,0.256267847923964,0.2557912476360219,0.2712369331088869,2026-09-01,1.0602,proxy_ma7_eur_l
2020-10-01,1.128,1.1752,0.25356201077262713,GAZOLE,0.25439841252763135,0.25572841619871095,0.2558800599701914,0.27133110828245127,2026-09-01,1.0602,proxy_ma7_eur_l
2020-10-02,1.088,1.1706,0.24553151628708825,GAZOLE,0.2528970246776113,0.2535828855763501,0.2543475380970765,0.26970604668778153,2026-09-01,1.0602,proxy_ma7_eur_l
2020-10-03,1.088,1.1706,0.24553151628708825,GAZOLE,0.24820834778226786,0.25085165403141413,0.25281501622396163,0.26808098509311173,2026-09-01,1.0602,proxy_ma7_eur_l
2020-10-04,1.088,1.1706,0.24553151628708825,GAZOLE,0.24553151628708825,0.24995082132140206,0.25128249435084676,0.26645592349844194,2026-09-01,1.0602,proxy_ma7_eur_l
2020-10-05,1.14,1.1784,0.25556359444016397,GAZOLE,0.2488755423381135,0.24914403081481118,0.25076476869776043,0.265906935526286,2026-09-01,1.0602,proxy_ma7_eur_l
2020-10-06,1.18,1.1778,0.26466549650417315,GAZOLE,0.25525353574380844,0.25136472796112036,0.25285474250733536,0.26812311020632684,2026-09-01,1.0602,proxy_ma7_eur_l
2020-10-07,1.168,1.1766,0.26224116705279393,GAZOLE,0.260823419332377,0.2547066581142615,0.25323240251871754,0.26852357482031136,2026-09-01,1.0602,proxy_ma7_eur_l
2020-10-08,1.197,1.1753,0.2690495589829862,GAZOLE,0.2653187408466511,0.25941026665344113,0.25544490940591175,0.2708696816089954,2026-09-01,1.0602,proxy_ma7_eur_l
2020-10-09,1.194,1.1819,0.2668765805191888,GAZOLE,0.26605576885165627,0.2636792794998612,0.2584942042962118,0.274103104964303,2026-09-01,1.0602,proxy_ma7_eur_l
2020-10-10,1.194,1.1819,0.2668765805191888,GAZOLE,0.2676009066737879,0.26594187671566616,0.2615434991865119,0.27733652831961064,2026-09-01,1.0602,proxy_ma7_eur_l
2020-10-11,1.194,1.1819,0.2668765805191888,GAZOLE,0.2668765805191888,0.2663840935186693,0.2645927940768119,0.28056995167491827,2026-09-01,1.0602,proxy_ma7_eur_l
2020-10-12,1.163,1.1819,0.2599476240735482,GAZOLE,0.26456692837064194,0.26592538492282014,0.2652190840244383,0.28123405948236296,2026-09-01,1.0602,proxy_ma7_eur_l
2020-10-13,1.174,1.1737,0.26423957524790515,GAZOLE,0.26368792661354734,0.26496338817580395,0.26515823813068573,0.28116953947330775,2026-09-01,1.0602,proxy_ma7_eur_l
2020-10-14,1.2,1.1755,0.2696779777369444,GAZOLE,0.26462172568613257,0.26552366761935503,0.2662206396569929,0.28229609299845343,2026-09-01,1.0602,proxy_ma7_eur_l
2020-10-15,1.196,1.1701,0.2700194638239001,GAZOLE,0.26797900560291654,0.2661522442802974,0.2663591974914092,0.28244301750197964,2026-09-01,1.0602,proxy_ma7_eur_l
2020-10-16,1.183,1.1717,0.26671975585874336,GAZOLE,0.2688057324731959,0.2661208793482083,0.26633679396848836,0.28241926116588906,2026-09-01,1.0602,proxy_ma7_eur_l
2020-10-17,1.183,1.1717,0.26671975585874336,GAZOLE,0.2678196585137956,0.26747530570524725,0.26631439044556765,0.2823955048297986,2026-09-01,1.0602,proxy_ma7_eur_l
2020-10-18,1.183,1.1717,0.26671975585874336,GAZOLE,0.26671975585874336,0.2679713418274149,0.2662919869226469,0.282371748493708,2026-09-01,1.0602,proxy_ma7_eur_l
2020-10-19,1.16,1.1788,0.2599589249537259,GAZOLE,0.2644661455570709,0.2660275312707712,0.2662936013341008,0.2823734603896997,2026-09-01,1.0602,proxy_ma7_eur_l
2020-10-20,1.177,1.1824,0.26296558324216907,GAZOLE,0.2632147546848794,0.264616755154425,0.26611160247613846,0.2821804717221075,2026-09-01,1.0602,proxy_ma7_eur_l
2020-10-21,1.141,1.187,0.2539345507503348,GAZOLE,0.25895301964874323,0.2620597141327433,0.26386254147805144,0.2797956035409882,2026-09-01,1.0602,proxy_ma7_eur_l
2020-10-22,1.159,1.1824,0.25894401952223783,GAZOLE,0.2586147178382472,0.2605045668654422,0.26228033514924254,0.2781178573470205,2026-09-01,1.0602,proxy_ma7_eur_l
2020-10-23,1.152,1.1844,0.2569454612602052,GAZOLE,0.2566080105109259,0.25854970794573456,0.26088400734945133,0.2766372137615567,2026-09-01,1.0602,proxy_ma7_eur_l
2020-10-24,1.152,1.1844,0.2569454612602052,GAZOLE,0.2576116473475494,0.2579470152070304,0.2594876795496602,0.2751565701760931,2026-09-01,1.0602,proxy_ma7_eur_l
2020-10-25,1.152,1.1844,0.2569454612602052,GAZOLE,0.2569454612602052,0.2567429908106377,0.258091351749869,0.2736759265906294,2026-09-01,1.0602,proxy_ma7_eur_l
2020-10-26,1.127,1.1816,0.2519650499387553,GAZOLE,0.2552853241530552,0.25634909064832173,0.2569493696048732,0.27246498705483047,2026-09-01,1.0602,proxy_ma7_eur_l
2020-10-27,1.159,1.1834,0.25872520591777426,GAZOLE,0.25587857237224493,0.256305327927429,0.25634360141567397,0.2718226401906128,2026-09-01,1.0602,proxy_ma7_eur_l
2020-10-28,1.119,1.1751,0.25156031536785645,GAZOLE,0.254083523741462,0.25522829874895925,0.2560044249324628,0.2714629828921748,2026-09-01,1.0602,proxy_ma7_eur_l
2020-10-29,1.093,1.1658,0.24767546168078247,GAZOLE,0.2526536609888044,0.2533742988330747,0.254394630955112,0.2697559831985219,2026-09-01,1.0602,proxy_ma7_eur_l
2020-10-30,1.089,1.1647,0.24700211644030534,GAZOLE,0.24874596449631473,0.2513856298690948,0.25297415312369775,0.2682497313071741,2026-09-01,1.0602,proxy_ma7_eur_l
2020-10-31,1.089,1.1647,0.24700211644030534,GAZOLE,0.24722656485379768,0.2503930431694048,0.25155367529228345,0.2667434794158263,2026-09-01,1.0602,proxy_ma7_eur_l
2020-11-01,1.089,1.1647,0.24700211644030534,GAZOLE,0.24700211644030534,0.24804842527391102,0.25013319746086926,0.2652372275244786,2026-09-01,1.0602,proxy_ma7_eur_l
2020-11-02,1.113,1.1634,0.25272777572169436,GAZOLE,0.24891066953410168,0.24828191734467858,0.2502421582870034,0.26535276783550477,2026-09-01,1.0602,proxy_ma7_eur_l
2020-11-03,1.132,1.1724,0.25506888712847486,GAZOLE,0.25159959309682484,0.24976060243421702,0.24971982703138917,0.26479889615635605,2026-09-01,1.0602,proxy_ma7_eur_l
2020-11-04,1.167,1.173,0.26282078866322184,GAZOLE,0.256872483837797,0.25292433687880034,0.2513284660735842,0.26650467117530846,2026-09-01,1.0602,proxy_ma7_eur_l
2020-11-05,1.162,1.1809,0.2599440467780239,GAZOLE,0.25927790752324015,0.2555127229463441,0.2530811210874758,0.26836315841894676,2026-09-01,1.0602,proxy_ma7_eur_l
2020-11-06,1.145,1.1886,0.25448174318532724,GAZOLE,0.2590821928755243,0.2570086482953484,0.25414963919390754,0.2694961978674749,2026-09-01,1.0602,proxy_ma7_eur_l
2020-11-07,1.145,1.1886,0.25448174318532724,GAZOLE,0.2563025110495594,0.257359441788075,0.25521815730033925,0.27062923731600314,2026-09-01,1.0602,proxy_ma7_eur_l
2020-11-08,1.145,1.1886,0.25448174318532724,GAZOLE,0.25448174318532724,0.25724201299944555,0.2562866754067709,0.27176227676453124,2026-09-01,1.0602,proxy_ma7_eur_l
2020-11-09,1.213,1.1811,0.2713070015328372,GAZOLE,0.2600901626344972,0.2589392555733686,0.25894085052264854,0.27457672145338535,2026-09-01,1.0602,proxy_ma7_eur_l
2020-11-10,1.249,1.181,0.27938263623651766,GAZOLE,0.2683904603182274,0.26282697346506734,0.2624142432523689,0.27825985135012304,2026-09-01,1.0602,proxy_ma7_eur_l
2020-11-11,1.242,1.181,0.27781684083727376,GAZOLE,0.2761688262022095,0.2674939929954566,0.26455653642009064,0.2805315046377281,2026-09-01,1.0602,proxy_ma7_eur_l
2020-11-12,1.223,1.1814,0.273474200130367,GAZOLE,0.27689122573471947,0.2712924843844645,0.2664894154704253,0.28258109855670843,2026-09-01,1.0602,proxy_ma7_eur_l
2020-11-13,1.201,1.1824,0.2683276682020774,GAZOLE,0.273206236389906,0.2740616693878146,0.26846740475853254,0.28467852664772686,2026-09-01,1.0602,proxy_ma7_eur_l
2020-11-14,1.201,1.1824,0.2683276682020774,GAZOLE,0.2700431788448406,0.27346580272166265,0.27044539404663964,0.28677595473874506,2026-09-01,1.0602,proxy_ma7_eur_l
2020-11-15,1.201,1.1824,0.2683276682020774,GAZOLE,0.2683276682020774,0.2712548091147746,0.2724233833347468,0.28887338282976344,2026-09-01,1.0602,proxy_ma7_eur_l
2020-11-16,1.223,1.1844,0.27278150965384634,GAZOLE,0.26981228201933366,0.27024774287808906,0.27263402735203385,0.28909674636450006,2026-09-01,1.0602,proxy_ma7_eur_l
2020-11-17,1.239,1.1862,0.2759308488212324,GAZOLE,0.272346675559052,0.2707390726162622,0.27214091486413594,0.2885738577976268,2026-09-01,1.0602,proxy_ma7_eur_l
2020-11-18,1.262,1.1869,0.28088729469709606,GAZOLE,0.27653321772405826,0.2732509979152659,0.27257955112982485,0.2890389806529056,2026-09-01,1.0602,proxy_ma7_eur_l
2020-11-19,1.278,1.1843,0.28507294006055367,GAZOLE,0.28063036119296064,0.27660005228696116,0.2742365139769944,0.2907959974589738,2026-09-01,1.0602,proxy_ma7_eur_l
2020-11-20,1.288,1.1857,0.2869643277703426,GAZOLE,0.28430818750933073,0.2803273842006142,0.27689889391531797,0.2936191424098482,2026-09-01,1.0602,proxy_ma7_eur_l
2020-11-21,1.288,1.1857,0.2869643277703426,GAZOLE,0.286333865200413,0.28316394782391346,0.2795612738536416,0.29644228736072276,2026-09-01,1.0602,proxy_ma7_eur_l
2020-11-22,1.288,1.1857,0.2869643277703426,GAZOLE,0.2869643277703426,0.2853706436137355,0.2822236537919652,0.2992654323115972,2026-09-01,1.0602,proxy_ma7_eur_l
2020-11-23,1.306,1.1826,0.29173744324348205,GAZOLE,0.28855536626138906,0.2875406733230127,0.2849316443047703,0.30213694198352464,2026-09-01,1.0602,proxy_ma7_eur_l
2020-11-24,1.371,1.1874,0.30501927217704355,GAZOLE,0.29457368106362275,0.2915299397463107,0.2890871333556004,0.3065433558703616,2026-09-01,1.0602,proxy_ma7_eur_l
2020-11-25,1.401,1.1908,0.31080369949090186,GAZOLE,0.30252013830380914,0.29629781409042255,0.2933609054690013,0.3110751952181044,2026-09-01,1.0602,proxy_ma7_eur_l
2020-11-26,1.401,1.1908,0.31080369949090186,GAZOLE,0.30887555705294906,0.3010656884345344,0.2970367282447653,0.31497297868632035,2026-09-01,1.0602,proxy_ma7_eur_l
2020-11-27,1.401,1.1908,0.31080369949090186,GAZOLE,0.31080369949090186,0.30583356277864626,0.3004423527762738,0.31858424827346893,2026-09-01,1.0602,proxy_ma7_eur_l
2020-11-28,1.401,1.1908,0.31080369949090186,GAZOLE,0.31080369949090186,0.3096468140281302,0.3038479773077822,0.3221955178606174,2026-09-01,1.0602,proxy_ma7_eur_l
2020-11-29,1.401,1.1908,0.31080369949090186,GAZOLE,0.31080369949090186,0.31080369949090186,0.3072536018392907,0.325806787447766,2026-09-01,1.0602,proxy_ma7_eur_l
2020-11-30,1.366,1.1948,0.3020246263150575,GAZOLE,0.30787734176562037,0.309047884855733,0.30872319942094434,0.3273651251338121,2026-09-01,1.0602,proxy_ma7_eur_l
2020-12-01,1.337,1.2039,0.29337821580101703,GAZOLE,0.30206884720232546,0.305562788117756,0.3070601913672263,0.3256016980877557,2026-09-01,1.0602,proxy_ma7_eur_l
2020-12-02,1.358,1.2093,0.29665562482623464,GAZOLE,0.29735282231410304,0.30273317318482257,0.30503903784370234,0.3234584993343608,2026-09-01,1.0602,proxy_ma7_eur_l
2020-12-03,1.384,1.2152,0.30086744606951726,GAZOLE,0.29696709556558964,0.30074592250054566,0.3036195730692189,0.32195332167232116,2026-09-01,1.0602,proxy_ma7_eur_l
2020-12-04,1.397,1.2142,0.3039436313163675,GAZOLE,0.30048890073737317,0.29937390886563875,0.30263956332999964,0.32091413507567534,2026-09-01,1.0602,proxy_ma7_eur_l
2020-12-05,1.397,1.2142,0.3039436313163675,GAZOLE,0.3029182362340841,0.2997577098659008,0.3016595535907805,0.31987494847902964,2026-09-01,1.0602,proxy_ma7_eur_l
2020-12-06,1.397,1.2142,0.3039436313163675,GAZOLE,0.3039436313163675,0.3018707929689709,0.30067954385156126,0.31883576188238383,2026-09-01,1.0602,proxy_ma7_eur_l
2020-12-07,1.396,1.2138,0.30382615347831204,GAZOLE,0.30390447203701565,0.30330489869938637,0.3009369048748834,0.3191086633804327,2026-09-01,1.0602,proxy_ma7_eur_l
2020-12-08,1.405,1.2111,0.30646662832400173,GAZOLE,0.3047454710395604,0.30442473515028323,0.3028066780924526,0.3210913408873044,2026-09-01,1.0602,proxy_ma7_eur_l
2020-12-09,1.398,1.208,0.3057222923813671,GAZOLE,0.30533835806122694,0.3047804673632831,0.3041019163146143,0.32246479070730943,2026-09-01,1.0602,proxy_ma7_eur_l
2020-12-10,1.433,1.2118,0.3123935889001706,GAZOLE,0.30819416986851317,0.3064704588800438,0.3057485081475649,0.3242108102563722,2026-09-01,1.0602,proxy_ma7_eur_l
2020-12-11,1.431,1.2112,0.3121121259284267,GAZOLE,0.3100760024033215,0.3081041578024556,0.30691543594928766,0.32544820176614414,2026-09-01,1.0602,proxy_ma7_eur_l
2020-12-12,1.431,1.2112,0.3121121259284267,GAZOLE,0.312205946919008,0.3097613522924786,0.30808236375101034,0.32668559327591595,2026-09-01,1.0602,proxy_ma7_eur_l
2020-12-13,1.431,1.2112,0.3121121259284267,GAZOLE,0.3121121259284267,0.31089045181336356,0.30924929155273306,0.3279229847856878,2026-09-01,1.0602,proxy_ma7_eur_l
2020-12-14,1.451,1.2145,0.3156143663826047,GAZOLE,0.3132795394131527,0.31286886661361113,0.310933321967632,0.3297087036060958,2026-09-01,1.0602,proxy_ma7_eur_l
2020-12-15,1.461,1.2158,0.31744971911108316,GAZOLE,0.3150587371407048,0.3138800926557936,0.31250233493721513,0.3313724597737164,2026-09-01,1.0602,proxy_ma7_eur_l
2020-12-16,1.478,1.2175,0.3206951075033621,GAZOLE,0.31791973099901666,0.31559668897078064,0.3146413085260715,0.33364059303317745,2026-09-01,1.0602,proxy_ma7_eur_l
2020-12-17,1.491,1.2258,0.3213252815026916,GAZOLE,0.31982336937237893,0.3174393200856337,0.3159172646121459,0.33499359638558657,2026-09-01,1.0602,proxy_ma7_eur_l
2020-12-18,1.513,1.2236,0.326652758432395,GAZOLE,0.3228910491461496,0.32034744658642733,0.31799449782699857,0.33719626114349205,2026-09-01,1.0602,proxy_ma7_eur_l
2020-12-19,1.513,1.2236,0.326652758432395,GAZOLE,0.32487693278916047,0.32255512499638533,0.32007173104185116,0.33939892590139753,2026-09-01,1.0602,proxy_ma7_eur_l
2020-12-20,1.513,1.2236,0.326652758432395,GAZOLE,0.326652758432395,0.32439573286064777,0.32214896425670375,0.34160159065930296,2026-09-01,1.0602,proxy_ma7_eur_l
2020-12-21,1.468,1.223,0.31709286415516097,GAZOLE,0.3234661270066503,0.3236752841910075,0.32236017822421187,0.3418255585601053,2026-09-01,1.0602,proxy_ma7_eur_l
2020-12-22,1.46,1.2172,0.31686756198069066,GAZOLE,0.3202043948560822,0.3227837402866073,0.32227701291987004,0.3417373714063258,2026-09-01,1.0602,proxy_ma7_eur_l
2020-12-23,1.495,1.2194,0.323878315790907,GAZOLE,0.31927958064225287,0.32222885175830973,0.32273175696094786,0.3422195746880698,2026-09-01,1.0602,proxy_ma7_eur_l
2020-12-24,1.494,1.2194,0.3236616747769999,GAZOLE,0.3214691841828658,0.3216306350272307,0.3230655274287062,0.34257349953449734,2026-09-01,1.0602,proxy_ma7_eur_l
2020-12-25,1.494,1.2194,0.3236616747769999,GAZOLE,0.32373388844830225,0.3210324182961517,0.3226382297636498,0.34212039994932547,2026-09-01,1.0602,proxy_ma7_eur_l
2020-12-26,1.494,1.2194,0.3236616747769999,GAZOLE,0.3236616747769999,0.3223461804205195,0.32221093209859336,0.3416673003641535,2026-09-01,1.0602,proxy_ma7_eur_l
2020-12-27,1.494,1.2194,0.3236616747769999,GAZOLE,0.3236616747769999,0.32370500297978133,0.3217836344335369,0.3412142007789815,2026-09-01,1.0602,proxy_ma7_eur_l
2020-12-28,1.48,1.2213,0.32012989231970823,GAZOLE,0.32248441395790267,0.3229553182855416,0.3222174955999008,0.34167426019558456,2026-09-01,1.0602,proxy_ma7_eur_l
2020-12-29,1.484,1.2252,0.3199733314556744,GAZOLE,0.32125496618412747,0.32221764962127647,0.32266117695346985,0.3421447327810692,2026-09-01,1.0602,proxy_ma7_eur_l
2020-12-30,1.475,1.228,0.31730763617937213,GAZOLE,0.31913695331825154,0.3209468419017509,0.32172250843753636,0.3411493837539987,2026-09-01,1.0602,proxy_ma7_eur_l
2020-12-31,1.473,1.223,0.318172880722447,GAZOLE,0.3184846161191645,0.31984908309084037,0.32093839500117166,0.3403179224524312,2026-09-01,1.0602,proxy_ma7_eur_l
2021-01-01,1.473,1.223,0.318172880722447,GAZOLE,0.31788446587475533,0.3187513242799297,0.32015428156480696,0.3394864611508636,2026-09-01,1.0602,proxy_ma7_eur_l
2021-01-02,1.473,1.223,0.318172880722447,GAZOLE,0.318172880722447,0.31835992196047747,0.31937016812844227,0.3386549998492961,2026-09-01,1.0602,proxy_ma7_eur_l
2021-01-03,1.473,1.223,0.318172880722447,GAZOLE,0.318172880722447,0.31799983181383207,0.3185860546920775,0.3378235385477285,2026-09-01,1.0602,proxy_ma7_eur_l
2021-01-04,1.459,1.2254,0.31453160142854464,GAZOLE,0.31695912095781287,0.3174446248636665,0.31778629885048276,0.3369754902907422,2026-09-01,1.0602,proxy_ma7_eur_l
2021-01-05,1.521,1.2295,0.32680414122549306,GAZOLE,0.31983620779216154,0.3191708769642757,0.3187621288175997,0.3380102447241432,2026-09-01,1.0602,proxy_ma7_eur_l
2021-01-06,1.524,1.229,0.3275819428753606,GAZOLE,0.3229725618431327,0.3210526893948585,0.32022988691702664,0.3395666318527629,2026-09-01,1.0602,proxy_ma7_eur_l
2021-01-07,1.537,1.2265,0.33104968974681953,GAZOLE,0.3284785912825577,0.323628051199733,0.3220694310633655,0.34151725493773005,2026-09-01,1.0602,proxy_ma7_eur_l
2021-01-08,1.582,1.2252,0.3411036457970868,GAZOLE,0.3332450928064223,0.3282142042146609,0.3253452546454569,0.3449908856816426,2026-09-01,1.0602,proxy_ma7_eur_l
2021-01-09,1.582,1.2252,0.3411036457970868,GAZOLE,0.3377523271136644,0.33352861308836934,0.3286210782275483,0.3484645164255552,2026-09-01,1.0602,proxy_ma7_eur_l
2021-01-10,1.582,1.2252,0.3411036457970868,GAZOLE,0.3411036457970868,0.3363885140026881,0.33189690180963977,0.3519381471694678,2026-09-01,1.0602,proxy_ma7_eur_l
2021-01-11,1.57,1.2169,0.34082514767219413,GAZOLE,0.3410108130887892,0.33903715496205483,0.3356531227015897,0.3559211835095609,2026-09-01,1.0602,proxy_ma7_eur_l
2021-01-12,1.594,1.2168,0.34606365175779796,GAZOLE,0.34266414840902626,0.3420399473642505,0.3384044813490618,0.35883868005535696,2026-09-01,1.0602,proxy_ma7_eur_l
2021-01-13,1.594,1.2159,0.3463198054600614,GAZOLE,0.3444028682966845,0.34308317929684545,0.3410813188611619,0.36167715558539537,2026-09-01,1.0602,proxy_ma7_eur_l
2021-01-14,1.615,1.2156,0.35096895735308464,GAZOLE,0.3477841381903146,0.345056241608045,0.3439269285191998,0.3646945943899065,2026-09-01,1.0602,proxy_ma7_eur_l
2021-01-15,1.585,1.2099,0.3460721571928798,GAZOLE,0.347786973335342,0.3460499438872036,0.34463671586145594,0.3654472414943414,2026-09-01,1.0602,proxy_ma7_eur_l
2021-01-16,1.585,1.2099,0.3460721571928798,GAZOLE,0.3477044239129481,0.3470993457913407,0.3453465032037121,0.3661998885987764,2026-09-01,1.0602,proxy_ma7_eur_l
2021-01-17,1.585,1.2099,0.3460721571928798,GAZOLE,0.3460721571928798,0.3471010468783571,0.3460562905459682,0.36695253570321135,2026-09-01,1.0602,proxy_ma7_eur_l
2021-01-18,1.585,1.2099,0.3460721571928798,GAZOLE,0.3460721571928798,0.3470515172249208,0.34680586333463764,0.36774737065639895,2026-09-01,1.0602,proxy_ma7_eur_l
2021-01-19,1.594,1.2126,0.34726228884948757,GAZOLE,0.3464688677450824,0.34631018352420134,0.34697709720487896,0.3679289443038082,2026-09-01,1.0602,proxy_ma7_eur_l
2021-01-20,1.591,1.2126,0.3466087211791309,GAZOLE,0.34664772240716607,0.3464174963214516,0.34701837087903176,0.36797271024536715,2026-09-01,1.0602,proxy_ma7_eur_l
2021-01-21,1.594,1.2143,0.34677612736464514,GAZOLE,0.3468823791310878,0.34655829035580465,0.3464193951663975,0.36733756601426826,2026-09-01,1.0602,proxy_ma7_eur_l
2021-01-22,1.569,1.2179,0.3403283932588348,GAZOLE,0.3445710806008702,0.3454095375689957,0.34559885746153396,0.36646748100305593,2026-09-01,1.0602,proxy_ma7_eur_l
2021-01-23,1.569,1.2179,0.3403283932588348,GAZOLE,0.3424776379607715,0.3442607847821867,0.3447783197566704,0.36559739599184354,2026-09-01,1.0602,proxy_ma7_eur_l
2021-01-24,1.569,1.2179,0.3403283932588348,GAZOLE,0.3403283932588348,0.3428740056640561,0.3439577820518068,0.36472731098063127,2026-09-01,1.0602,proxy_ma7_eur_l
2021-01-25,1.59,1.2138,0.34604841262930963,GAZOLE,0.34223506638232637,0.3427619439540918,0.3439543899712968,0.3647237140729071,2026-09-01,1.0602,proxy_ma7_eur_l
2021-01-26,1.594,1.2147,0.34666193418859687,GAZOLE,0.3443462466922471,0.34273910531888213,0.34386862501974097,0.36463277029495056,2026-09-01,1.0602,proxy_ma7_eur_l
2021-01-27,1.605,1.2101,0.35038107927843004,GAZOLE,0.34769714203211216,0.3447496425228012,0.34440753331964086,0.3652042200057701,2026-09-01,1.0602,proxy_ma7_eur_l
2021-01-28,1.599,1.2122,0.34846651684596547,GAZOLE,0.3485031767709974,0.3463772672402273,0.3446490175312581,0.36546028598753694,2026-09-01,1.0602,proxy_ma7_eur_l
2021-01-29,1.599,1.2135,0.3480932111418865,GAZOLE,0.3489802690887607,0.34793023081683766,0.34575827722883684,0.3666365271653456,2026-09-01,1.0602,proxy_ma7_eur_l
2021-01-30,1.599,1.2135,0.3480932111418865,GAZOLE,0.3482176463765794,0.3483391905193531,0.3468675369264157,0.36781276834315446,2026-09-01,1.0602,proxy_ma7_eur_l
2021-01-31,1.599,1.2135,0.3480932111418865,GAZOLE,0.3480932111418865,0.34862544591001104,0.3479767966239945,0.3689890095209632,2026-09-01,1.0602,proxy_ma7_eur_l
2021-02-01,1.649,1.207,0.360911113785076,GAZOLE,0.352365845356283,0.3507314528113402,0.35010003964624686,0.3712404623400997,2026-09-01,1.0602,proxy_ma7_eur_l
2021-02-02,1.682,1.202,0.3696650516359448,GAZOLE,0.3595564588543024,0.3549711597693361,0.3533861992815823,0.3747250532689611,2026-09-01,1.0602,proxy_ma7_eur_l
2021-02-03,1.694,1.2025,0.37214757313488855,GAZOLE,0.3675745795186365,0.35978203216793647,0.3564956984039335,0.3780223162255555,2026-09-01,1.0602,proxy_ma7_eur_l
2021-02-04,1.707,1.1974,0.3766007126902951,GAZOLE,0.37280444582037614,0.3654835324776182,0.3605148692388377,0.38228418046436363,2026-09-01,1.0602,proxy_ma7_eur_l
2021-02-05,1.716,1.2035,0.376667421559271,GAZOLE,0.3751385691281515,0.37119837456109506,0.364596899298464,0.38661269961606975,2026-09-01,1.0602,proxy_ma7_eur_l
2021-02-06,1.716,1.2035,0.376667421559271,GAZOLE,0.3766451852696124,0.3743496361159341,0.3686789293580905,0.3909412187677761,2026-09-01,1.0602,proxy_ma7_eur_l
2021-02-07,1.716,1.2035,0.376667421559271,GAZOLE,0.376667421559271,0.37575011010059933,0.3727609594177168,0.3952697379194822,2026-09-01,1.0602,proxy_ma7_eur_l
2021-02-08,1.753,1.2045,0.3844695788989906,GAZOLE,0.37926814067251086,0.37821451125341976,0.3761264544339903,0.39883845481282254,2026-09-01,1.0602,proxy_ma7_eur_l
2021-02-09,1.757,1.2106,0.38340516767988336,GAZOLE,0.3815140560460483,0.37957540225133746,0.37808932815455293,0.4009198545986472,2026-09-01,1.0602,proxy_ma7_eur_l
2021-02-10,1.757,1.2132,0.3825834948839983,GAZOLE,0.38348608048762406,0.3807586169162828,0.37958017411871153,0.40250072372842893,2026-09-01,1.0602,proxy_ma7_eur_l
2021-02-11,1.741,1.2127,0.379255828445235,GAZOLE,0.38174816366970554,0.3812762982934757,0.3799594763694172,0.4029029297466313,2026-09-01,1.0602,proxy_ma7_eur_l
2021-02-12,1.778,1.2126,0.38734777263136067,GAZOLE,0.38306236532019794,0.38341236850789356,0.38148524080828716,0.40452082586649607,2026-09-01,1.0602,proxy_ma7_eur_l
2021-02-13,1.778,1.2126,0.38734777263136067,GAZOLE,0.3846504579026521,0.3839880072543676,0.38301100524715714,0.40613872198636086,2026-09-01,1.0602,proxy_ma7_eur_l
2021-02-14,1.778,1.2126,0.38734777263136067,GAZOLE,0.38734777263136067,0.384776528244663,0.384536769686027,0.4077566181062256,2026-09-01,1.0602,proxy_ma7_eur_l
2021-02-15,1.778,1.2126,0.38734777263136067,GAZOLE,0.38734777263136067,0.38572938379413557,0.38494794021922274,0.4081926167396403,2026-09-01,1.0602,proxy_ma7_eur_l
2021-02-16,1.819,1.2107,0.39690176198849586,GAZOLE,0.3905324357504057,0.38925857050278767,0.38687602512045316,0.41023712701986476,2026-09-01,1.0602,proxy_ma7_eur_l
2021-02-17,1.846,1.2042,0.40496728836832924,GAZOLE,0.39640560766272853,0.39278247365018143,0.39007370990392903,0.413627900635986,2026-09-01,1.0602,proxy_ma7_eur_l
2021-02-18,1.825,1.2078,0.39916707696110354,GAZOLE,0.4003453757726429,0.39514633451613,0.39291817397762446,0.41664412468124884,2026-09-01,1.0602,proxy_ma7_eur_l
2021-02-19,1.818,1.2136,0.3957356552299884,GAZOLE,0.399956673519807,0.3968239110358555,0.3941164429202856,0.4179147498337932,2026-09-01,1.0602,proxy_ma7_eur_l
2021-02-20,1.818,1.2136,0.3957356552299884,GAZOLE,0.3968794624736934,0.3985014875555811,0.39531471186294664,0.4191853749863375,2026-09-01,1.0602,proxy_ma7_eur_l
2021-02-21,1.818,1.2136,0.3957356552299884,GAZOLE,0.3957356552299884,0.39826826620387956,0.3965129808056078,0.4204560001388819,2026-09-01,1.0602,proxy_ma7_eur_l
2021-02-22,1.866,1.2155,0.4055491976144015,GAZOLE,0.3990068360247927,0.39838464805309404,0.3991131843746136,0.42321321426576824,2026-09-01,1.0602,proxy_ma7_eur_l
2021-02-23,1.884,1.2142,0.40989964309236665,GAZOLE,0.40372816531225214,0.4005311612793466,0.40097002453230945,0.4251821777635479,2026-09-01,1.0602,proxy_ma7_eur_l
2021-02-24,1.921,1.2143,0.4179152701803534,GAZOLE,0.4111213702957071,0.4049670842694197,0.4028197362197415,0.42714358234588384,2026-09-01,1.0602,proxy_ma7_eur_l
2021-02-25,1.903,1.2229,0.41108791858496724,GAZOLE,0.41296761061922904,0.40803753694041545,0.4045227135945791,0.42894939221847983,2026-09-01,1.0602,proxy_ma7_eur_l
2021-02-26,1.851,1.2093,0.4043516653559354,GAZOLE,0.41111828470708534,0.4097607389656048,0.4057535721840001,0.4302545749093291,2026-09-01,1.0602,proxy_ma7_eur_l
2021-02-27,1.851,1.2093,0.4043516653559354,GAZOLE,0.40659708309894604,0.40952123251391165,0.4069844307734211,0.43155975760017845,2026-09-01,1.0602,proxy_ma7_eur_l
2021-02-28,1.851,1.2093,0.4043516653559354,GAZOLE,0.4043516653559354,0.4084116369666254,0.40821528936284207,0.43286494029102773,2026-09-01,1.0602,proxy_ma7_eur_l
2021-03-01,1.823,1.2054,0.3995235203657745,GAZOLE,0.40274228369254844,0.4047332870037096,0.407354478327324,0.43195215008644483,2026-09-01,1.0602,proxy_ma7_eur_l
2021-03-02,1.811,1.2079,0.39607218049557646,GAZOLE,0.3999824554057621,0.40173013938583146,0.4053791265277825,0.42985751874596534,2026-09-01,1.0602,proxy_ma7_eur_l
2021-03-03,1.837,1.2073,0.40195813814455283,GAZOLE,0.3991846130019679,0.40125143394355495,0.40309953623695394,0.42744027779287,2026-09-01,1.0602,proxy_ma7_eur_l
2021-03-04,1.901,1.2045,0.41692907557728537,GAZOLE,0.4049864647391382,0.40376691598782494,0.4039339872358565,0.4283251162377492,2026-09-01,1.0602,proxy_ma7_eur_l
2021-03-05,1.951,1.1914,0.4326000286643844,GAZOLE,0.41716241412874083,0.4094165886495148,0.4079694677084921,0.4326042749546104,2026-09-01,1.0602,proxy_ma7_eur_l
2021-03-06,1.951,1.1914,0.4326000286643844,GAZOLE,0.4273763776353514,0.4160318903092367,0.4120049481811276,0.4368834336714715,2026-09-01,1.0602,proxy_ma7_eur_l
2021-03-07,1.951,1.1914,0.4326000286643844,GAZOLE,0.4326000286643844,0.42333745994299826,0.4160404286537632,0.44116259238833266,2026-09-01,1.0602,proxy_ma7_eur_l
2021-03-08,1.906,1.1849,0.42494044374599615,GAZOLE,0.4300468336915883,0.427933921063287,0.4196714177080806,0.4450128348979841,2026-09-01,1.0602,proxy_ma7_eur_l
2021-03-09,1.895,1.1885,0.42120827868632,GAZOLE,0.4262495836989002,0.42878976168509386,0.4232622888781868,0.4488205370471782,2026-09-01,1.0602,proxy_ma7_eur_l
2021-03-10,1.915,1.19,0.42511721030744054,GAZOLE,0.4237553109132522,0.42729319801370513,0.42657072775859933,0.45232875252989957,2026-09-01,1.0602,proxy_ma7_eur_l
2021-03-11,1.959,1.1978,0.4320529725910944,GAZOLE,0.4261261538616183,0.427183786799047,0.42873128447485775,0.4546197721912119,2026-09-01,1.0602,proxy_ma7_eur_l
2021-03-12,1.958,1.1952,0.43277181937521303,GAZOLE,0.4299806674245826,0.42721814494121285,0.42875582600497614,0.4546457956358162,2026-09-01,1.0602,proxy_ma7_eur_l
2021-03-13,1.958,1.1952,0.43277181937521303,GAZOLE,0.4325322037805068,0.4287844200670562,0.4287803675350945,0.4546718190804204,2026-09-01,1.0602,proxy_ma7_eur_l
2021-03-14,1.958,1.1952,0.43277181937521303,GAZOLE,0.43277181937521303,0.43109712820483476,0.4288049090652129,0.4546978425250247,2026-09-01,1.0602,proxy_ma7_eur_l
2021-03-15,1.944,1.1917,0.43093938892694517,GAZOLE,0.43216100922579037,0.4322615639287357,0.4296619012339199,0.45560658326454045,2026-09-01,1.0602,proxy_ma7_eur_l
2021-03-16,1.931,1.1895,0.4288492922266369,GAZOLE,0.430853500176265,0.43162082785584427,0.43075347459682234,0.45676407013695414,2026-09-01,1.0602,proxy_ma7_eur_l
2021-03-17,1.901,1.1905,0.42183206344631685,GAZOLE,0.4272069148666329,0.42943287667006497,0.43028416790237606,0.45626642485133356,2026-09-01,1.0602,proxy_ma7_eur_l
2021-03-18,1.766,1.1926,0.39118551439249544,GAZOLE,0.41395562335514974,0.4211156156735215,0.4244459595882905,0.4500756824682452,2026-09-01,1.0602,proxy_ma7_eur_l
2021-03-19,1.822,1.1909,0.40416615954030266,GAZOLE,0.405727912459705,0.4153944837065394,0.42035943675473186,0.44574239925117787,2026-09-01,1.0602,proxy_ma7_eur_l
2021-03-20,1.822,1.1909,0.40416615954030266,GAZOLE,0.3998392778243669,0.4100398378292109,0.41627291392117327,0.4414091160341106,2026-09-01,1.0602,proxy_ma7_eur_l
2021-03-21,1.822,1.1909,0.40416615954030266,GAZOLE,0.40416615954030266,0.4051032112919441,0.41218639108761457,0.4370758328170432,2026-09-01,1.0602,proxy_ma7_eur_l
2021-03-22,1.823,1.1932,0.4036084909896954,GAZOLE,0.40398027002343356,0.4014584968006198,0.408281977096579,0.43293565489343083,2026-09-01,1.0602,proxy_ma7_eur_l
2021-03-23,1.737,1.1872,0.38651183873492573,GAZOLE,0.39809549642164127,0.40052376166910586,0.4022337694549059,0.42652223259421485,2026-09-01,1.0602,proxy_ma7_eur_l
2021-03-24,1.818,1.1831,0.4059376140538533,GAZOLE,0.39868598125949145,0.40087805257181597,0.3999631338274111,0.4241144870223811,2026-09-01,1.0602,proxy_ma7_eur_l
2021-03-25,1.746,1.1777,0.39164847025331334,GAZOLE,0.3946993076806975,0.3983745147144181,0.4000292703789565,0.42418461716003575,2026-09-01,1.0602,proxy_ma7_eur_l
2021-03-26,1.802,1.1798,0.4034904546104285,GAZOLE,0.400358846305865,0.39823937372844326,0.3999327411032602,0.4240822590655464,2026-09-01,1.0602,proxy_ma7_eur_l
2021-03-27,1.802,1.1798,0.4034904546104285,GAZOLE,0.39954312649139007,0.3982157664525899,0.3998362118275639,0.423979900971057,2026-09-01,1.0602,proxy_ma7_eur_l
2021-03-28,1.802,1.1798,0.4034904546104285,GAZOLE,0.4034904546104285,0.40161148962769044,0.39973968255186765,0.42387754287656765,2026-09-01,1.0602,proxy_ma7_eur_l
2021-03-29,1.808,1.1779,0.40548694342773783,GAZOLE,0.40415595088286493,0.40152135550246726,0.40000803290015935,0.4241620972784169,2026-09-01,1.0602,proxy_ma7_eur_l
2021-03-30,1.787,1.1724,0.4026573333026366,GAZOLE,0.40387824378026754,0.40372312811233196,0.4023145321241181,0.42660787203226935,2026-09-01,1.0602,proxy_ma7_eur_l
2021-03-31,1.771,1.1743,0.3984064589340721,GAZOLE,0.4021835785548155,0.40270632897706066,0.40123865282129223,0.42546702688924454,2026-09-01,1.0602,proxy_ma7_eur_l
2021-04-01,1.824,1.1772,0.4093185724611474,GAZOLE,0.40346078823261866,0.4038719525472045,0.4037629531366971,0.4281437544243886,2026-09-01,1.0602,proxy_ma7_eur_l
2021-04-02,1.824,1.1763,0.4096317465793274,GAZOLE,0.4057855926581822,0.40510021094098425,0.40464028056082546,0.4290740583423378,2026-09-01,1.0602,proxy_ma7_eur_l
2021-04-03,1.824,1.1763,0.4096317465793274,GAZOLE,0.4095273552066007,0.40592917157130215,0.4055176079849539,0.43000436226028704,2026-09-01,1.0602,proxy_ma7_eur_l
2021-04-04,1.824,1.1763,0.4096317465793274,GAZOLE,0.4096317465793274,0.40732405422664036,0.4063949354090823,0.4309346661782363,2026-09-01,1.0602,proxy_ma7_eur_l
2021-04-05,1.774,1.181,0.39681729117980974,GAZOLE,0.40536026144615483,0.40700622067578784,0.40515641365937827,0.4296213575952296,2026-09-01,1.0602,proxy_ma7_eur_l
2021-04-06,1.797,1.1852,0.40053761229125273,GAZOLE,0.40232888335012995,0.4052500286418089,0.4048535963720377,0.4293002550044659,2026-09-01,1.0602,proxy_ma7_eur_l
2021-04-07,1.805,1.189,0.40103494912233634,GAZOLE,0.3994632841977996,0.4035306691504107,0.4052290949703612,0.4296984276907373,2026-09-01,1.0602,proxy_ma7_eur_l
2021-04-08,1.813,1.1904,0.4023386516509771,GAZOLE,0.4013037376881887,0.4020720501647407,0.40423196342605117,0.4286410854068073,2026-09-01,1.0602,proxy_ma7_eur_l
2021-04-09,1.81,1.1897,0.40190923322539185,GAZOLE,0.4017609446662351,0.4005275474939536,0.4031287472326318,0.42747125266380065,2026-09-01,1.0602,proxy_ma7_eur_l
2021-04-10,1.81,1.1897,0.40190923322539185,GAZOLE,0.4020523727005869,0.40154593590307003,0.4020255310392124,0.426301419920794,2026-09-01,1.0602,proxy_ma7_eur_l
2021-04-11,1.81,1.1897,0.40190923322539185,GAZOLE,0.40190923322539185,0.4018202600898978,0.40092231484579305,0.4251315871777875,2026-09-01,1.0602,proxy_ma7_eur_l
2021-04-12,1.814,1.1907,0.40245914418214596,GAZOLE,0.4020925368776432,0.40210509910185965,0.4017282938461268,0.4259862343724083,2026-09-01,1.0602,proxy_ma7_eur_l
2021-04-13,1.817,1.1939,0.4020442408365489,GAZOLE,0.40213753941469554,0.4020462169389741,0.40194352649545484,0.42621446361890586,2026-09-01,1.0602,proxy_ma7_eur_l
2021-04-14,1.881,1.1974,0.41498883454624785,GAZOLE,0.40649740652164756,0.40466213720314526,0.40393693869887076,0.4283282459217536,2026-09-01,1.0602,proxy_ma7_eur_l
2021-04-15,1.897,1.1964,0.41886859187847514,GAZOLE,0.411967222420424,0.4080540089337619,0.40629835873137043,0.4308322578194105,2026-09-01,1.0602,proxy_ma7_eur_l
2021-04-16,1.894,1.198,0.41764763536421795,GAZOLE,0.41716835392964696,0.41120168936152723,0.40854670189405995,0.4332163648193966,2026-09-01,1.0602,proxy_ma7_eur_l
2021-04-17,1.894,1.198,0.41764763536421795,GAZOLE,0.41805462086897033,0.41423938759794154,0.41079504505674935,0.4356004718193827,2026-09-01,1.0602,proxy_ma7_eur_l
2021-04-18,1.894,1.198,0.41764763536421795,GAZOLE,0.41764763536421795,0.4173600665034754,0.4130433882194388,0.4379845788193688,2026-09-01,1.0602,proxy_ma7_eur_l
2021-04-19,1.896,1.2028,0.4164201956028013,GAZOLE,0.41723848877707903,0.41764633871478607,0.4150378241366753,0.4400994466519195,2026-09-01,1.0602,proxy_ma7_eur_l
2021-04-20,1.878,1.2045,0.4118846943367395,GAZOLE,0.4153175084345862,0.4162495592064389,0.41644360320813106,0.4415901122141474,2026-09-01,1.0602,proxy_ma7_eur_l
2021-04-21,1.848,1.2033,0.4057092601660918,GAZOLE,0.41133805003521084,0.4138618841668137,0.4151179497252517,0.44018441053989404,2026-09-01,1.0602,proxy_ma7_eur_l
2021-04-22,1.864,1.2012,0.4099373173456449,GAZOLE,0.4091770906161587,0.41231982056309907,0.4138420533634188,0.438831470518112,2026-09-01,1.0602,proxy_ma7_eur_l
2021-04-23,1.874,1.2069,0.4101900953841828,GAZOLE,0.40861222429863986,0.41082831256709207,0.412776690509128,0.4377017768483069,2026-09-01,1.0602,proxy_ma7_eur_l
2021-04-24,1.874,1.2069,0.4101900953841828,GAZOLE,0.41010583603800344,0.40958229252336836,0.4117113276548373,0.4365720831785019,2026-09-01,1.0602,proxy_ma7_eur_l
2021-04-25,1.874,1.2069,0.4101900953841828,GAZOLE,0.4101900953841828,0.40924337273285705,0.41064596480054655,0.4354423895086968,2026-09-01,1.0602,proxy_ma7_eur_l
2021-04-26,1.878,1.2083,0.4105893522540782,GAZOLE,0.4103231810074812,0.41021939115045425,0.4098129871793004,0.4345591134098342,2026-09-01,1.0602,proxy_ma7_eur_l
2021-04-27,1.913,1.2079,0.4183799454931186,GAZOLE,0.4130531310437932,0.411907916779949,0.4107408802016403,0.43554303627646307,2026-09-01,1.0602,proxy_ma7_eur_l
2021-04-28,1.934,1.2098,0.4223084388003464,GAZOLE,0.41709257884918105,0.4143315854631817,0.4131121914351052,0.43805753664485286,2026-09-01,1.0602,proxy_ma7_eur_l
2021-04-29,1.958,1.211,0.4271254157863374,GAZOLE,0.4226046000266008,0.41771864954361265,0.4155676340694899,0.44066124860032607,2026-09-01,1.0602,proxy_ma7_eur_l
2021-04-30,1.919,1.203,0.4214016363053091,GAZOLE,0.4236118302973309,0.4199609577278379,0.4171692827725079,0.442359611175822,2026-09-01,1.0602,proxy_ma7_eur_l
2021-05-01,1.919,1.203,0.4214016363053091,GAZOLE,0.4233095627989852,0.42212341453808405,0.41877093147552596,0.44405797375131795,2026-09-01,1.0602,proxy_ma7_eur_l
2021-05-02,1.919,1.203,0.4214016363053091,GAZOLE,0.4214016363053091,0.42272775270052226,0.42037258017854395,0.44575633632681394,2026-09-01,1.0602,proxy_ma7_eur_l
2021-05-03,1.952,1.2059,0.4276174195232654,GAZOLE,0.4234735640446278,0.423789548845106,0.4228051612169993,0.44833580621293107,2026-09-01,1.0602,proxy_ma7_eur_l
2021-05-04,2.002,1.2014,0.44021345831614206,GAZOLE,0.42974417138157217,0.42640715735106693,0.42592423447743116,0.45164322143186497,2026-09-01,1.0602,proxy_ma7_eur_l
2021-05-05,1.999,1.2003,0.4399566213979328,GAZOLE,0.4359291664124467,0.43011815436959167,0.4284454034199435,0.4543166285094578,2026-09-01,1.0602,proxy_ma7_eur_l
2021-05-06,1.997,1.2049,0.43783848332577174,GAZOLE,0.43933618767994886,0.4334055237736842,0.4299758416398628,0.4559394806317251,2026-09-01,1.0602,proxy_ma7_eur_l
2021-05-07,2.013,1.2165,0.4371379707332123,GAZOLE,0.4383110251523055,0.43655279065926483,0.4322238894152775,0.4583232744077866,2026-09-01,1.0602,proxy_ma7_eur_l
2021-05-08,2.013,1.2165,0.4371379707332123,GAZOLE,0.4373714749307321,0.4384569009012543,0.43447193719069216,0.46070706818384793,2026-09-01,1.0602,proxy_ma7_eur_l
2021-05-09,2.013,1.2165,0.4371379707332123,GAZOLE,0.4371379707332123,0.43784180338466827,0.436719984966107,0.4630908619599095,2026-09-01,1.0602,proxy_ma7_eur_l
2021-05-10,2.02,1.217,0.43847785190095295,GAZOLE,0.4375845977891258,0.43754604948527237,0.43827147530577665,0.4647360374120379,2026-09-01,1.0602,proxy_ma7_eur_l
2021-05-11,2.053,1.2169,0.4456777249496907,GAZOLE,0.44043118252795194,0.4391138978100561,0.439052084824855,0.4655637832159588,2026-09-01,1.0602,proxy_ma7_eur_l
2021-05-12,2.08,1.2074,0.45509182450302194,GAZOLE,0.4464158004512218,0.442704668564018,0.44121425669701064,0.46785651556265856,2026-09-01,1.0602,proxy_ma7_eur_l
2021-05-13,2.006,1.207,0.439046509552979,GAZOLE,0.4466053530018972,0.4430863763279714,0.4413868318723259,0.468039511508438,2026-09-01,1.0602,proxy_ma7_eur_l
2021-05-14,2.045,1.2141,0.4449648686866102,GAZOLE,0.446367734247537,0.44465175591865097,0.44250496015138274,0.46922515678769017,2026-09-01,1.0602,proxy_ma7_eur_l
2021-05-15,2.045,1.2141,0.4449648686866102,GAZOLE,0.44299208230873316,0.4459491592757824,0.4436230884304396,0.47041080206694247,2026-09-01,1.0602,proxy_ma7_eur_l
2021-05-16,2.045,1.2141,0.4449648686866102,GAZOLE,0.4449648686866102,0.4458065880231663,0.4447412167094965,0.47159644734619477,2026-09-01,1.0602,proxy_ma7_eur_l
2021-05-17,2.067,1.2155,0.4492337574860492,GAZOLE,0.44638783161975654,0.44463497461977175,0.4462777746502245,0.47322578872217574,2026-09-01,1.0602,proxy_ma7_eur_l
2021-05-18,2.062,1.2203,0.44638430874580187,GAZOLE,0.44686097830615373,0.44610253445833636,0.4463787151925261,0.47333282445296504,2026-09-01,1.0602,proxy_ma7_eur_l
2021-05-19,2.013,1.2216,0.43531298411669345,GAZOLE,0.4436436834495148,0.44417215754435296,0.44355316656590776,0.4703366580441577,2026-09-01,1.0602,proxy_ma7_eur_l
2021-05-20,1.96,1.2225,0.4235396504065202,GAZOLE,0.4350789810896718,0.439887113888335,0.44133790097355646,0.46798762596880694,2026-09-01,1.0602,proxy_ma7_eur_l
2021-05-21,1.997,1.2178,0.43320051614322747,GAZOLE,0.43068438355548033,0.4375342433796584,0.4396572791816446,0.4662055215975003,2026-09-01,1.0602,proxy_ma7_eur_l
2021-05-22,1.997,1.2178,0.43320051614322747,GAZOLE,0.429980227564325,0.43432759511109414,0.43797665738973285,0.46442341722619374,2026-09-01,1.0602,proxy_ma7_eur_l
2021-05-23,1.997,1.2178,0.43320051614322747,GAZOLE,0.43320051614322747,0.4316908365905793,0.43629603559782104,0.4626413128548872,2026-09-01,1.0602,proxy_ma7_eur_l
2021-05-24,2.044,1.221,0.4422339680753934,GAZOLE,0.4362116667872827,0.4330750333823191,0.435296065682013,0.46158096080738137,2026-09-01,1.0602,proxy_ma7_eur_l
2021-05-25,2.028,1.2233,0.4379472919008624,GAZOLE,0.4377939253731611,0.4359565616811876,0.4340907775613075,0.46030289263110846,2026-09-01,1.0602,proxy_ma7_eur_l
2021-05-26,2.048,1.2204,0.44331724289535235,GAZOLE,0.44116616762386934,0.43797990703161266,0.43523424310111586,0.46151540513495554,2026-09-01,1.0602,proxy_ma7_eur_l
2021-05-27,2.059,1.2194,0.446063847634433,GAZOLE,0.4424427941435492,0.44055257332985376,0.43845198556224624,0.46492744759050175,2026-09-01,1.0602,proxy_ma7_eur_l
2021-05-28,2.04,1.2194,0.4419476683702008,GAZOLE,0.443776252966662,0.4423020037752484,0.43970157873752813,0.46625249613547604,2026-09-01,1.0602,proxy_ma7_eur_l
2021-05-29,2.04,1.2194,0.4419476683702008,GAZOLE,0.44331972812494486,0.44224474383420986,0.44095117191281,0.46757754468045026,2026-09-01,1.0602,proxy_ma7_eur_l
2021-05-30,2.04,1.2194,0.4419476683702008,GAZOLE,0.4419476683702008,0.4430448191280775,0.44220076508809186,0.4689025932254244,2026-09-01,1.0602,proxy_ma7_eur_l
2021-05-31,2.04,1.2194,0.4419476683702008,GAZOLE,0.4419476683702008,0.44277090422304727,0.4421598651302072,0.4688592235665974,2026-09-01,1.0602,proxy_ma7_eur_l
2021-06-01,2.082,1.2241,0.4493147724938036,GAZOLE,0.444403369744735,0.44342108919492135,0.44378379092919884,0.47058120841707846,2026-09-01,1.0602,proxy_ma7_eur_l
2021-06-02,2.109,1.2213,0.4561850965555842,GAZOLE,0.4491491791398628,0.44626857483199805,0.4456220557378034,0.4725304749128476,2026-09-01,1.0602,proxy_ma7_eur_l
2021-06-03,2.106,1.2122,0.4589559002361496,GAZOLE,0.45481858976184575,0.44967022120518774,0.4474637775380486,0.474483407147062,2026-09-01,1.0602,proxy_ma7_eur_l
2021-06-04,2.116,1.2173,0.4592032061035423,GAZOLE,0.4581147342984253,0.4531213287518561,0.4499288543570974,0.47709733503730795,2026-09-01,1.0602,proxy_ma7_eur_l
2021-06-05,2.116,1.2173,0.4592032061035423,GAZOLE,0.4591207708144114,0.4565724362985244,0.4523939311761462,0.4797112629275539,2026-09-01,1.0602,proxy_ma7_eur_l
2021-06-06,2.116,1.2173,0.4592032061035423,GAZOLE,0.4592032061035423,0.45855012302047216,0.454859007995195,0.4823251908177999,2026-09-01,1.0602,proxy_ma7_eur_l
2021-06-07,2.116,1.22,0.4581869367129853,GAZOLE,0.4588644496400233,0.45895049105195235,0.4571789034727357,0.48478517074391797,2026-09-01,1.0602,proxy_ma7_eur_l
2021-06-08,2.141,1.218,0.46436154687914266,GAZOLE,0.4605838965652234,0.46003162038055095,0.45932844267064127,0.4870645076056188,2026-09-01,1.0602,proxy_ma7_eur_l
2021-06-09,2.126,1.2184,0.4609568149322255,GAZOLE,0.46116843284145115,0.46038234214628765,0.46001011672444714,0.48778734383024724,2026-09-01,1.0602,proxy_ma7_eur_l
2021-06-10,2.144,1.2173,0.46527961903874987,GAZOLE,0.4635326602833727,0.46159762473332916,0.4609135051248186,0.48874528238908155,2026-09-01,1.0602,proxy_ma7_eur_l
2021-06-11,2.12,1.2101,0.4628086530032846,GAZOLE,0.46301502899141994,0.46231871411327763,0.46142856896763895,0.489291447820358,2026-09-01,1.0602,proxy_ma7_eur_l
2021-06-12,2.12,1.2101,0.4628086530032846,GAZOLE,0.4636323083484397,0.4632430573713374,0.46194363281045925,0.48983761325163444,2026-09-01,1.0602,proxy_ma7_eur_l
2021-06-13,2.12,1.2101,0.4628086530032846,GAZOLE,0.4628086530032846,0.4629324785961658,0.4624586966532796,0.4903837786829109,2026-09-01,1.0602,proxy_ma7_eur_l
2021-06-14,2.115,1.2126,0.4607652076014217,GAZOLE,0.46212750453599694,0.4628941571300051,0.46282702106591334,0.4907743439778347,2026-09-01,1.0602,proxy_ma7_eur_l
2021-06-15,2.116,1.212,0.4612112729289126,GAZOLE,0.46159504451120625,0.46208048790803763,0.4623769819301663,0.49029712970218176,2026-09-01,1.0602,proxy_ma7_eur_l
2021-06-16,2.095,1.2119,0.4566717135822436,GAZOLE,0.459549398037526,0.4608531000238294,0.46176482459445456,0.48964800788955887,2026-09-01,1.0602,proxy_ma7_eur_l
2021-06-17,2.066,1.1911,0.45821464207197937,GAZOLE,0.4586992095277118,0.45993429783756834,0.46075554217063014,0.48857778100803406,2026-09-01,1.0602,proxy_ma7_eur_l
2021-06-18,2.088,1.1872,0.4646152672875791,GAZOLE,0.459833874313934,0.4602956206944272,0.4610136299255294,0.4888514531205821,2026-09-01,1.0602,proxy_ma7_eur_l
2021-06-19,2.088,1.1872,0.4646152672875791,GAZOLE,0.4624817255490459,0.4610656326316588,0.4612717176804286,0.4891251252331299,2026-09-01,1.0602,proxy_ma7_eur_l
2021-06-20,2.088,1.1872,0.4646152672875791,GAZOLE,0.4646152672875791,0.46174643150339206,0.46152980543532784,0.4893987973456779,2026-09-01,1.0602,proxy_ma7_eur_l
2021-06-21,2.124,1.1909,0.4711574768735471,GAZOLE,0.4667960038162351,0.4646435841616528,0.4630144153313457,0.4909730538489027,2026-09-01,1.0602,proxy_ma7_eur_l
2021-06-22,2.154,1.191,0.47777212491977467,GAZOLE,0.4711816230269669,0.4685550807312119,0.4653802513300403,0.49348174836622893,2026-09-01,1.0602,proxy_ma7_eur_l
2021-06-23,2.157,1.195,0.4768360811184319,GAZOLE,0.4752552276372512,0.47099924349738237,0.46826087526378146,0.4965363157466571,2026-09-01,1.0602,proxy_ma7_eur_l
2021-06-24,2.164,1.1927,0.4793060462002458,GAZOLE,0.4779714174128174,0.47393739927991574,0.471273932996391,0.49973131380161767,2026-09-01,1.0602,proxy_ma7_eur_l
2021-06-25,2.145,1.194,0.47458044581928677,GAZOLE,0.4769075243793215,0.4759304349862573,0.47269752992949204,0.5012408731383272,2026-09-01,1.0602,proxy_ma7_eur_l
2021-06-26,2.145,1.194,0.47458044581928677,GAZOLE,0.4761556459462731,0.47661502877540524,0.47412112686259317,0.5027504324750369,2026-09-01,1.0602,proxy_ma7_eur_l
2021-06-27,2.145,1.194,0.47458044581928677,GAZOLE,0.47458044581928677,0.47597669295530753,0.4755447237956943,0.5042599918117465,2026-09-01,1.0602,proxy_ma7_eur_l
2021-06-28,2.118,1.1938,0.4686852126776331,GAZOLE,0.47261536810540217,0.4743465192671478,0.475191543196278,0.5038854847732746,2026-09-01,1.0602,proxy_ma7_eur_l
2021-06-29,2.132,1.1905,0.4730909833074948,GAZOLE,0.4721188806014715,0.47310350668859763,0.47452280868023794,0.5031763694267914,2026-09-01,1.0602,proxy_ma7_eur_l
2021-06-30,2.126,1.1848,0.4740291891571771,GAZOLE,0.4719351283807683,0.4729932553561757,0.47412182411434445,0.5027511718296018,2026-09-01,1.0602,proxy_ma7_eur_l
2021-07-01,2.147,1.1857,0.4783481457476129,GAZOLE,0.4751561060707616,0.47374679534184094,0.4739849811925398,0.5026060657918817,2026-09-01,1.0602,proxy_ma7_eur_l
2021-07-02,2.179,1.1848,0.4858464737410578,GAZOLE,0.4794079362152826,0.4760000009261951,0.4755944137527927,0.5043126822446453,2026-09-01,1.0602,proxy_ma7_eur_l
2021-07-03,2.179,1.1848,0.4858464737410578,GAZOLE,0.4833470310765762,0.47943225313888005,0.47720384631304574,0.5060192986974092,2026-09-01,1.0602,proxy_ma7_eur_l
2021-07-04,2.179,1.1848,0.4858464737410578,GAZOLE,0.4858464737410578,0.48198335122559277,0.4788132788732988,0.507725915150173,2026-09-01,1.0602,proxy_ma7_eur_l
2021-07-05,2.179,1.1848,0.4858464737410578,GAZOLE,0.4858464737410578,0.48434680814236886,0.48126488759664515,0.510325561687922,2026-09-01,1.0602,proxy_ma7_eur_l
2021-07-06,2.12,1.1816,0.47397152251123453,GAZOLE,0.48188815666445,0.48347148349509317,0.48139067891146514,0.5104589487789927,2026-09-01,1.0602,proxy_ma7_eur_l
2021-07-07,2.087,1.1803,0.46710757711722095,GAZOLE,0.47564185778983775,0.4797237041703258,0.48040187719147137,0.5094104393070596,2026-09-01,1.0602,proxy_ma7_eur_l
2021-07-08,2.128,1.184,0.47479571572478035,GAZOLE,0.4719582717844119,0.4775135525670703,0.47989438718820965,0.5088723050536782,2026-09-01,1.0602,proxy_ma7_eur_l
2021-07-09,2.152,1.1861,0.47930044403906535,GAZOLE,0.47373457896035553,0.47620434662667177,0.47895924008792495,0.507880690079237,2026-09-01,1.0602,proxy_ma7_eur_l
2021-07-10,2.152,1.1861,0.47930044403906535,GAZOLE,0.47779886793430365,0.47489514068627325,0.4780240929876403,0.5068890751047959,2026-09-01,1.0602,proxy_ma7_eur_l
2021-07-11,2.152,1.1861,0.47930044403906535,GAZOLE,0.47930044403906535,0.47596092499183945,0.4770889458873557,0.5058974601303545,2026-09-01,1.0602,proxy_ma7_eur_l
2021-07-12,2.15,1.1858,0.4789761448558097,GAZOLE,0.47919234431131347,0.4783346385395572,0.4761074703323202,0.504856719206146,2026-09-01,1.0602,proxy_ma7_eur_l
2021-07-13,2.18,1.1813,0.48750958616842766,GAZOLE,0.48192872502110085,0.48087741262828665,0.47804147942620495,0.5069075114051679,2026-09-01,1.0602,proxy_ma7_eur_l
2021-07-14,2.136,1.1826,0.477144853574332,GAZOLE,0.48121019486618977,0.48044629453534,0.47947537606293505,0.5084279923822779,2026-09-01,1.0602,proxy_ma7_eur_l
2021-07-15,2.103,1.1806,0.47056905481042366,GAZOLE,0.47840783151772776,0.4787000166896117,0.47887156736088415,0.5077877233267792,2026-09-01,1.0602,proxy_ma7_eur_l
2021-07-16,2.102,1.181,0.47018598988723787,GAZOLE,0.47263329942399784,0.47687712585924624,0.4775695024820516,0.5064070346296199,2026-09-01,1.0602,proxy_ma7_eur_l
2021-07-17,2.102,1.181,0.47018598988723787,GAZOLE,0.47031367819496644,0.47511909486553183,0.47626743760321916,0.5050263459324607,2026-09-01,1.0602,proxy_ma7_eur_l
2021-07-18,2.102,1.181,0.47018598988723787,GAZOLE,0.47018598988723787,0.4716543756092938,0.47496537272438666,0.5036456572353015,2026-09-01,1.0602,proxy_ma7_eur_l
2021-07-19,1.984,1.1804,0.4440167332078673,GAZOLE,0.46146290432744763,0.4650287515360009,0.46997117106039493,0.4983498859562311,2026-09-01,1.0602,proxy_ma7_eur_l
2021-07-20,2.015,1.1776,0.45202673700889023,GAZOLE,0.45540982003466507,0.46132028797569424,0.46490219260903237,0.49297482257212727,2026-09-01,1.0602,proxy_ma7_eur_l
2021-07-21,2.084,1.1799,0.466594251304671,GAZOLE,0.45421257384047614,0.4606019402591809,0.4633949637133665,0.49137658124474914,2026-09-01,1.0602,proxy_ma7_eur_l
2021-07-22,2.127,1.1771,0.4773544774154971,GAZOLE,0.4653251552430195,0.4620356377648327,0.46436430979980564,0.4924044602751567,2026-09-01,1.0602,proxy_ma7_eur_l
2021-07-23,2.133,1.1761,0.47910805856638944,GAZOLE,0.47435226242885253,0.46382005150066297,0.4656388910396844,0.49375600576272854,2026-09-01,1.0602,proxy_ma7_eur_l
2021-07-24,2.133,1.1761,0.47910805856638944,GAZOLE,0.478523531516092,0.4708383165723674,0.46691347227956326,0.4951075512503005,2026-09-01,1.0602,proxy_ma7_eur_l
2021-07-25,2.133,1.1761,0.47910805856638944,GAZOLE,0.47910805856638944,0.4762545808838673,0.4681880535194419,0.4964590967378722,2026-09-01,1.0602,proxy_ma7_eur_l
2021-07-26,2.156,1.181,0.4822649829671194,GAZOLE,0.4801603666999661,0.47938872721635695,0.4736520891993351,0.5022530724657699,2026-09-01,1.0602,proxy_ma7_eur_l
2021-07-27,2.146,1.1831,0.4791760834761106,GAZOLE,0.48018304166987313,0.4797530484284797,0.47753056726608095,0.5063657483515811,2026-09-01,1.0602,proxy_ma7_eur_l
2021-07-28,2.151,1.1809,0.48118730173797714,GAZOLE,0.48087612272706903,0.4801688970627972,0.47961528875655324,0.508576353556754,2026-09-01,1.0602,proxy_ma7_eur_l
2021-07-29,2.19,1.1886,0.48673800661647737,GAZOLE,0.4823671306101884,0.4816948866728148,0.4809557929281219,0.5099978026629147,2026-09-01,1.0602,proxy_ma7_eur_l
2021-07-30,2.191,1.1864,0.4878632558299926,GAZOLE,0.48526285472814906,0.4834459261255354,0.4822065353943509,0.5113240698975612,2026-09-01,1.0602,proxy_ma7_eur_l
2021-07-31,2.191,1.1864,0.4878632558299926,GAZOLE,0.4874881727588209,0.48456558069811007,0.48345727786057985,0.5126503371322076,2026-09-01,1.0602,proxy_ma7_eur_l
2021-08-01,2.191,1.1864,0.4878632558299926,GAZOLE,0.4878632558299926,0.4863030151688865,0.48470802032680893,0.5139766043668542,2026-09-01,1.0602,proxy_ma7_eur_l
2021-08-02,2.142,1.1873,0.47659103524901364,GAZOLE,0.4841058489696663,0.4853837618710938,0.48389745636707954,0.5131170953548866,2026-09-01,1.0602,proxy_ma7_eur_l
2021-08-03,2.123,1.1859,0.4729212135562435,GAZOLE,0.4791251682117499,0.482620403259047,0.48300390352138417,0.5121695862603535,2026-09-01,1.0602,proxy_ma7_eur_l
2021-08-04,2.069,1.1841,0.4615927508901352,GAZOLE,0.4703683332317974,0.4773663022710755,0.4802046819716925,0.5092013366613247,2026-09-01,1.0602,proxy_ma7_eur_l
2021-08-05,2.101,1.1838,0.4688507197199441,GAZOLE,0.4677882280554409,0.47356379504906576,0.4776493552721877,0.5064917092465073,2026-09-01,1.0602,proxy_ma7_eur_l
2021-08-06,2.076,1.1761,0.4663048896314227,GAZOLE,0.4655827867471673,0.46925212180935183,0.474569588672392,0.5032259741795732,2026-09-01,1.0602,proxy_ma7_eur_l
2021-08-07,2.076,1.1761,0.4663048896314227,GAZOLE,0.46715349966092984,0.46719489268583364,0.4714898220725963,0.49996023911263915,2026-09-01,1.0602,proxy_ma7_eur_l
2021-08-08,2.076,1.1761,0.4663048896314227,GAZOLE,0.4663048896314227,0.46587162790086944,0.4684100554728006,0.49669450404570503,2026-09-01,1.0602,proxy_ma7_eur_l
2021-08-09,2.044,1.1749,0.45958607117206174,GAZOLE,0.46406528347830234,0.4654702919572548,0.4659807748903789,0.49411853391018806,2026-09-01,1.0602,proxy_ma7_eur_l
2021-08-10,2.083,1.1722,0.46943387225902,GAZOLE,0.46510827768750146,0.46558692246507,0.4654825832764899,0.4935902595196424,2026-09-01,1.0602,proxy_ma7_eur_l
2021-08-11,2.108,1.1737,0.47446083869044636,GAZOLE,0.4678269273738427,0.46721811227687465,0.4673208815336772,0.4955395614837518,2026-09-01,1.0602,proxy_ma7_eur_l
2021-08-12,2.098,1.1736,0.4722503117309095,GAZOLE,0.4720483408934586,0.46840719669677205,0.4678065375352437,0.49605454331220855,2026-09-01,1.0602,proxy_ma7_eur_l
2021-08-13,2.063,1.1796,0.46200995592985783,GAZOLE,0.46957370211707117,0.46754820995645907,0.46719297557787726,0.49540393206132954,2026-09-01,1.0602,proxy_ma7_eur_l
2021-08-14,2.063,1.1796,0.46200995592985783,GAZOLE,0.4654234078635417,0.4680329869080183,0.46657941362051086,0.4947533208104507,2026-09-01,1.0602,proxy_ma7_eur_l
2021-08-15,2.063,1.1796,0.46200995592985783,GAZOLE,0.46200995592985783,0.46654820364218585,0.46596585166314436,0.49410270955957164,2026-09-01,1.0602,proxy_ma7_eur_l
2021-08-16,2.05,1.1776,0.4598783180487468,GAZOLE,0.46129940996948743,0.463631699513846,0.4660076012169566,0.49414698011628283,2026-09-01,1.0602,proxy_ma7_eur_l
2021-08-17,2.037,1.1714,0.45938063057328693,GAZOLE,0.46042296818396383,0.46105776328232145,0.46457142383328043,0.49262408067172103,2026-09-01,1.0602,proxy_ma7_eur_l
2021-08-18,1.999,1.1702,0.4512732290753194,GAZOLE,0.456844059232451,0.45891041791141374,0.4612589081739765,0.48911154223810255,2026-09-01,1.0602,proxy_ma7_eur_l
2021-08-19,1.969,1.1693,0.44484287273855666,GAZOLE,0.4518322441290543,0.45547700127315355,0.4573435597464976,0.48495976961360193,2026-09-01,1.0602,proxy_ma7_eur_l
2021-08-20,1.897,1.169,0.4286863843656181,GAZOLE,0.44160082872649803,0.4488122869603056,0.4525830495230348,0.4799118009869236,2026-09-01,1.0602,proxy_ma7_eur_l
2021-08-21,1.897,1.169,0.4286863843656181,GAZOLE,0.4340718804899309,0.4425739002236798,0.447822539299572,0.47486383236024526,2026-09-01,1.0602,proxy_ma7_eur_l
2021-08-22,1.897,1.169,0.4286863843656181,GAZOLE,0.4286863843656181,0.43643505098214613,0.4430620290761092,0.4698158637335669,2026-09-01,1.0602,proxy_ma7_eur_l
2021-08-23,1.996,1.1732,0.44944375767717715,GAZOLE,0.4356055088028044,0.4360691567025176,0.44157137759445636,0.46823520082991255,2026-09-01,1.0602,proxy_ma7_eur_l
2021-08-24,2.066,1.1746,0.46465133677161125,GAZOLE,0.44759382627146876,0.4400308495091285,0.4423243356227884,0.4690336254368994,2026-09-01,1.0602,proxy_ma7_eur_l
2021-08-25,2.113,1.1758,0.47473681462218714,GAZOLE,0.4629439696903252,0.44924093556044237,0.4456762764151981,0.47258796964882294,2026-09-01,1.0602,proxy_ma7_eur_l
2021-08-26,2.079,1.1761,0.4669787406279999,GAZOLE,0.46878896400726605,0.4568994068129187,0.4488385432565471,0.47594118664763096,2026-09-01,1.0602,proxy_ma7_eur_l
2021-08-27,2.107,1.1794,0.4719437971160071,GAZOLE,0.47121978412206467,0.4655508893629965,0.4550181736494598,0.4824939675227029,2026-09-01,1.0602,proxy_ma7_eur_l
2021-08-28,2.107,1.1794,0.4719437971160071,GAZOLE,0.4702887782866713,0.4700508972507625,0.46119780404237254,0.4890467483977749,2026-09-01,1.0602,proxy_ma7_eur_l
2021-08-29,2.107,1.1794,0.4719437971160071,GAZOLE,0.4719437971160071,0.4715093893196417,0.4673774344352853,0.49559952927284684,2026-09-01,1.0602,proxy_ma7_eur_l
2021-08-30,2.14,1.1795,0.47929477918307556,GAZOLE,0.47439412447169654,0.47242098223181933,0.471641866078985,0.5001214641364489,2026-09-01,1.0602,proxy_ma7_eur_l
2021-08-31,2.14,1.18,0.47909168817494724,GAZOLE,0.47677675482467663,0.4748435717412088,0.47370477342231876,0.5023089379701503,2026-09-01,1.0602,proxy_ma7_eur_l
2021-09-01,2.12,1.185,0.47261160421879717,GAZOLE,0.4769993571922733,0.4749771331617668,0.47340117193612014,0.5019870038275053,2026-09-01,1.0602,proxy_ma7_eur_l
2021-09-02,2.159,1.1858,0.48098116127613627,GAZOLE,0.4775614845566269,0.47678460599379263,0.47540151774299677,0.5041081384121666,2026-09-01,1.0602,proxy_ma7_eur_l
2021-09-03,2.157,1.1884,0.4794842788089248,GAZOLE,0.4776923481012861,0.47829270233237625,0.4764787294134137,0.5052503963763982,2026-09-01,1.0602,proxy_ma7_eur_l
2021-09-04,2.157,1.1884,0.4794842788089248,GAZOLE,0.4799832396313286,0.47833060225754603,0.4775559410838304,0.5063926543406297,2026-09-01,1.0602,proxy_ma7_eur_l
2021-09-05,2.157,1.1884,0.4794842788089248,GAZOLE,0.4794842788089248,0.4784091203843415,0.4786331527542472,0.5075349123048611,2026-09-01,1.0602,proxy_ma7_eur_l
2021-09-06,2.157,1.1884,0.4794842788089248,GAZOLE,0.4794842788089248,0.47978365530236705,0.4786602241293686,0.5075636183564983,2026-09-01,1.0602,proxy_ma7_eur_l
2021-09-07,2.122,1.1849,0.47309738805299256,GAZOLE,0.477355315223614,0.4782069006577384,0.4778038955405179,0.5066555812664105,2026-09-01,1.0602,proxy_ma7_eur_l
2021-09-08,2.134,1.1818,0.477020781631654,GAZOLE,0.47653414949785705,0.4777142012222842,0.4784337780280689,0.5073234985455249,2026-09-01,1.0602,proxy_ma7_eur_l
2021-09-09,2.111,1.1827,0.4715204215169116,GAZOLE,0.4738795304005194,0.47612142976388155,0.47708224377675107,0.5058903533198498,2026-09-01,1.0602,proxy_ma7_eur_l
2021-09-10,2.14,1.1821,0.478240582054342,GAZOLE,0.4755939284009692,0.475872690412965,0.47690457281181065,0.5057019538805478,2026-09-01,1.0602,proxy_ma7_eur_l
2021-09-11,2.14,1.1821,0.478240582054342,GAZOLE,0.47600052854186514,0.47562395106204847,0.4767269018468703,0.5055135544412462,2026-09-01,1.0602,proxy_ma7_eur_l
2021-09-12,2.14,1.1821,0.478240582054342,GAZOLE,0.478240582054342,0.47665258986231834,0.47654923088192985,0.5053251550019444,2026-09-01,1.0602,proxy_ma7_eur_l
2021-09-13,2.16,1.1809,0.4832006377285127,GAZOLE,0.4798939339457322,0.47788856108169,0.4770801392990138,0.5058881217654375,2026-09-01,1.0602,proxy_ma7_eur_l
2021-09-14,2.161,1.1824,0.482811066598409,GAZOLE,0.48141742879375454,0.48014669009798955,0.4784678076626448,0.5073595830237958,2026-09-01,1.0602,proxy_ma7_eur_l
2021-09-15,2.207,1.1811,0.4936311231516667,GAZOLE,0.4865476091595294,0.4832247983174545,0.4808407135940751,0.5098757743843105,2026-09-01,1.0602,proxy_ma7_eur_l
2021-09-16,2.214,1.1764,0.4971752158457503,GAZOLE,0.49120580186527535,0.4870117250757361,0.4845056842124807,0.5137620503990592,2026-09-01,1.0602,proxy_ma7_eur_l
2021-09-17,2.208,1.1734,0.49709552719174344,GAZOLE,0.4959672887297201,0.4907827141032165,0.487199247803538,0.5166182619947418,2026-09-01,1.0602,proxy_ma7_eur_l
2021-09-18,2.208,1.1734,0.49709552719174344,GAZOLE,0.4971220900764124,0.49356169199586264,0.4898928113945954,0.5194744735904246,2026-09-01,1.0602,proxy_ma7_eur_l
2021-09-19,2.208,1.1734,0.49709552719174344,GAZOLE,0.49709552719174344,0.49641858411452944,0.4925863749856528,0.5223306851861074,2026-09-01,1.0602,proxy_ma7_eur_l
2021-09-20,2.172,1.1729,0.4891991625218675,GAZOLE,0.4944634056351181,0.4955321919885696,0.4934433070989891,0.5232393622438721,2026-09-01,1.0602,proxy_ma7_eur_l
2021-09-21,2.184,1.1724,0.49211170449522024,GAZOLE,0.49280213140294366,0.4945194897184636,0.4947719696556764,0.5246482546916905,2026-09-01,1.0602,proxy_ma7_eur_l
2021-09-22,2.21,1.1739,0.49733387487137576,GAZOLE,0.4928815806294878,0.4945671592543901,0.4953009341870635,0.5252091601899935,2026-09-01,1.0602,proxy_ma7_eur_l
2021-09-23,2.248,1.1735,0.5060577534734706,GAZOLE,0.49850111094668886,0.4963596045107355,0.49656986813388065,0.5265547173786514,2026-09-01,1.0602,proxy_ma7_eur_l
2021-09-24,2.27,1.1715,0.5118826793452812,GAZOLE,0.5050914358967091,0.4993170349414431,0.4986823184415289,0.5287947257764632,2026-09-01,1.0602,proxy_ma7_eur_l
2021-09-25,2.27,1.1715,0.5118826793452812,GAZOLE,0.509941037388011,0.5038537383061257,0.500794768749177,0.5310347341742749,2026-09-01,1.0602,proxy_ma7_eur_l
2021-09-26,2.27,1.1715,0.5118826793452812,GAZOLE,0.5118826793452812,0.507807933276138,0.5029072190568253,0.5332747425720867,2026-09-01,1.0602,proxy_ma7_eur_l
2021-09-27,2.297,1.1702,0.5185465768814451,GAZOLE,0.5141039785240025,0.5120504736781518,0.5070997068224793,0.5377203893022307,2026-09-01,1.0602,proxy_ma7_eur_l
2021-09-28,2.283,1.1681,0.5163126406417712,GAZOLE,0.5155806322894992,0.5141014511118119,0.5105569834148438,0.5413864299056075,2026-09-01,1.0602,proxy_ma7_eur_l
2021-09-29,2.312,1.1612,0.5259781132036162,GAZOLE,0.5202791102422775,0.5169205378834789,0.5146490174623067,0.5457255571254346,2026-09-01,1.0602,proxy_ma7_eur_l
2021-09-30,2.344,1.1577,0.5348702519888571,GAZOLE,0.5257203352780815,0.5215180524121941,0.5187650886787905,0.550090172973454,2026-09-01,1.0602,proxy_ma7_eur_l
2021-10-01,2.381,1.1598,0.5423294159896115,GAZOLE,0.5343925937273616,0.5276073997410602,0.5231146224851233,0.5547023488042778,2026-09-01,1.0602,proxy_ma7_eur_l
2021-10-02,2.381,1.1598,0.5423294159896115,GAZOLE,0.53984302798936,0.5323639675626934,0.5274641562914563,0.5593145246351018,2026-09-01,1.0602,proxy_ma7_eur_l
2021-10-03,2.381,1.1598,0.5423294159896115,GAZOLE,0.5423294159896115,0.5375673226322616,0.5318136900977891,0.5639267004659256,2026-09-01,1.0602,proxy_ma7_eur_l
2021-10-04,2.439,1.1622,0.5543930783871314,GAZOLE,0.5463506367887848,0.5432503156689646,0.5369346188843157,0.5693568511515462,2026-09-01,1.0602,proxy_ma7_eur_l
2021-10-05,2.503,1.1609,0.5695776096584078,GAZOLE,0.5554333680117168,0.5501917872028748,0.5445439001724067,0.5774256108875381,2026-09-01,1.0602,proxy_ma7_eur_l
2021-10-06,2.44,1.1546,0.5582710962704678,GAZOLE,0.5607472614386689,0.553380123259046,0.5491571834676712,0.5823174624427973,2026-09-01,1.0602,proxy_ma7_eur_l
2021-10-07,2.472,1.1561,0.5648588473569267,GAZOLE,0.5642358510952674,0.5578860095325091,0.5534412685202527,0.586860237465707,2026-09-01,1.0602,proxy_ma7_eur_l
2021-10-08,2.483,1.1572,0.5668330504712086,GAZOLE,0.5633209980328676,0.5627867364288284,0.5569417877319093,0.5905721318484637,2026-09-01,1.0602,proxy_ma7_eur_l
2021-10-09,2.483,1.1572,0.5668330504712086,GAZOLE,0.566174982766448,0.5652747308456438,0.560442306943566,0.5942840262312206,2026-09-01,1.0602,proxy_ma7_eur_l
2021-10-10,2.483,1.1572,0.5668330504712086,GAZOLE,0.5668330504712086,0.5647258190082041,0.5639428261552227,0.5979959206139774,2026-09-01,1.0602,proxy_ma7_eur_l
2021-10-11,2.529,1.1572,0.5773341863236756,GAZOLE,0.5703334290886977,0.5685384370188455,0.5672201272890148,0.6014711181299962,2026-09-01,1.0602,proxy_ma7_eur_l
2021-10-12,2.527,1.1541,0.5784271521610269,GAZOLE,0.5741981296519704,0.5712520979796657,0.5684843476465318,0.6028116771042213,2026-09-01,1.0602,proxy_ma7_eur_l
2021-10-13,2.542,1.1568,0.5805025562711041,GAZOLE,0.578754631585269,0.5739859991396448,0.5716602705037656,0.6061793747230714,2026-09-01,1.0602,proxy_ma7_eur_l
2021-10-14,2.588,1.1591,0.5898345884763075,GAZOLE,0.5829214323028129,0.5785863067406645,0.57522823352082,0.6099627854344841,2026-09-01,1.0602,proxy_ma7_eur_l
2021-10-15,2.588,1.1594,0.5896819661056479,GAZOLE,0.5866730369510199,0.5831560898675524,0.5784923643257399,0.6134240173451729,2026-09-01,1.0602,proxy_ma7_eur_l
2021-10-16,2.588,1.1594,0.5896819661056479,GAZOLE,0.5897328402292011,0.5856256458239468,0.5817564951306597,0.6168852492558619,2026-09-01,1.0602,proxy_ma7_eur_l
2021-10-17,2.588,1.1594,0.5896819661056479,GAZOLE,0.5896819661056479,0.587876608612871,0.5850206259355798,0.6203464811665509,2026-09-01,1.0602,proxy_ma7_eur_l
2021-10-18,2.557,1.1609,0.5818657402702949,GAZOLE,0.5870765574938636,0.5881492454127093,0.5856679907850967,0.6210329364616722,2026-09-01,1.0602,proxy_ma7_eur_l
2021-10-19,2.567,1.1632,0.5829862950510377,GAZOLE,0.5848446671423269,0.5867795867276554,0.5863192969122412,0.6217235710243257,2026-09-01,1.0602,proxy_ma7_eur_l
2021-10-20,2.598,1.1643,0.5894692021184142,GAZOLE,0.584773745813249,0.5867370339302086,0.5876002463189998,0.623081869213837,2026-09-01,1.0602,proxy_ma7_eur_l
2021-10-21,2.558,1.1643,0.580393463825598,GAZOLE,0.58428298699835,0.5848793334741986,0.5862515142260413,0.6216516953519067,2026-09-01,1.0602,proxy_ma7_eur_l
2021-10-22,2.558,1.1632,0.5809423228440024,GAZOLE,0.5836016629293382,0.5831314048218694,0.5850029937600919,0.6203277842906899,2026-09-01,1.0602,proxy_ma7_eur_l
2021-10-23,2.558,1.1632,0.5809423228440024,GAZOLE,0.5807593698378676,0.5829467213366109,0.5837544732941424,0.6190038732294729,2026-09-01,1.0602,proxy_ma7_eur_l
2021-10-24,2.558,1.1632,0.5809423228440024,GAZOLE,0.5809423228440024,0.5825379268952039,0.5825059528281932,0.6176799621682562,2026-09-01,1.0602,proxy_ma7_eur_l
2021-10-25,2.572,1.1609,0.5852791098847082,GAZOLE,0.5823879185242377,0.5816999084484626,0.5829935770588236,0.6181970310752188,2026-09-01,1.0602,proxy_ma7_eur_l
2021-10-26,2.573,1.159,0.5864665148554925,GAZOLE,0.584229315861401,0.5829145186544415,0.5834907513166029,0.618724226677676,2026-09-01,1.0602,proxy_ma7_eur_l
2021-10-27,2.505,1.16,0.5704749923768636,GAZOLE,0.5807402057056881,0.5808210525610138,0.5807772927820957,0.6158469188033068,2026-09-01,1.0602,proxy_ma7_eur_l
2021-10-28,2.51,1.1685,0.5674555852964933,GAZOLE,0.5747990308429497,0.578123705051512,0.578929024420795,0.6138870447008326,2026-09-01,1.0602,proxy_ma7_eur_l
2021-10-29,2.487,1.1552,0.5687291328035969,GAZOLE,0.5688865701589846,0.5756810670434309,0.5771842829864513,0.6120369488899206,2026-09-01,1.0602,proxy_ma7_eur_l
2021-10-30,2.487,1.1552,0.5687291328035969,GAZOLE,0.5683046169678957,0.5723710716272087,0.5754395415521076,0.6101868530790084,2026-09-01,1.0602,proxy_ma7_eur_l
2021-10-31,2.487,1.1552,0.5687291328035969,GAZOLE,0.5687291328035969,0.5688235952168295,0.573694800117764,0.6083367572680963,2026-09-01,1.0602,proxy_ma7_eur_l
2021-11-01,2.511,1.1591,0.5722854140896477,GAZOLE,0.5699145598989471,0.5691856795593864,0.5718385578613268,0.606368427775214,2026-09-01,1.0602,proxy_ma7_eur_l
2021-11-02,2.51,1.1581,0.5725514648294211,GAZOLE,0.571188670574222,0.570204855465972,0.5698506935718881,0.6042605283912944,2026-09-01,1.0602,proxy_ma7_eur_l
2021-11-03,2.431,1.1584,0.5543873094636212,GAZOLE,0.56640806279423,0.5673364907979768,0.5675524531557106,0.6018235111446453,2026-09-01,1.0602,proxy_ma7_eur_l
2021-11-04,2.415,1.1546,0.5525511055299916,GAZOLE,0.5598299599410113,0.5641008853432556,0.5654232417604961,0.5995657295586221,2026-09-01,1.0602,proxy_ma7_eur_l
2021-11-05,2.455,1.1554,0.5613141669891417,GAZOLE,0.5560841939942516,0.5626178921803647,0.5643639609298596,0.5984424851690734,2026-09-01,1.0602,proxy_ma7_eur_l
2021-11-06,2.455,1.1554,0.5613141669891417,GAZOLE,0.5583931465027584,0.5604236427602635,0.5633046800992232,0.5973192407795245,2026-09-01,1.0602,proxy_ma7_eur_l
2021-11-07,2.455,1.1554,0.5613141669891417,GAZOLE,0.5613141669891417,0.5581761831922076,0.5622453992685867,0.5961959963899757,2026-09-01,1.0602,proxy_ma7_eur_l
2021-11-08,2.478,1.159,0.5648130679408903,GAZOLE,0.5624804673063912,0.5602613348876615,0.5611779212473357,0.5950640598310778,2026-09-01,1.0602,proxy_ma7_eur_l
2021-11-09,2.517,1.1589,0.573751881771904,GAZOLE,0.5666263722339787,0.5645014901360439,0.561349409381976,0.5952459030963744,2026-09-01,1.0602,proxy_ma7_eur_l
2021-11-10,2.455,1.1517,0.5631174685588733,GAZOLE,0.5672274727572225,0.5648621504499902,0.5625965749670121,0.5965683774636189,2026-09-01,1.0602,proxy_ma7_eur_l
2021-11-11,2.445,1.1517,0.5608237110494686,GAZOLE,0.5658976871267486,0.5647640592620556,0.5637783757555087,0.597821540049829,2026-09-01,1.0602,proxy_ma7_eur_l
2021-11-12,2.411,1.1443,0.5566012568692614,GAZOLE,0.5601808121592011,0.5638214772380795,0.56310510288124,0.5971076123011287,2026-09-01,1.0602,proxy_ma7_eur_l
2021-11-13,2.411,1.1443,0.5566012568692614,GAZOLE,0.5580087415959971,0.5621791150237537,0.5624318300069715,0.5963936845524286,2026-09-01,1.0602,proxy_ma7_eur_l
2021-11-14,2.411,1.1443,0.5566012568692614,GAZOLE,0.5566012568692614,0.5587489900432253,0.561758557132703,0.5956797568037283,2026-09-01,1.0602,proxy_ma7_eur_l
2021-11-15,2.408,1.1421,0.5569795132461443,GAZOLE,0.5567273423282223,0.5575213989806794,0.5606394778905964,0.5944931031385228,2026-09-01,1.0602,proxy_ma7_eur_l
2021-11-16,2.434,1.1333,0.5673650184767788,GAZOLE,0.5603152628640614,0.5588296604661414,0.5597270688484356,0.5935255992359315,2026-09-01,1.0602,proxy_ma7_eur_l
2021-11-17,2.372,1.1322,0.5534500160691821,GAZOLE,0.559264849264035,0.5581994123061256,0.5583460042070512,0.5920611404586427,2026-09-01,1.0602,proxy_ma7_eur_l
2021-11-18,2.387,1.1358,0.5551846178718968,GAZOLE,0.5586665508059525,0.5579160845066526,0.557540419467398,0.591206911331719,2026-09-01,1.0602,proxy_ma7_eur_l
2021-11-19,2.29,1.1318,0.5345060963952641,GAZOLE,0.547713576778781,0.5534970524118532,0.5543839679711128,0.5878598608314705,2026-09-01,1.0602,proxy_ma7_eur_l
2021-11-20,2.29,1.1318,0.5345060963952641,GAZOLE,0.5413989368874751,0.5490023690416772,0.5512275164748274,0.5845128103312216,2026-09-01,1.0602,proxy_ma7_eur_l
2021-11-21,2.29,1.1318,0.5345060963952641,GAZOLE,0.5345060963952641,0.5424305846253742,0.5480710649785421,0.581165759830973,2026-09-01,1.0602,proxy_ma7_eur_l
2021-11-22,2.323,1.126,0.5450014899005141,GAZOLE,0.5380045608970141,0.5407408793916406,0.5463599187863092,0.5793512878755344,2026-09-01,1.0602,proxy_ma7_eur_l
2021-11-23,2.394,1.1265,0.5614095813097268,GAZOLE,0.546972389201835,0.5419858720792067,0.5455091420481589,0.5784491378788128,2026-09-01,1.0602,proxy_ma7_eur_l
2021-11-24,2.373,1.1196,0.5599145054000413,GAZOLE,0.5554418588700941,0.5470675538801621,0.546432640523996,0.5794284008388699,2026-09-01,1.0602,proxy_ma7_eur_l
2021-11-25,2.373,1.1196,0.5599145054000413,GAZOLE,0.5604128640366032,0.5521492356811175,0.5471083387423022,0.5801449003834568,2026-09-01,1.0602,proxy_ma7_eur_l
2021-11-26,2.373,1.1302,0.5546631394849462,GAZOLE,0.5581640500950096,0.5561806442990539,0.5499879163265425,0.58319835823167,2026-09-01,1.0602,proxy_ma7_eur_l
2021-11-27,2.373,1.1302,0.5546631394849462,GAZOLE,0.5564135947899779,0.5581129742159404,0.5528674939107828,0.5862518160798831,2026-09-01,1.0602,proxy_ma7_eur_l
2021-11-28,2.373,1.1302,0.5546631394849462,GAZOLE,0.5546631394849462,0.5567636858509842,0.5557470714950231,0.5893052739280962,2026-09-01,1.0602,proxy_ma7_eur_l
2021-11-29,2.143,1.1261,0.5027268521476884,GAZOLE,0.5373510437058603,0.5453261552005136,0.5497078375303338,0.582901367171911,2026-09-01,1.0602,proxy_ma7_eur_l
2021-11-30,2.062,1.1287,0.48261076633516614,GAZOLE,0.5133335859892668,0.5298654073875386,0.5384508639625394,0.5709646530941835,2026-09-01,1.0602,proxy_ma7_eur_l
2021-12-01,2.07,1.1323,0.4829428140787487,GAZOLE,0.48942681085386774,0.5155213423062992,0.5274549080594976,0.5593047179583827,2026-09-01,1.0602,proxy_ma7_eur_l
2021-12-02,2.111,1.1306,0.4932488966283844,GAZOLE,0.48626749234743305,0.5032384937349867,0.5179312496635466,0.5492059834662231,2026-09-01,1.0602,proxy_ma7_eur_l
2021-12-03,2.096,1.1308,0.48965742991039896,GAZOLE,0.488616380205844,0.4902373518200774,0.5086447197243256,0.5393586961832649,2026-09-01,1.0602,proxy_ma7_eur_l
2021-12-04,2.096,1.1308,0.48965742991039896,GAZOLE,0.49085458548306077,0.4876234673726194,0.49935818978510454,0.5295114089003069,2026-09-01,1.0602,proxy_ma7_eur_l
2021-12-05,2.096,1.1308,0.48965742991039896,GAZOLE,0.48965742991039896,0.489032800087666,0.4900716598458835,0.5196641216173489,2026-09-01,1.0602,proxy_ma7_eur_l
2021-12-06,2.178,1.1282,0.5099864651977019,GAZOLE,0.49643377500616653,0.49444153031145655,0.4911087474244568,0.5207638326386493,2026-09-01,1.0602,proxy_ma7_eur_l
2021-12-07,2.231,1.1247,0.5240222715488833,GAZOLE,0.5078887222189947,0.5005962052955564,0.49702467674070216,0.5270369891248738,2026-09-01,1.0602,proxy_ma7_eur_l
2021-12-08,2.272,1.133,0.5297430741021298,GAZOLE,0.5212506036162382,0.5086133341339025,0.5037104281726137,0.5341264526255969,2026-09-01,1.0602,proxy_ma7_eur_l
2021-12-09,2.235,1.1285,0.5231940957203913,GAZOLE,0.5256531471238014,0.5153206672959011,0.5079883137571861,0.5386626538321418,2026-09-01,1.0602,proxy_ma7_eur_l
2021-12-10,2.258,1.1312,0.5273165613726124,GAZOLE,0.5267512437317111,0.5228524935883437,0.5133681896803595,0.5443673879049209,2026-09-01,1.0602,proxy_ma7_eur_l
2021-12-11,2.258,1.1312,0.5273165613726124,GAZOLE,0.5259424061552053,0.5263185128233259,0.5187480656035329,0.5500721219777001,2026-09-01,1.0602,proxy_ma7_eur_l
2021-12-12,2.258,1.1312,0.5273165613726124,GAZOLE,0.5273165613726124,0.5269773707880716,0.5241279415267062,0.555776856050479,2026-09-01,1.0602,proxy_ma7_eur_l
2021-12-13,2.238,1.1298,0.5232935503430132,GAZOLE,0.5259755576960793,0.5256874660362483,0.5260289536903221,0.5577926588343006,2026-09-01,1.0602,proxy_ma7_eur_l
2021-12-14,2.211,1.1267,0.5184027760396434,GAZOLE,0.5230042959184229,0.5247292021000988,0.5252261686175735,0.5569413984292231,2026-09-01,1.0602,proxy_ma7_eur_l
2021-12-15,2.238,1.1261,0.5250129235214778,GAZOLE,0.5222364166347114,0.5242684745298718,0.5245504328203375,0.5562248590365423,2026-09-01,1.0602,proxy_ma7_eur_l
2021-12-16,2.257,1.1309,0.5272228509791679,GAZOLE,0.5235461835134297,0.5242497324511829,0.5251259692858771,0.5568351486662617,2026-09-01,1.0602,proxy_ma7_eur_l
2021-12-17,2.22,1.1277,0.5200513933094703,GAZOLE,0.524095722603372,0.5227966988385545,0.5240880881339995,0.5557345961525677,2026-09-01,1.0602,proxy_ma7_eur_l
2021-12-18,2.22,1.1277,0.5200513933094703,GAZOLE,0.5224418791993695,0.522148267431846,0.5230502069821221,0.5546340436388737,2026-09-01,1.0602,proxy_ma7_eur_l
2021-12-19,2.22,1.1277,0.5200513933094703,GAZOLE,0.5200513933094703,0.5224779908858113,0.5220123258302447,0.5535334911251796,2026-09-01,1.0602,proxy_ma7_eur_l
2021-12-20,2.188,1.1298,0.5116024522567081,GAZOLE,0.5172350796252162,0.5197958966328573,0.5203421689607726,0.5517624835896483,2026-09-01,1.0602,proxy_ma7_eur_l
2021-12-21,2.263,1.1272,0.5303596118581351,GAZOLE,0.5206711524747711,0.5204232488086509,0.5220502883634143,0.5535737459859895,2026-09-01,1.0602,proxy_ma7_eur_l
2021-12-22,2.311,1.1324,0.5391218765451086,GAZOLE,0.5270279802199839,0.5242373454557784,0.5240658530810758,0.5557110184593578,2026-09-01,1.0602,proxy_ma7_eur_l
2021-12-23,2.331,1.132,0.5439797297233604,GAZOLE,0.5378204060422014,0.5290230127385565,0.5264596929016747,0.5582494077799223,2026-09-01,1.0602,proxy_ma7_eur_l
2021-12-24,2.331,1.132,0.5439797297233604,GAZOLE,0.5423604453306098,0.5338086800213345,0.5298780266750877,0.5618741540431814,2026-09-01,1.0602,proxy_ma7_eur_l
2021-12-25,2.331,1.132,0.5439797297233604,GAZOLE,0.5439797297233604,0.5402841355146649,0.5332963604485005,0.5654989003064405,2026-09-01,1.0602,proxy_ma7_eur_l
2021-12-26,2.331,1.132,0.5439797297233604,GAZOLE,0.5439797297233604,0.5430081590877099,0.5367146942219133,0.5691236465696994,2026-09-01,1.0602,proxy_ma7_eur_l
2021-12-27,2.358,1.1329,0.5498434985087068,GAZOLE,0.5459343193184759,0.5451524834804298,0.5421777008293417,0.5749165310856736,2026-09-01,1.0602,proxy_ma7_eur_l
2021-12-28,2.371,1.1314,0.5536078629495934,GAZOLE,0.5491436970605535,0.5470781101256763,0.545498879556693,0.5784382556975927,2026-09-01,1.0602,proxy_ma7_eur_l
2021-12-29,2.376,1.1337,0.5536498160033171,GAZOLE,0.5523670591538724,0.5490121273816676,0.5475742994792941,0.5806389976695011,2026-09-01,1.0602,proxy_ma7_eur_l
2021-12-30,2.379,1.1318,0.5552794774342067,GAZOLE,0.5541790521290391,0.5512720769238368,0.5491885491522721,0.5823507221112756,2026-09-01,1.0602,proxy_ma7_eur_l
2021-12-31,2.327,1.1318,0.543142221096847,GAZOLE,0.5506905048447903,0.5511045751985343,0.5490689050627703,0.5822238534392589,2026-09-01,1.0602,proxy_ma7_eur_l
2022-01-01,2.327,1.1318,0.543142221096847,GAZOLE,0.5471879732093002,0.5497643197161622,0.5489492609732683,0.582096984767242,2026-09-01,1.0602,proxy_ma7_eur_l
2022-01-02,2.327,1.1318,0.543142221096847,GAZOLE,0.543142221096847,0.5476711913456129,0.5488296168837664,0.5819701160952252,2026-09-01,1.0602,proxy_ma7_eur_l
2022-01-03,2.361,1.129,0.5524448322565,GAZOLE,0.5462430914833979,0.5474301945962495,0.549201235990594,0.5823641750309868,2026-09-01,1.0602,proxy_ma7_eur_l
2022-01-04,2.419,1.1296,0.5657154697719202,GAZOLE,0.5537675077084224,0.5495173930637922,0.5509308941080693,0.5841982767348045,2026-09-01,1.0602,proxy_ma7_eur_l
2022-01-05,2.435,1.1335,0.5674979686740992,GAZOLE,0.561886090234173,0.5543885425792426,0.5529092016324667,0.5862960422784768,2026-09-01,1.0602,proxy_ma7_eur_l
2022-01-06,2.487,1.1307,0.5810523518304724,GAZOLE,0.571421930092164,0.5619705687259677,0.5565910408319332,0.5902002054658132,2026-09-01,1.0602,proxy_ma7_eur_l
2022-01-07,2.496,1.1358,0.5805365757051757,GAZOLE,0.5763622987365825,0.5694494396476335,0.5619330914902659,0.595864830234915,2026-09-01,1.0602,proxy_ma7_eur_l
2022-01-08,2.496,1.1358,0.5805365757051757,GAZOLE,0.5807085010802746,0.5750677883373687,0.5672751421485985,0.6015294550040167,2026-09-01,1.0602,proxy_ma7_eur_l
2022-01-09,2.496,1.1358,0.5805365757051757,GAZOLE,0.5805365757051757,0.5780320095240198,0.5726171928069312,0.6071940797731186,2026-09-01,1.0602,proxy_ma7_eur_l
2022-01-10,2.503,1.1328,0.5837064327793481,GAZOLE,0.5815931947298998,0.5812737023450695,0.5770831357387668,0.6119296939720611,2026-09-01,1.0602,proxy_ma7_eur_l
2022-01-11,2.581,1.1363,0.6000423014488964,GAZOLE,0.58809510331114,0.5850716922687542,0.5819869688354775,0.6171296398729559,2026-09-01,1.0602,proxy_ma7_eur_l
2022-01-12,2.612,1.1431,0.6036369528120756,GAZOLE,0.5957952290134401,0.5896917676901343,0.5871496808551885,0.6226040968283532,2026-09-01,1.0602,proxy_ma7_eur_l
2022-01-13,2.611,1.1464,0.6016689015240103,GAZOLE,0.6017827185949941,0.5939182328539012,0.5900949022399796,0.6257271623089758,2026-09-01,1.0602,proxy_ma7_eur_l
2022-01-14,2.653,1.1414,0.6140252802752478,GAZOLE,0.6064437115371113,0.6006159737679158,0.5948790028928471,0.6308001458483284,2026-09-01,1.0602,proxy_ma7_eur_l
2022-01-15,2.653,1.1414,0.6140252802752478,GAZOLE,0.6099064873581687,0.6066797432670956,0.5996631035457146,0.635873129387681,2026-09-01,1.0602,proxy_ma7_eur_l
2022-01-16,2.653,1.1414,0.6140252802752478,GAZOLE,0.6140252802752478,0.6094763390323659,0.604447204198582,0.6409461129270335,2026-09-01,1.0602,proxy_ma7_eur_l
2022-01-17,2.653,1.1414,0.6140252802752478,GAZOLE,0.6140252802752478,0.6115540045250003,0.6087784681265677,0.6455389156721206,2026-09-01,1.0602,proxy_ma7_eur_l
2022-01-18,2.703,1.1336,0.629902132607688,GAZOLE,0.6193175643860612,0.6172006507417359,0.6130441582921093,0.6500621850520826,2026-09-01,1.0602,proxy_ma7_eur_l
2022-01-19,2.685,1.1346,0.6251559673731962,GAZOLE,0.6230277934187107,0.6194267881613256,0.6161183032294123,0.6533219589983466,2026-09-01,1.0602,proxy_ma7_eur_l
2022-01-20,2.646,1.1336,0.616618957780223,GAZOLE,0.6238923525870358,0.6199455236623206,0.6182540255517284,0.6555866446669566,2026-09-01,1.0602,proxy_ma7_eur_l
2022-01-21,2.689,1.1346,0.6260872984232867,GAZOLE,0.6226207411922353,0.6223579272919284,0.6199771710014482,0.6574138404424259,2026-09-01,1.0602,proxy_ma7_eur_l
2022-01-22,2.689,1.1346,0.6260872984232867,GAZOLE,0.6229311848755987,0.6247703309215361,0.6217003164511681,0.6592410362178951,2026-09-01,1.0602,proxy_ma7_eur_l
2022-01-23,2.689,1.1346,0.6260872984232867,GAZOLE,0.6260872984232867,0.6240073640846558,0.6234234619008878,0.6610682319933643,2026-09-01,1.0602,proxy_ma7_eur_l
2022-01-24,2.651,1.131,0.619204341999515,GAZOLE,0.6237929796153628,0.6228170390099196,0.6241633278614974,0.6618527739818884,2026-09-01,1.0602,proxy_ma7_eur_l
2022-01-25,2.669,1.1283,0.6249004765965595,GAZOLE,0.6233973723397871,0.6244733427731869,0.6234488055741935,0.6610951060177286,2026-09-01,1.0602,proxy_ma7_eur_l
2022-01-26,2.741,1.1279,0.6419856330469765,GAZOLE,0.6286968172143503,0.6276530096979249,0.6258530435275906,0.6636445213514047,2026-09-01,1.0602,proxy_ma7_eur_l
2022-01-27,2.828,1.1141,0.6705668827473689,GAZOLE,0.6458176641303016,0.6365489265627413,0.6335598899514686,0.6718167375912987,2026-09-01,1.0602,proxy_ma7_eur_l
2022-01-28,2.783,1.116,0.6587731377354185,GAZOLE,0.657108551176588,0.6430860944251676,0.6382292955674874,0.6767681003546273,2026-09-01,1.0602,proxy_ma7_eur_l
2022-01-29,2.783,1.116,0.6587731377354185,GAZOLE,0.6627043860727353,0.6509998535723484,0.6428987011835062,0.6817194631179558,2026-09-01,1.0602,proxy_ma7_eur_l
2022-01-30,2.783,1.116,0.6587731377354185,GAZOLE,0.6587731377354185,0.6577743858001202,0.647568106799525,0.6866708258812845,2026-09-01,1.0602,proxy_ma7_eur_l
2022-01-31,2.762,1.1212,0.6507698970863414,GAZOLE,0.6561053908523928,0.6595312386079931,0.6520774718119288,0.6914524841574633,2026-09-01,1.0602,proxy_ma7_eur_l
2022-02-01,2.745,1.1239,0.645210680419181,GAZOLE,0.6515845717469803,0.6544599981423556,0.6549789295008747,0.6945291433174933,2026-09-01,1.0602,proxy_ma7_eur_l
2022-02-02,2.762,1.1299,0.6457591013480892,GAZOLE,0.6472465596178705,0.6518571908648897,0.6555179964010336,0.6951007612054818,2026-09-01,1.0602,proxy_ma7_eur_l
2022-02-03,2.827,1.1425,0.6536668639093965,GAZOLE,0.6482122152255555,0.6508359360996853,0.6531037079956091,0.6925406885338027,2026-09-01,1.0602,proxy_ma7_eur_l
2022-02-04,2.861,1.1455,0.6597959334759169,GAZOLE,0.6530739662444676,0.6510404952477851,0.6532498216728231,0.6926956251317475,2026-09-01,1.0602,proxy_ma7_eur_l
2022-02-05,2.861,1.1455,0.6597959334759169,GAZOLE,0.6577529102870768,0.6528457025257002,0.6533959353500371,0.6928505617296923,2026-09-01,1.0602,proxy_ma7_eur_l
2022-02-06,2.861,1.1455,0.6597959334759169,GAZOLE,0.6597959334759169,0.6557627531370473,0.6535420490272512,0.6930054983276372,2026-09-01,1.0602,proxy_ma7_eur_l
2022-02-07,2.857,1.1434,0.6600835696932221,GAZOLE,0.6598918122150187,0.6586276468060739,0.654872573685377,0.6944163653179313,2026-09-01,1.0602,proxy_ma7_eur_l
2022-02-08,2.872,1.1416,0.6645954225408219,GAZOLE,0.6614916419033203,0.6608133585323589,0.6576418225598972,0.6973528323733206,2026-09-01,1.0602,proxy_ma7_eur_l
2022-02-09,2.907,1.1435,0.6715768746874835,GAZOLE,0.6654186223071759,0.6631695467746722,0.6613300758940964,0.7012637970061696,2026-09-01,1.0602,proxy_ma7_eur_l
2022-02-10,2.892,1.1487,0.6650871205882869,GAZOLE,0.6670864726055307,0.6642277841971462,0.6629615411339379,0.7029937765587071,2026-09-01,1.0602,proxy_ma7_eur_l
2022-02-11,3.005,1.1404,0.696104013798874,GAZOLE,0.6775893363582148,0.6714894002617378,0.6681484097515032,0.7084938487827147,2026-09-01,1.0602,proxy_ma7_eur_l
2022-02-12,3.005,1.1404,0.696104013798874,GAZOLE,0.685765049395345,0.6786934890828681,0.6733352783690686,0.7139939210067224,2026-09-01,1.0602,proxy_ma7_eur_l
2022-02-13,3.005,1.1404,0.696104013798874,GAZOLE,0.696104013798874,0.6849952073344785,0.6785221469866337,0.7194939932307299,2026-09-01,1.0602,proxy_ma7_eur_l
2022-02-14,3.022,1.1306,0.7061099789725142,GAZOLE,0.6994393355234206,0.6919018281914846,0.685097348312247,0.7264662311732516,2026-09-01,1.0602,proxy_ma7_eur_l
2022-02-15,2.922,1.1363,0.6793194904431133,GAZOLE,0.6938444944048339,0.6947483021624499,0.6872007865840029,0.7286966833528615,2026-09-01,1.0602,proxy_ma7_eur_l
2022-02-16,2.833,1.1381,0.6575867009319345,GAZOLE,0.681005390115854,0.6870448395890619,0.6852021903332101,0.7265774039693882,2026-09-01,1.0602,proxy_ma7_eur_l
2022-02-17,2.826,1.1364,0.6569431713869478,GAZOLE,0.6646164542539985,0.6792126711066767,0.6840387690187331,0.7253437306824065,2026-09-01,1.0602,proxy_ma7_eur_l
2022-02-18,2.802,1.1327,0.653491737183307,GAZOLE,0.6560072031673965,0.6706902157835634,0.6779513009307949,0.718888677236168,2026-09-01,1.0602,proxy_ma7_eur_l
2022-02-19,2.802,1.1327,0.653491737183307,GAZOLE,0.6546422152511874,0.660166567425722,0.6718638328428569,0.7124336237899296,2026-09-01,1.0602,proxy_ma7_eur_l
2022-02-20,2.802,1.1327,0.653491737183307,GAZOLE,0.653491737183307,0.6550010167737608,0.6657763647549187,0.7059785703436909,2026-09-01,1.0602,proxy_ma7_eur_l
2022-02-21,2.802,1.1327,0.653491737183307,GAZOLE,0.653491737183307,0.6541820240240351,0.6582594730707463,0.6980077790606842,2026-09-01,1.0602,proxy_ma7_eur_l
2022-02-22,2.802,1.1342,0.6526274825494021,GAZOLE,0.6532036523053386,0.653318886256526,0.6544463290859303,0.6939643823866283,2026-09-01,1.0602,proxy_ma7_eur_l
2022-02-23,2.841,1.1316,0.6632315312385116,GAZOLE,0.6564502503237403,0.6552668450675669,0.6552527334154413,0.6948194805934815,2026-09-01,1.0602,proxy_ma7_eur_l
2022-02-24,2.906,1.1154,0.6882589063589559,GAZOLE,0.6680393067156233,0.6622202789026967,0.6597264098400138,0.6995632952639868,2026-09-01,1.0602,proxy_ma7_eur_l
2022-02-25,2.872,1.1261,0.6737431261633977,GAZOLE,0.675077854586955,0.6662705566987149,0.6626194654085983,0.7026310449504538,2026-09-01,1.0602,proxy_ma7_eur_l
2022-02-26,2.872,1.1261,0.6737431261633977,GAZOLE,0.678581719561917,0.670320834494733,0.6655125209771827,0.7056987946369209,2026-09-01,1.0602,proxy_ma7_eur_l
2022-02-27,2.872,1.1261,0.6737431261633977,GAZOLE,0.6737431261633977,0.6745439632175321,0.6684055765457672,0.7087665443233879,2026-09-01,1.0602,proxy_ma7_eur_l
2022-02-28,3.011,1.1224,0.7086796593463871,GAZOLE,0.6853886372243941,0.6836335888391073,0.6762895654262071,0.7171265995807827,2026-09-01,1.0602,proxy_ma7_eur_l
2022-03-01,3.297,1.1103,0.7844503797395437,GAZOLE,0.7222910550831095,0.7028718835152248,0.6951214078819417,0.7370955830377596,2026-09-01,1.0602,proxy_ma7_eur_l
2022-03-02,3.648,1.1102,0.8680414763128493,GAZOLE,0.7870571717995934,0.741731553545115,0.7243799714639899,0.7681208942104806,2026-09-01,1.0602,proxy_ma7_eur_l
2022-03-03,3.637,1.1053,0.8692606119846068,GAZOLE,0.8405841560123332,0.780835050709357,0.75023735798194,0.7955396518191057,2026-09-01,1.0602,proxy_ma7_eur_l
2022-03-04,3.908,1.0912,0.9461000555495273,GAZOLE,0.8944673812823277,0.8353064365865828,0.789145490751387,0.8367972112661552,2026-09-01,1.0602,proxy_ma7_eur_l
2022-03-05,3.908,1.0912,0.9461000555495273,GAZOLE,0.9204869076945537,0.8827905158272109,0.8280536235208341,0.8780547707132051,2026-09-01,1.0602,proxy_ma7_eur_l
2022-03-06,3.908,1.0912,0.9461000555495273,GAZOLE,0.9461000555495273,0.9151204509892077,0.8669617562902812,0.9193123301602549,2026-09-01,1.0602,proxy_ma7_eur_l
2022-03-07,4.102,1.086,0.9978211406750689,GAZOLE,0.9633404172580411,0.9410763838616514,0.9082676821943786,0.9631124709586321,2026-09-01,1.0602,proxy_ma7_eur_l
2022-03-08,4.573,1.0881,1.1102461128883492,GAZOLE,1.018055769704315,0.9892734840424,0.9548099297870651,1.0124651232237245,2026-09-01,1.0602,proxy_ma7_eur_l
2022-03-09,3.678,1.1069,0.8777891485890956,GAZOLE,0.9952854673841713,0.9756113026503137,0.9562024543979575,1.0139417339687276,2026-09-01,1.0602,proxy_ma7_eur_l
2022-03-10,3.452,1.1007,0.828492708949149,GAZOLE,0.9388426568088647,0.952089833330238,0.9503784682500349,1.0077660725423485,2026-09-01,1.0602,proxy_ma7_eur_l
2022-03-11,3.578,1.0937,0.8642293163915654,GAZOLE,0.8568370579766033,0.9357156854986457,0.9386826483703261,0.9953640128796964,2026-09-01,1.0602,proxy_ma7_eur_l
2022-03-12,3.578,1.0937,0.8642293163915654,GAZOLE,0.8523171139107598,0.9089973206419449,0.9269868284906172,0.9829619532170444,2026-09-01,1.0602,proxy_ma7_eur_l
2022-03-13,3.578,1.0937,0.8642293163915654,GAZOLE,0.8642293163915654,0.8597939613425881,0.9152910086109084,0.9705598935543922,2026-09-01,1.0602,proxy_ma7_eur_l
2022-03-14,3.382,1.0979,0.8137625294428071,GAZOLE,0.8474070540753127,0.8469886375133304,0.8889969212920139,0.9426780654262359,2026-09-01,1.0602,proxy_ma7_eur_l
2022-03-15,3.096,1.0974,0.7452858338808342,GAZOLE,0.8077592265717356,0.8303472624996674,0.8368597385766546,0.8873926337652808,2026-09-01,1.0602,proxy_ma7_eur_l
2022-03-16,3.234,1.0996,0.7769483606095418,GAZOLE,0.7786655746443945,0.8128910713432628,0.8224539117224327,0.8721169262070737,2026-09-01,1.0602,proxy_ma7_eur_l
2022-03-17,3.595,1.111,0.8548141568204713,GAZOLE,0.7923494504369492,0.811008039429044,0.826214118561193,0.8761041891811833,2026-09-01,1.0602,proxy_ma7_eur_l
2022-03-18,3.739,1.1044,0.8943673521976792,GAZOLE,0.8420432898758975,0.8170356465902667,0.8305195522477806,0.8806696019529113,2026-09-01,1.0602,proxy_ma7_eur_l
2022-03-19,3.739,1.1044,0.8943673521976792,GAZOLE,0.8811829537386099,0.8331566111412411,0.8348249859343684,0.8852350147246394,2026-09-01,1.0602,proxy_ma7_eur_l
2022-03-20,3.739,1.1044,0.8943673521976792,GAZOLE,0.8943673521976792,0.8629729148046101,0.839130419620956,0.8898004274963673,2026-09-01,1.0602,proxy_ma7_eur_l
2022-03-21,3.953,1.1048,0.9452137246304857,GAZOLE,0.9113161430086146,0.8966259876087989,0.8579091617906244,0.9097131042623493,2026-09-01,1.0602,proxy_ma7_eur_l
2022-03-22,4.0,1.1022,0.958708228481758,GAZOLE,0.9327631017699742,0.9174048019410561,0.888398075305042,0.9420430587541471,2026-09-01,1.0602,proxy_ma7_eur_l
2022-03-23,4.262,1.1001,1.0234535834473488,GAZOLE,0.9757918455198643,0.9432220481909901,0.9236131071390145,0.9793845132497675,2026-09-01,1.0602,proxy_ma7_eur_l
2022-03-24,4.327,1.1006,1.038590287619215,GAZOLE,1.0069173665161073,0.9720666352752974,0.9498668401102636,1.0072235502754363,2026-09-01,1.0602,proxy_ma7_eur_l
2022-03-25,4.24,1.0985,1.0196536203901223,GAZOLE,1.0272324971522286,0.997123888913786,0.9677648784234698,1.0262023428088203,2026-09-01,1.0602,proxy_ma7_eur_l
2022-03-26,4.24,1.0985,1.0196536203901223,GAZOLE,1.02596584279982,1.0120118680657133,0.9856629167366758,1.0451811353422036,2026-09-01,1.0602,proxy_ma7_eur_l
2022-03-27,4.24,1.0985,1.0196536203901223,GAZOLE,1.0196536203901223,1.0242009464473862,1.003560955049882,1.064159927875587,2026-09-01,1.0602,proxy_ma7_eur_l
2022-03-28,3.896,1.0977,0.9376098350982476,GAZOLE,0.9923056919594974,1.007032196777566,1.0024746851167052,1.0630080646749254,2026-09-01,1.0602,proxy_ma7_eur_l
2022-03-29,3.846,1.1104,0.9149907361036013,GAZOLE,0.9574180638639905,0.982312286474443,0.9962293290626827,1.0563855893638212,2026-09-01,1.0602,proxy_ma7_eur_l
2022-03-30,3.875,1.1163,0.9170175605910823,GAZOLE,0.9232060439309772,0.961785074514635,0.9810241829403589,1.040262296484152,2026-09-01,1.0602,proxy_ma7_eur_l
2022-03-31,3.618,1.1093,0.8616014472476166,GAZOLE,0.8978699146474334,0.930174639886134,0.9557400628872735,1.0134514214329682,2026-09-01,1.0602,proxy_ma7_eur_l
2022-04-01,3.408,1.1043,0.8152661001870595,GAZOLE,0.8646283693419196,0.8892971358455213,0.9265418457154073,0.9824901006249417,2026-09-01,1.0602,proxy_ma7_eur_l
2022-04-02,3.408,1.1043,0.8152661001870595,GAZOLE,0.830711215873912,0.8648283888632837,0.8973436285435412,0.9515287798169153,2026-09-01,1.0602,proxy_ma7_eur_l
2022-04-03,3.408,1.1043,0.8152661001870595,GAZOLE,0.8152661001870595,0.8448834616799754,0.8681454113716752,0.920567459008889,2026-09-01,1.0602,proxy_ma7_eur_l
2022-04-04,3.846,1.0992,0.9243137858164473,GAZOLE,0.851615328730189,0.8463427067250484,0.8662459757599894,0.9185533279754278,2026-09-01,1.0602,proxy_ma7_eur_l
2022-04-05,3.784,1.0921,0.9153255618745842,GAZOLE,0.8849684826260305,0.857087529650442,0.866293808012987,0.9186040485287176,2026-09-01,1.0602,proxy_ma7_eur_l
2022-04-06,3.706,1.0913,0.8971150243189756,GAZOLE,0.9122514573366692,0.8734573144768252,0.8634505885455432,0.9155891442439459,2026-09-01,1.0602,proxy_ma7_eur_l
2022-04-07,3.572,1.09,0.8657087807553266,GAZOLE,0.8927164556496289,0.8835458505904785,0.864037350475216,0.9162113371756445,2026-09-01,1.0602,proxy_ma7_eur_l
2022-04-08,3.611,1.0874,0.8772533392176514,GAZOLE,0.8800257147639846,0.8959432983965971,0.8728926703367292,0.9256013762138559,2026-09-01,1.0602,proxy_ma7_eur_l
2022-04-09,3.611,1.0874,0.8772533392176514,GAZOLE,0.8734051530635432,0.8865312090768379,0.8817479901982423,0.9349914152520672,2026-09-01,1.0602,proxy_ma7_eur_l
2022-04-10,3.611,1.0874,0.8772533392176514,GAZOLE,0.8772533392176514,0.8789167645454512,0.8906033100597553,0.9443814542902785,2026-09-01,1.0602,proxy_ma7_eur_l
2022-04-11,3.483,1.0875,0.8460793180353389,GAZOLE,0.8668619988235472,0.8687096232887239,0.8794269575195971,0.9325302294561518,2026-09-01,1.0602,proxy_ma7_eur_l
2022-04-12,3.662,1.0852,0.8914467892881861,GAZOLE,0.8715931488470589,0.8738572249952957,0.8760157042929687,0.9289129912910483,2026-09-01,1.0602,proxy_ma7_eur_l
2022-04-13,3.894,1.0874,0.9460051240414108,GAZOLE,0.8945104104549787,0.8876075819600476,0.8830000042533166,0.9363190308591142,2026-09-01,1.0602,proxy_ma7_eur_l
2022-04-14,3.998,1.0796,0.9782881301666151,GAZOLE,0.9385800144987373,0.9078145401498403,0.8990827684549292,0.9533729358627991,2026-09-01,1.0602,proxy_ma7_eur_l
2022-04-15,3.998,1.0812,0.9768404229817587,GAZOLE,0.9670445590632616,0.927731956902662,0.9133094947069446,0.9684587280172955,2026-09-01,1.0602,proxy_ma7_eur_l
2022-04-16,3.998,1.0812,0.9768404229817587,GAZOLE,0.9773229920433776,0.9538841778919458,0.92753622095896,0.9835445201717921,2026-09-01,1.0602,proxy_ma7_eur_l
2022-04-17,3.998,1.0812,0.9768404229817587,GAZOLE,0.9768404229817587,0.9709629046306603,0.9417629472109752,0.9986303123262881,2026-09-01,1.0602,proxy_ma7_eur_l
2022-04-18,4.018,1.0785,0.9841847996059716,GAZOLE,0.9792885485231629,0.9785988397435726,0.9614923017210657,1.0195510031591097,2026-09-01,1.0602,proxy_ma7_eur_l
2022-04-19,4.074,1.0789,0.997531690895446,GAZOLE,0.9861856378277255,0.9824475518893386,0.9766472876649599,1.0356211069907284,2026-09-01,1.0602,proxy_ma7_eur_l
2022-04-20,4.178,1.0857,1.016589145023804,GAZOLE,0.9994352118417407,0.9903972962977476,0.9867307192338732,1.0463134159701863,2026-09-01,1.0602,proxy_ma7_eur_l
2022-04-21,4.085,1.0839,0.9956110654885472,GAZOLE,1.0032439671359326,0.9941514247991055,0.9892054242798636,1.0489375534777317,2026-09-01,1.0602,proxy_ma7_eur_l
2022-04-22,4.101,1.079,1.0040496633185976,GAZOLE,1.0054166246103164,0.9995932728664734,0.9930924586136978,1.0530593022918207,2026-09-01,1.0602,proxy_ma7_eur_l
2022-04-23,4.101,1.079,1.0040496633185976,GAZOLE,1.0012367973752476,1.0035662456089984,0.9969794929475319,1.0571810511059097,2026-09-01,1.0602,proxy_ma7_eur_l
2022-04-24,4.101,1.079,1.0040496633185976,GAZOLE,1.0040496633185976,1.004869840093629,1.000866527281366,1.0613027999199987,2026-09-01,1.0602,proxy_ma7_eur_l
2022-04-25,4.272,1.0703,1.0544174602205083,GAZOLE,1.020838928952568,1.0124355031329695,1.0108997645120141,1.0719418836288648,2026-09-01,1.0602,proxy_ma7_eur_l
2022-04-26,4.545,1.0661,1.1262189081397471,GAZOLE,1.0615620105596177,1.0385570716632098,1.0292836526897715,1.091435863559902,2026-09-01,1.0602,proxy_ma7_eur_l
2022-04-27,4.789,1.0549,1.1992795134545196,GAZOLE,1.1266386272715918,1.0776030416903941,1.0553822767513021,1.1191104255874673,2026-09-01,1.0602,proxy_ma7_eur_l
2022-04-28,5.196,1.05,1.3072742705266087,GAZOLE,1.2109242307069585,1.1382479631319964,1.0999055917567395,1.1663222341443409,2026-09-01,1.0602,proxy_ma7_eur_l
2022-04-29,4.624,1.0537,1.1592783240999127,GAZOLE,1.2219440360270137,1.169293695288259,1.1220811147254988,1.1898368027455728,2026-09-01,1.0602,proxy_ma7_eur_l
2022-04-30,4.624,1.0537,1.1592783240999127,GAZOLE,1.208610306242145,1.1902658680641403,1.1442566376942582,1.213351371346805,2026-09-01,1.0602,proxy_ma7_eur_l
2022-05-01,4.624,1.0537,1.1592783240999127,GAZOLE,1.1592783240999127,1.1968777512561732,1.1664321606630175,1.2368659399480368,2026-09-01,1.0602,proxy_ma7_eur_l
2022-05-02,5.161,1.0521,1.2958767818842352,GAZOLE,1.2048111433613535,1.2161972049421164,1.2009263494721214,1.2734430240708428,2026-09-01,1.0602,proxy_ma7_eur_l
2022-05-03,4.983,1.0532,1.249875937049614,GAZOLE,1.2350103476779208,1.2047175382467175,1.218591639316388,1.2921750138637713,2026-09-01,1.0602,proxy_ma7_eur_l
2022-05-04,5.009,1.0539,1.2555629663743861,GAZOLE,1.2671052284360786,1.2239744667016121,1.2266321325906548,1.3007010238682184,2026-09-01,1.0602,proxy_ma7_eur_l
2022-05-05,4.963,1.0507,1.247821353244019,GAZOLE,1.2510867522226732,1.2416830725304333,1.2181388586931416,1.2916948925587797,2026-09-01,1.0602,proxy_ma7_eur_l
2022-05-06,4.768,1.0572,1.1914229527465492,GAZOLE,1.2316024241216514,1.2481119982597606,1.222730948499804,1.2965642708789167,2026-09-01,1.0602,proxy_ma7_eur_l
2022-05-07,4.768,1.0572,1.1914229527465492,GAZOLE,1.2102224195790392,1.2272212324322234,1.2273230383064664,1.301433649199054,2026-09-01,1.0602,proxy_ma7_eur_l
2022-05-08,4.768,1.0572,1.1914229527465492,GAZOLE,1.1914229527465492,1.2155306355716107,1.2319151281131286,1.306303027519191,2026-09-01,1.0602,proxy_ma7_eur_l
2022-05-09,4.858,1.0559,1.215406601340927,GAZOLE,1.1994175022780087,1.2074993625649189,1.2204193880355134,1.294113129267058,2026-09-01,1.0602,proxy_ma7_eur_l
2022-05-10,5.198,1.0531,1.3039277638948399,GAZOLE,1.2369191059941056,1.218720644695083,1.2281410775848314,1.3023010849189112,2026-09-01,1.0602,proxy_ma7_eur_l
2022-05-11,5.339,1.0537,1.338535244889584,GAZOLE,1.2859565367084504,1.2481431031236898,1.2399942602298597,1.3148700095319683,2026-09-01,1.0602,proxy_ma7_eur_l
2022-05-12,5.327,1.0376,1.3562495402003245,GAZOLE,1.3329041829949162,1.281108420614445,1.2554840012236177,1.3312950822450746,2026-09-01,1.0602,proxy_ma7_eur_l
2022-05-13,5.339,1.041,1.3548651177138853,GAZOLE,1.349883300934598,1.313796853607912,1.278832881933237,1.3560538605603285,2026-09-01,1.0602,proxy_ma7_eur_l
2022-05-14,5.339,1.041,1.3548651177138853,GAZOLE,1.3553265918760318,1.3416885568825037,1.3021817626428565,1.3808126388755821,2026-09-01,1.0602,proxy_ma7_eur_l
2022-05-15,5.339,1.041,1.3548651177138853,GAZOLE,1.3548651177138853,1.3518760276463129,1.3255306433524758,1.4055714171908356,2026-09-01,1.0602,proxy_ma7_eur_l
2022-05-16,5.102,1.042,1.2934796651931606,GAZOLE,1.3344033002069773,1.3428649117070282,1.3366839381885092,1.4173981920056236,2026-09-01,1.0602,proxy_ma7_eur_l
2022-05-17,5.04,1.0532,1.2641731331988875,GAZOLE,1.3041726387019779,1.3244496303067408,1.3310047052319445,1.4113760245398255,2026-09-01,1.0602,proxy_ma7_eur_l
2022-05-18,4.397,1.0494,1.1068844236885635,GAZOLE,1.2215124073602042,1.2748534915016765,1.297911730774656,1.3762847656238126,2026-09-01,1.0602,proxy_ma7_eur_l
2022-05-19,4.019,1.0587,1.002840727710776,GAZOLE,1.1246327615327425,1.2044486135010546,1.2474247575618633,1.3227491896307113,2026-09-01,1.0602,proxy_ma7_eur_l
2022-05-20,4.004,1.0559,1.0017472276181705,GAZOLE,1.0371574596725035,1.1338250354819117,1.1969793446910468,1.2692576835571276,2026-09-01,1.0602,proxy_ma7_eur_l
2022-05-21,4.004,1.0559,1.0017472276181705,GAZOLE,1.0021117276490392,1.0754785479669136,1.1465339318202308,1.2157661774835442,2026-09-01,1.0602,proxy_ma7_eur_l
2022-05-22,4.004,1.0559,1.0017472276181705,GAZOLE,1.0017472276181705,1.0229933668507702,1.0960885189494143,1.1622746714099605,2026-09-01,1.0602,proxy_ma7_eur_l
2022-05-23,3.964,1.0668,0.9816066887398767,GAZOLE,0.9950337146587392,0.9979378198610329,1.051535236598945,1.1150310859614418,2026-09-01,1.0602,proxy_ma7_eur_l
2022-05-24,3.981,1.0744,0.9788430197671154,GAZOLE,0.9873989787083876,0.9931382782723007,1.0107737918229776,1.071808304211486,2026-09-01,1.0602,proxy_ma7_eur_l
2022-05-25,4.064,1.0658,1.0073139620787344,GAZOLE,0.989254556861909,0.9942516251644135,0.9965494401644305,1.0567250300377873,2026-09-01,1.0602,proxy_ma7_eur_l
2022-05-26,4.031,1.0725,0.9928928140379452,GAZOLE,0.9930165986279317,0.9924807424483685,0.9951283096397404,1.0552180860409668,2026-09-01,1.0602,proxy_ma7_eur_l
2022-05-27,4.022,1.0709,0.9921561253006564,GAZOLE,0.9974543004724454,0.9905625219848655,0.9937581521658098,1.0537651930489673,2026-09-01,1.0602,proxy_ma7_eur_l
2022-05-28,4.022,1.0709,0.9921561253006564,GAZOLE,0.9924016882130862,0.9926724092970215,0.9923879946918793,1.052312300056968,2026-09-01,1.0602,proxy_ma7_eur_l
2022-05-29,4.022,1.0709,0.9921561253006564,GAZOLE,0.9921561253006564,0.9953350304037297,0.9910178372179487,1.0508594070649684,2026-09-01,1.0602,proxy_ma7_eur_l
2022-05-30,4.022,1.0709,0.9921561253006564,GAZOLE,0.9921561253006564,0.9923034630481142,0.9925248995837743,1.0524574718067772,2026-09-01,1.0602,proxy_ma7_eur_l
2022-05-31,3.994,1.0731,0.9832291278710696,GAZOLE,0.9891804594907944,0.9903707258147391,0.9931514864557679,1.0531218944680547,2026-09-01,1.0602,proxy_ma7_eur_l
2022-06-01,4.238,1.0646,1.0516261111157554,GAZOLE,1.0090037880958274,1.0022647229777588,0.9994817934610565,1.0598344504042743,2026-09-01,1.0602,proxy_ma7_eur_l
2022-06-02,4.342,1.0733,1.0686993863217,GAZOLE,1.034518208436175,1.0175733751819676,1.0103113037873073,1.0713178893221804,2026-09-01,1.0602,proxy_ma7_eur_l
2022-06-03,4.422,1.0721,1.0896080734331985,GAZOLE,1.0699778569568847,1.037063764808476,1.0242330106633848,1.0860802438265118,2026-09-01,1.0602,proxy_ma7_eur_l
2022-06-04,4.422,1.0721,1.0896080734331985,GAZOLE,1.0826385110626993,1.0565541544349843,1.038154717539462,1.1008425983308432,2026-09-01,1.0602,proxy_ma7_eur_l
2022-06-05,4.422,1.0721,1.0896080734331985,GAZOLE,1.0896080734331985,1.0778299435474104,1.0520764244155394,1.1156049528351741,2026-09-01,1.0602,proxy_ma7_eur_l
2022-06-06,4.459,1.0699,1.1009843737405212,GAZOLE,1.0934001735356398,1.0877015960723635,1.067623317049806,1.132090628230495,2026-09-01,1.0602,proxy_ma7_eur_l
2022-06-07,4.401,1.0697,1.0868666003816125,GAZOLE,1.092486349185111,1.091335038884346,1.0824286702655979,1.1477899871294337,2026-09-01,1.0602,proxy_ma7_eur_l
2022-06-08,4.395,1.074,1.0810392645382327,GAZOLE,1.0896300795534557,1.0896212771053526,1.0866305493259518,1.1522455922377313,2026-09-01,1.0602,proxy_ma7_eur_l
2022-06-09,4.498,1.0656,1.1150956189066736,GAZOLE,1.094333827942173,1.0947187862000478,1.0932585825523764,1.1592738522798314,2026-09-01,1.0602,proxy_ma7_eur_l
2022-06-10,4.445,1.0521,1.1160961626575134,GAZOLE,1.1040770153674735,1.1000164040449107,1.097042595298707,1.1632863586562034,2026-09-01,1.0602,proxy_ma7_eur_l
2022-06-11,4.445,1.0521,1.1160961626575134,GAZOLE,1.1157626480739002,1.103038761828309,1.100826608045038,1.1672988650325755,2026-09-01,1.0602,proxy_ma7_eur_l
2022-06-12,4.445,1.0521,1.1160961626575134,GAZOLE,1.1160961626575134,1.1088846742834892,1.1046106207913684,1.1713113714089471,2026-09-01,1.0602,proxy_ma7_eur_l
2022-06-13,4.349,1.0436,1.10088564172632,GAZOLE,1.1110259890137826,1.112853949721107,1.1045965162179114,1.1712964151456557,2026-09-01,1.0602,proxy_ma7_eur_l
2022-06-14,4.451,1.0416,1.1288688604513426,GAZOLE,1.1152835549450588,1.1156085980300405,1.1105968390850156,1.177659061198551,2026-09-01,1.0602,proxy_ma7_eur_l
2022-06-15,4.579,1.0388,1.164462675922181,GAZOLE,1.1314057260332813,1.125281900682974,1.1225144692827225,1.1902963249619756,2026-09-01,1.0602,proxy_ma7_eur_l
2022-06-16,4.623,1.0531,1.1596879670038176,GAZOLE,1.1510065011257804,1.1340002615522349,1.1288848047251716,1.1970513264104357,2026-09-01,1.0602,proxy_ma7_eur_l
2022-06-17,4.44,1.0473,1.1199502649385842,GAZOLE,1.148033635954861,1.1347710820084491,1.1294353907653247,1.197635159009572,2026-09-01,1.0602,proxy_ma7_eur_l
2022-06-18,4.44,1.0473,1.1199502649385842,GAZOLE,1.1331961656269955,1.1385840066509019,1.1299859768054776,1.1982189916087083,2026-09-01,1.0602,proxy_ma7_eur_l
2022-06-19,4.44,1.0473,1.1199502649385842,GAZOLE,1.1199502649385842,1.1368002875483503,1.1305365628456305,1.1988028242078446,2026-09-01,1.0602,proxy_ma7_eur_l
2022-06-20,4.44,1.0473,1.1199502649385842,GAZOLE,1.1199502649385842,1.1278978053516309,1.1332600804473825,1.201690798555655,2026-09-01,1.0602,proxy_ma7_eur_l
2022-06-21,4.44,1.0548,1.1119870235780993,GAZOLE,1.117295851151756,1.118357616666487,1.1308483894654908,1.1991334801501972,2026-09-01,1.0602,proxy_ma7_eur_l
2022-06-22,4.412,1.0583,1.1013201313466416,GAZOLE,1.1110858066211085,1.1146315899480987,1.1218280259546993,1.1895684314755222,2026-09-01,1.0602,proxy_ma7_eur_l
2022-06-23,4.344,1.0503,1.0926053465141357,GAZOLE,1.101970833812959,1.109162606263209,1.1122447944561733,1.1794065266216414,2026-09-01,1.0602,proxy_ma7_eur_l
2022-06-24,4.366,1.0539,1.0943876844061826,GAZOLE,1.0961043874223202,1.1040500901567287,1.1085929972372588,1.1755342194682574,2026-09-01,1.0602,proxy_ma7_eur_l
2022-06-25,4.366,1.0539,1.0943876844061826,GAZOLE,1.0937935717755005,1.0989375740502483,1.1049412000183443,1.1716619123148737,2026-09-01,1.0602,proxy_ma7_eur_l
2022-06-26,4.366,1.0539,1.0943876844061826,GAZOLE,1.0943876844061826,1.095417706215865,1.1012894027994298,1.16778960516149,2026-09-01,1.0602,proxy_ma7_eur_l
2022-06-27,4.261,1.0601,1.061821634843949,GAZOLE,1.083532334552105,1.0875180069153265,1.0929853127859104,1.1589840814059151,2026-09-01,1.0602,proxy_ma7_eur_l
2022-06-28,4.19,1.0534,1.050769792463112,GAZOLE,1.068993037237748,1.0791508961051217,1.084239994055198,1.1497106858010997,2026-09-01,1.0602,proxy_ma7_eur_l
2022-06-29,4.027,1.0477,1.0153868997291817,GAZOLE,1.0426594423454145,1.0633507391697217,1.0719638181098465,1.1366932258821416,2026-09-01,1.0602,proxy_ma7_eur_l
2022-06-30,3.918,1.0469,0.9886580391051921,GAZOLE,1.018271577099162,1.0422048101095236,1.0571142027657119,1.1209469321327907,2026-09-01,1.0602,proxy_ma7_eur_l
2022-07-01,4.026,1.0409,1.0217664355787353,GAZOLE,1.0086037914710364,1.027680560344034,1.046739738647505,1.109946016909629,2026-09-01,1.0602,proxy_ma7_eur_l
2022-07-02,4.026,1.0409,1.0217664355787353,GAZOLE,1.0107303034208877,1.0196695204909914,1.0363652745292984,1.0989451016864675,2026-09-01,1.0602,proxy_ma7_eur_l
2022-07-03,4.026,1.0409,1.0217664355787353,GAZOLE,1.0217664355787353,1.013868849114116,1.0259908104110915,1.087944186463306,2026-09-01,1.0602,proxy_ma7_eur_l
2022-07-04,4.026,1.0409,1.0217664355787353,GAZOLE,1.0217664355787353,1.0151447562840266,1.0202686390874895,1.0818764878423355,2026-09-01,1.0602,proxy_ma7_eur_l
2022-07-05,3.643,1.0254,0.9385398739425928,GAZOLE,0.994024248366688,1.0051211232515067,1.0042357935845583,1.0648755158254521,2026-09-01,1.0602,proxy_ma7_eur_l
2022-07-06,3.503,1.0173,0.9096576225406409,GAZOLE,0.9566546440206564,0.982699360643888,0.9891316111290525,1.0488592831974382,2026-09-01,1.0602,proxy_ma7_eur_l
2022-07-07,3.753,1.0159,0.9759205753520337,GAZOLE,0.941372690611756,0.9735301885985475,0.9873119734500297,1.0469297686108805,2026-09-01,1.0602,proxy_ma7_eur_l
2022-07-08,3.764,1.0178,0.9769538269562493,GAZOLE,0.9541773416163082,0.9645676668740503,0.980910172218246,1.0401414013444892,2026-09-01,1.0602,proxy_ma7_eur_l
2022-07-09,3.764,1.0178,0.9769538269562493,GAZOLE,0.9766094097548442,0.9556051451495533,0.9745083709864624,1.0333530340780985,2026-09-01,1.0602,proxy_ma7_eur_l
2022-07-10,3.764,1.0178,0.9769538269562493,GAZOLE,0.9769538269562493,0.9632879357522846,0.9681065697546787,1.0265646668117074,2026-09-01,1.0602,proxy_ma7_eur_l
2022-07-11,3.847,1.0088,1.0074047238519004,GAZOLE,0.9871041259214666,0.9828373560145364,0.9660548966508451,1.0243891055852432,2026-09-01,1.0602,proxy_ma7_eur_l
2022-07-12,3.733,1.0069,0.9793964360442629,GAZOLE,0.9879183289508043,0.9835325281529823,0.9718915483796551,1.0305781973902912,2026-09-01,1.0602,proxy_ma7_eur_l
2022-07-13,3.767,1.0081,0.9871402849252505,GAZOLE,0.9913138149404714,0.9855698197467826,0.982960500148885,1.0423155361708902,2026-09-01,1.0602,proxy_ma7_eur_l
2022-07-14,3.753,1.0028,0.9886694380735253,GAZOLE,0.9850687196810131,0.9879129419702377,0.9847817662519553,1.044246777512169,2026-09-01,1.0602,proxy_ma7_eur_l
2022-07-15,3.789,1.0089,0.9921180556893889,GAZOLE,0.9893092595627216,0.9909457877168656,0.9869480846424038,1.046543906760308,2026-09-01,1.0602,proxy_ma7_eur_l
2022-07-16,3.789,1.0089,0.9921180556893889,GAZOLE,0.9909685164841012,0.9878884540843634,0.9891144030328523,1.0488410360084466,2026-09-01,1.0602,proxy_ma7_eur_l
2022-07-17,3.789,1.0089,0.9921180556893889,GAZOLE,0.9921180556893889,0.9904327780133885,0.9912807214233007,1.0511381652565854,2026-09-01,1.0602,proxy_ma7_eur_l
2022-07-18,3.713,1.016,0.965424045675005,GAZOLE,0.9832200523512612,0.9860895301633394,0.9852834816837444,1.0447787885026525,2026-09-01,1.0602,proxy_ma7_eur_l
2022-07-19,3.672,1.0238,0.9474895255510071,GAZOLE,0.9683438756384671,0.9778535476588358,0.9807253516132793,1.0399454205416676,2026-09-01,1.0602,proxy_ma7_eur_l
2022-07-20,3.642,1.0217,0.9416801553179764,GAZOLE,0.9515312421813297,0.9677659675845532,0.9742310473836687,1.0330589645812112,2026-09-01,1.0602,proxy_ma7_eur_l
2022-07-21,3.617,1.0197,0.9370504201033861,GAZOLE,0.94207336699079,0.9567524404673527,0.966856901959363,1.0252395391408469,2026-09-01,1.0602,proxy_ma7_eur_l
2022-07-22,3.527,1.0225,0.9112321062759801,GAZOLE,0.929987560565781,0.940575250584671,0.9553017663288761,1.0129866587978484,2026-09-01,1.0602,proxy_ma7_eur_l
2022-07-23,3.527,1.0225,0.9112321062759801,GAZOLE,0.9198382108851155,0.9297368627048659,0.9437466306983892,1.0007337784548498,2026-09-01,1.0602,proxy_ma7_eur_l
2022-07-24,3.527,1.0225,0.9112321062759801,GAZOLE,0.9112321062759801,0.9224853788498606,0.9321914950679021,0.9884808981118511,2026-09-01,1.0602,proxy_ma7_eur_l
2022-07-25,3.53,1.0211,0.9132576092686946,GAZOLE,0.9119072739402183,0.9168008696400042,0.9247391470098577,0.9805785478539555,2026-09-01,1.0602,proxy_ma7_eur_l
2022-07-26,3.593,1.0116,0.9382860657600111,GAZOLE,0.9209252604348954,0.9170479987713291,0.9234243670397154,0.9791843762780702,2026-09-01,1.0602,proxy_ma7_eur_l
2022-07-27,3.743,1.0108,0.9782310961382564,GAZOLE,0.9432582570556542,0.9304477967437844,0.9286459300140412,0.9847212378410832,2026-09-01,1.0602,proxy_ma7_eur_l
2022-07-28,3.693,1.0163,0.9599403614667344,GAZOLE,0.9588191744550008,0.9401894477819353,0.9319159216373766,0.9881886844695439,2026-09-01,1.0602,proxy_ma7_eur_l
2022-07-29,3.607,1.0202,0.9340017573572255,GAZOLE,0.9573910716540723,0.9447433779981844,0.9351687289346975,0.9916379091145363,2026-09-01,1.0602,proxy_ma7_eur_l
2022-07-30,3.607,1.0202,0.9340017573572255,GAZOLE,0.9426479587270619,0.9488922076158905,0.9384215362320182,0.9950871337595285,2026-09-01,1.0602,proxy_ma7_eur_l
2022-07-31,3.607,1.0202,0.9340017573572255,GAZOLE,0.9340017573572255,0.9480353459353335,0.941674343529339,0.9985363584045208,2026-09-01,1.0602,proxy_ma7_eur_l
2022-08-01,3.51,1.027,0.9028665080594946,GAZOLE,0.9236233409246486,0.9329624283195811,0.9401899004994532,0.996962278843464,2026-09-01,1.0602,proxy_ma7_eur_l
2022-08-02,3.442,1.0194,0.8919758722942387,GAZOLE,0.9096147125703199,0.919369530485082,0.9335741585757715,0.989947052301496,2026-09-01,1.0602,proxy_ma7_eur_l
2022-08-03,3.45,1.0146,0.8982787114484645,GAZOLE,0.8977070306007328,0.9122249213033298,0.9221523893343727,0.9778355915367293,2026-09-01,1.0602,proxy_ma7_eur_l
2022-08-04,3.323,1.0221,0.8588628607632591,GAZOLE,0.8830391481686544,0.8971971419845364,0.9077127463767335,0.9625240259252644,2026-09-01,1.0602,proxy_ma7_eur_l
2022-08-05,3.205,1.017,0.8325186114138307,GAZOLE,0.8632200612085182,0.8769005127958576,0.8932151540991055,0.9471510117850686,2026-09-01,1.0602,proxy_ma7_eur_l
2022-08-06,3.205,1.017,0.8325186114138307,GAZOLE,0.8413000278636403,0.8628309334667247,0.8787175618214776,0.9317779976448729,2026-09-01,1.0602,proxy_ma7_eur_l
2022-08-07,3.205,1.017,0.8325186114138307,GAZOLE,0.8325186114138307,0.850939481290643,0.8642199695438498,0.9164049835046774,2026-09-01,1.0602,proxy_ma7_eur_l
2022-08-08,3.176,1.0207,0.8219951389139606,GAZOLE,0.8290107872472076,0.8356827667837423,0.8526669168087736,0.9041543118305382,2026-09-01,1.0602,proxy_ma7_eur_l
2022-08-09,3.335,1.0226,0.861542924520267,GAZOLE,0.8386855582826862,0.8362187795351439,0.8483193528410633,0.8995442247849704,2026-09-01,1.0602,proxy_ma7_eur_l
2022-08-10,3.403,1.0337,0.8696696277205951,GAZOLE,0.8510692303849411,0.8436489827964968,0.8442323408799391,0.895210422904884,2026-09-01,1.0602,proxy_ma7_eur_l
2022-08-11,3.484,1.0338,0.8902838367341739,GAZOLE,0.8738321296583456,0.8552020278605654,0.848721051732927,0.8999701798419526,2026-09-01,1.0602,proxy_ma7_eur_l
2022-08-12,3.512,1.0257,0.9045259314437138,GAZOLE,0.8881597986328278,0.8696034918665421,0.859007811737196,0.9108780950304946,2026-09-01,1.0602,proxy_ma7_eur_l
2022-08-13,3.512,1.0257,0.9045259314437138,GAZOLE,0.899778566540534,0.8861096503724927,0.869294571741465,0.9217860102190366,2026-09-01,1.0602,proxy_ma7_eur_l
2022-08-14,3.512,1.0257,0.9045259314437138,GAZOLE,0.9045259314437138,0.8947062517571821,0.879581331745734,0.9326939254075788,2026-09-01,1.0602,proxy_ma7_eur_l
2022-08-15,3.455,1.0186,0.8960479490451629,GAZOLE,0.9016999373108637,0.8999819160220957,0.8901603046216201,0.9439116984346702,2026-09-01,1.0602,proxy_ma7_eur_l
2022-08-16,3.473,1.0174,0.9017785903674556,GAZOLE,0.900784156952111,0.9022808667487521,0.8959082568855041,0.9500067347508879,2026-09-01,1.0602,proxy_ma7_eur_l
2022-08-17,3.602,1.0164,0.9361941485577043,GAZOLE,0.9113402293234412,0.9086145101715501,0.9054117598622341,0.9600840967600344,2026-09-01,1.0602,proxy_ma7_eur_l
2022-08-18,3.642,1.0114,0.9512701351476928,GAZOLE,0.929747624690951,0.9179633509123459,0.9141240882070224,0.9693225098891676,2026-09-01,1.0602,proxy_ma7_eur_l
2022-08-19,3.689,1.0039,0.9707447964430815,GAZOLE,0.952736360049493,0.9312071239122194,0.9235839260640749,0.9793535701063074,2026-09-01,1.0602,proxy_ma7_eur_l
2022-08-20,3.689,1.0039,0.9707447964430815,GAZOLE,0.9642532426779521,0.9461464933918032,0.9330437639211275,0.9893846303234475,2026-09-01,1.0602,proxy_ma7_eur_l
2022-08-21,3.689,1.0039,0.9707447964430815,GAZOLE,0.9707447964430815,0.9599397346069283,0.9425036017781799,0.9994156905405872,2026-09-01,1.0602,proxy_ma7_eur_l
2022-08-22,3.766,0.9936,1.001280142090164,GAZOLE,0.9809232449921091,0.9729569333134205,0.9575367722131803,1.0153566231619209,2026-09-01,1.0602,proxy_ma7_eur_l
2022-08-23,3.831,0.9976,1.0144778794948544,GAZOLE,0.9955009393427,0.9855984821828526,0.9736366706599515,1.0324286970441383,2026-09-01,1.0602,proxy_ma7_eur_l
2022-08-24,4.026,0.9967,1.0670780403269846,GAZOLE,1.0276120206373345,1.0048651309596333,0.9923343694841343,1.052255436747451,2026-09-01,1.0602,proxy_ma7_eur_l
2022-08-25,3.949,0.9959,1.0475102266917644,GAZOLE,1.0430220488378679,1.0202182170093699,1.0060829539904304,1.0668342150697743,2026-09-01,1.0602,proxy_ma7_eur_l
2022-08-26,4.005,0.9998,1.0582207138371518,GAZOLE,1.0576029936186337,1.0377134004881838,1.0185795136181546,1.0800853663079877,2026-09-01,1.0602,proxy_ma7_eur_l
2022-08-27,4.005,0.9998,1.0582207138371518,GAZOLE,1.0546505514553561,1.0491015148375813,1.031076073245879,1.0933365175462015,2026-09-01,1.0602,proxy_ma7_eur_l
2022-08-28,4.005,0.9998,1.0582207138371518,GAZOLE,1.0582207138371518,1.0578500817060408,1.0435726328736032,1.106587668784415,2026-09-01,1.0602,proxy_ma7_eur_l
2022-08-29,3.921,1.0,1.0358186172963,GAZOLE,1.0507533483235347,1.051598197099904,1.0485067007601943,1.111819675171179,2026-09-01,1.0602,proxy_ma7_eur_l
2022-08-30,3.817,1.0018,1.0065329645149257,GAZOLE,1.0335240985494594,1.0434027446645362,1.0473717129059186,1.1106161522689897,2026-09-01,1.0602,proxy_ma7_eur_l
2022-08-31,3.702,1.0065,0.9716492179134282,GAZOLE,1.0046669332415512,1.0260884454797914,1.0337390239896962,1.096160267770059,2026-09-01,1.0602,proxy_ma7_eur_l
2022-09-01,3.59,0.995,0.9531433848902038,GAZOLE,0.9771085224395194,1.0050729796904019,1.0202580465894733,1.0818652557274666,2026-09-01,1.0602,proxy_ma7_eur_l
2022-09-02,3.667,1.003,0.9658214516424032,GAZOLE,0.9635380181486785,0.9865931272514523,1.0070581519902235,1.0678682993751694,2026-09-01,1.0602,proxy_ma7_eur_l
2022-09-03,3.667,1.003,0.9658214516424032,GAZOLE,0.9615954293916702,0.9725936941206728,0.9938582573909738,1.053871343022872,2026-09-01,1.0602,proxy_ma7_eur_l
2022-09-04,3.667,1.003,0.9658214516424032,GAZOLE,0.9658214516424032,0.9644513915461683,0.9806583627917238,1.0398743866705746,2026-09-01,1.0602,proxy_ma7_eur_l
2022-09-05,3.667,1.003,0.9658214516424032,GAZOLE,0.9658214516424032,0.9632858382919632,0.9706587676983099,1.0292709765440182,2026-09-01,1.0602,proxy_ma7_eur_l
2022-09-06,3.618,0.9914,0.9640654482870497,GAZOLE,0.9652361171906189,0.9654702509713324,0.9645919796657564,1.0228378518965595,2026-09-01,1.0602,proxy_ma7_eur_l
2022-09-07,3.603,0.9942,0.957364619439156,GAZOLE,0.9624171731228698,0.9637788845306832,0.9625513227408603,1.0206739720494125,2026-09-01,1.0602,proxy_ma7_eur_l
2022-09-08,3.569,0.9956,0.9469968409664842,GAZOLE,0.9561423028975634,0.9600139623954991,0.9616732450374716,1.019742872547379,2026-09-01,1.0602,proxy_ma7_eur_l
2022-09-09,3.604,1.0046,0.9477165804287946,GAZOLE,0.950692680278145,0.9563929881527775,0.9590868348640991,1.0170002847158144,2026-09-01,1.0602,proxy_ma7_eur_l
2022-09-10,3.604,1.0046,0.9477165804287946,GAZOLE,0.9474766672746912,0.9527720139100557,0.9565004246907264,1.0142576968842503,2026-09-01,1.0602,proxy_ma7_eur_l
2022-09-11,3.604,1.0046,0.9477165804287946,GAZOLE,0.9477165804287946,0.9495022403384047,0.9539140145173538,1.0115151090526857,2026-09-01,1.0602,proxy_ma7_eur_l
2022-09-12,3.637,1.0129,0.948557364425497,GAZOLE,0.9479968417610288,0.9477407893356731,0.95144771634351,1.00889988605742,2026-09-01,1.0602,proxy_ma7_eur_l
2022-09-13,3.6,0.9997,0.9513047799233113,GAZOLE,0.9491929082592012,0.9486023771270384,0.9496247637201188,1.0069668563570644,2026-09-01,1.0602,proxy_ma7_eur_l
2022-09-14,3.415,0.9993,0.9027795044561963,GAZOLE,0.9342138829350017,0.9396149619325188,0.9418268901511245,0.9986981163936296,2026-09-01,1.0602,proxy_ma7_eur_l
2022-09-15,3.253,0.9991,0.8601257995406434,GAZOLE,0.9047366946400505,0.9220968057548884,0.9294167413760046,0.9855385938364766,2026-09-01,1.0602,proxy_ma7_eur_l
2022-09-16,3.194,1.0013,0.842670064148533,GAZOLE,0.8685251227151243,0.9010875024988362,0.91441009619311,0.9696257881667005,2026-09-01,1.0602,proxy_ma7_eur_l
2022-09-17,3.194,1.0013,0.842670064148533,GAZOLE,0.84848864261257,0.8799100424434434,0.8994034510102156,0.9537129824969247,2026-09-01,1.0602,proxy_ma7_eur_l
2022-09-18,3.194,1.0013,0.842670064148533,GAZOLE,0.842670064148533,0.8581830992884877,0.884396805827321,0.9378001768271487,2026-09-01,1.0602,proxy_ma7_eur_l
2022-09-19,3.316,1.0003,0.8757318060777969,GAZOLE,0.8536906447916212,0.8527735596128079,0.8739931546347924,0.9267683120988783,2026-09-01,1.0602,proxy_ma7_eur_l
2022-09-20,3.377,0.9994,0.892644607578014,GAZOLE,0.8703488259347815,0.859277321220282,0.8656131300140357,0.9178822685046686,2026-09-01,1.0602,proxy_ma7_eur_l
2022-09-21,3.333,0.988,0.8911796057790574,GAZOLE,0.8865186731449562,0.868979229546387,0.8639560016315873,0.9161250761676478,2026-09-01,1.0602,proxy_ma7_eur_l
2022-09-22,3.415,0.9841,0.9167234618464352,GAZOLE,0.9001825584011689,0.8837899090859672,0.872041381960986,0.9246986836848434,2026-09-01,1.0602,proxy_ma7_eur_l
2022-09-23,3.26,0.9719,0.8861003093811748,GAZOLE,0.8980011256688893,0.8924759581324956,0.8782457027085063,0.9312776458156191,2026-09-01,1.0602,proxy_ma7_eur_l
2022-09-24,3.26,0.9719,0.8861003093811748,GAZOLE,0.8963080268695952,0.8945496587931713,0.8844500234560266,0.9378566079463947,2026-09-01,1.0602,proxy_ma7_eur_l
2022-09-25,3.26,0.9719,0.8861003093811748,GAZOLE,0.8861003093811748,0.8932407991538034,0.8906543442035468,0.9444355700771702,2026-09-01,1.0602,proxy_ma7_eur_l
2022-09-26,3.15,0.9623,0.8647427672536293,GAZOLE,0.8789811286719931,0.8879534314487177,0.88908448151438,0.9427709128805425,2026-09-01,1.0602,proxy_ma7_eur_l
2022-09-27,3.266,0.9616,0.897239936565841,GAZOLE,0.8826943377335486,0.8840567263925989,0.8897409570840695,0.9434670290370923,2026-09-01,1.0602,proxy_ma7_eur_l
2022-09-28,3.463,0.9681,0.9449724380913832,GAZOLE,0.9023183806369514,0.8958311521346406,0.8974256474144019,0.9516157513110337,2026-09-01,1.0602,proxy_ma7_eur_l
2022-09-29,3.419,0.9774,0.9240886505141288,GAZOLE,0.9221003417237844,0.9034288203612315,0.8984778172240724,0.9527314552880941,2026-09-01,1.0602,proxy_ma7_eur_l
2022-09-30,3.39,0.9783,0.9154076024676717,GAZOLE,0.928156230357728,0.9092902789785308,0.9026645733792862,0.9571710243105295,2026-09-01,1.0602,proxy_ma7_eur_l
2022-10-01,3.39,0.9783,0.9154076024676717,GAZOLE,0.9183012851498242,0.9194232460213392,0.9068513295345001,0.9616105933329648,2026-09-01,1.0602,proxy_ma7_eur_l
2022-10-02,3.39,0.9783,0.9154076024676717,GAZOLE,0.9154076024676717,0.9230567792017054,0.9110380856897139,0.9660501623554,2026-09-01,1.0602,proxy_ma7_eur_l
2022-10-03,3.517,0.9809,0.9471843288241493,GAZOLE,0.9259998445864976,0.9234991573482587,0.9228154516283597,0.978538692149996,2026-09-01,1.0602,proxy_ma7_eur_l
2022-10-04,3.66,0.9977,0.9690986384993718,GAZOLE,0.9438968565970645,0.9325011549453072,0.9330809804760068,0.9894240941608525,2026-09-01,1.0602,proxy_ma7_eur_l
2022-10-05,3.931,0.9866,1.0525647048650735,GAZOLE,0.9896158907295316,0.9599325754247875,0.9484513043008198,1.0057225388248585,2026-09-01,1.0602,proxy_ma7_eur_l
2022-10-06,4.1,0.9806,1.104533361889056,GAZOLE,1.042065568417834,0.9977577273090645,0.9742291202115236,1.033056921038803,2026-09-01,1.0602,proxy_ma7_eur_l
2022-10-07,4.34,0.9785,1.1716982189416085,GAZOLE,1.1095987618985794,1.0490158506038518,1.010842065422086,1.0718807004400734,2026-09-01,1.0602,proxy_ma7_eur_l
2022-10-08,4.34,0.9785,1.1716982189416085,GAZOLE,1.1493099332574246,1.0939186286273437,1.0474550106326483,1.1107044798413437,2026-09-01,1.0602,proxy_ma7_eur_l
2022-10-09,4.34,0.9785,1.1716982189416085,GAZOLE,1.1716982189416085,1.134438544715791,1.0840679558432107,1.1495282592426141,2026-09-01,1.0602,proxy_ma7_eur_l
2022-10-10,4.34,0.9785,1.1716982189416085,GAZOLE,1.1716982189416085,1.158265247531098,1.1161413687171335,1.1835383914213229,2026-09-01,1.0602,proxy_ma7_eur_l
2022-10-11,4.295,0.9757,1.1628768728894614,GAZOLE,1.1687577702575596,1.1699339497311791,1.1438239736300038,1.212892581318063,2026-09-01,1.0602,proxy_ma7_eur_l
2022-10-12,4.283,0.9692,1.1674049734316443,GAZOLE,1.167326688420905,1.1690753006291863,1.1602297262823709,1.2302889780904147,2026-09-01,1.0602,proxy_ma7_eur_l
2022-10-13,4.6,0.978,1.242527035631373,GAZOLE,1.1909362939841597,1.1832410639671394,1.1799431082455591,1.2511927318908878,2026-09-01,1.0602,proxy_ma7_eur_l
2022-10-14,4.737,0.9739,1.2849194085846074,GAZOLE,1.231617139215875,1.205885301895739,1.1961175639088444,1.2683438650487266,2026-09-01,1.0602,proxy_ma7_eur_l
2022-10-15,4.737,0.9739,1.2849194085846074,GAZOLE,1.2707886176001961,1.2285295398243385,1.21229201957213,1.285494998206566,2026-09-01,1.0602,proxy_ma7_eur_l
2022-10-16,4.737,0.9739,1.2849194085846074,GAZOLE,1.2849194085846074,1.252938046963368,1.2284664752354157,1.3026461313644055,2026-09-01,1.0602,proxy_ma7_eur_l
2022-10-17,4.844,0.9843,1.3000603694228092,GAZOLE,1.2899663955306748,1.279469126161601,1.2468039253041585,1.3220908690700544,2026-09-01,1.0602,proxy_ma7_eur_l
2022-10-18,4.734,0.9842,1.270667035016739,GAZOLE,1.2852156043413856,1.285097126038674,1.2622025198937696,1.3384192915992583,2026-09-01,1.0602,proxy_ma7_eur_l
2022-10-19,4.027,0.978,1.0877513853233782,GAZOLE,1.2194929299209758,1.2456635213864282,1.250823435878303,1.3263530935628995,2026-09-01,1.0602,proxy_ma7_eur_l
2022-10-20,4.282,0.9823,1.151567472460136,GAZOLE,1.1699952976000845,1.2189931341615339,1.2378292125681263,1.3125742277441614,2026-09-01,1.0602,proxy_ma7_eur_l
2022-10-21,4.279,0.9855,1.1470240609239137,GAZOLE,1.128780972902476,1.1914140646293951,1.2181298771880271,1.2916853687149246,2026-09-01,1.0602,proxy_ma7_eur_l
2022-10-22,4.279,0.9855,1.1470240609239137,GAZOLE,1.148538531435988,1.1608068029296161,1.1984305418079282,1.270796509685688,2026-09-01,1.0602,proxy_ma7_eur_l
2022-10-23,4.279,0.9855,1.1470240609239137,GAZOLE,1.1470240609239137,1.136078208111051,1.178731206427829,1.249907650656451,2026-09-01,1.0602,proxy_ma7_eur_l
2022-10-24,4.372,0.9874,1.1696984129125225,GAZOLE,1.15458217825345,1.15246761362888,1.1601080697835024,1.2301599754918082,2026-09-01,1.0602,proxy_ma7_eur_l
2022-10-25,4.256,0.9959,1.1289449290453657,GAZOLE,1.1485558009606007,1.1479431049459259,1.1398620546447347,1.2086914260216186,2026-09-01,1.0602,proxy_ma7_eur_l
2022-10-26,4.443,1.0068,1.1657890629988612,GAZOLE,1.15481080165225,1.1516961053609154,1.151010294312661,1.2205128404172898,2026-09-01,1.0602,proxy_ma7_eur_l
2022-10-27,4.529,0.9985,1.1982325739910409,GAZOLE,1.1643221886784227,1.1619378079743408,1.1576767373885044,1.22758182964717,2026-09-01,1.0602,proxy_ma7_eur_l
2022-10-28,4.87,0.9934,1.2950653261366851,GAZOLE,1.2196956543755293,1.1915460610168949,1.1788254895617576,1.2500076269782643,2026-09-01,1.0602,proxy_ma7_eur_l
2022-10-29,4.87,0.9934,1.2950653261366851,GAZOLE,1.262787742088137,1.2166194436617277,1.1999742417350105,1.272433424309358,2026-09-01,1.0602,proxy_ma7_eur_l
2022-10-30,4.87,0.9934,1.2950653261366851,GAZOLE,1.2950653261366851,1.2498435230799916,1.2211229939082637,1.294859221640452,2026-09-01,1.0602,proxy_ma7_eur_l
2022-10-31,4.793,0.9885,1.2809070783536727,GAZOLE,1.2903459102090145,1.2728671261509539,1.2370099461141424,1.3117054907469763,2026-09-01,1.0602,proxy_ma7_eur_l
2022-11-01,4.332,0.9871,1.1593489320387995,GAZOLE,1.2451071121763861,1.2650903977605057,1.2413533751132044,1.3163111931381626,2026-09-01,1.0602,proxy_ma7_eur_l
2022-11-02,3.981,0.9875,1.0649812055066215,GAZOLE,1.168412405299698,1.2190735736344926,1.2269522526143128,1.301040474002835,2026-09-01,1.0602,proxy_ma7_eur_l
2022-11-03,4.658,0.9759,1.2609011372930172,GAZOLE,1.1617437582794794,1.2122407358657592,1.2359049045145951,1.3105337223726126,2026-09-01,1.0602,proxy_ma7_eur_l
2022-11-04,4.801,0.9895,1.2817483813759176,GAZOLE,1.2025435747251858,1.2095773469136057,1.2340024838344856,1.3085164260205102,2026-09-01,1.0602,proxy_ma7_eur_l
2022-11-05,4.801,0.9895,1.2817483813759176,GAZOLE,1.274799300014951,1.2097456075180546,1.2321000631543757,1.3064991296684076,2026-09-01,1.0602,proxy_ma7_eur_l
2022-11-06,4.801,0.9895,1.2817483813759176,GAZOLE,1.2817483813759176,1.2342254973854783,1.2301976424742662,1.3044818333163053,2026-09-01,1.0602,proxy_ma7_eur_l
2022-11-07,4.684,0.9997,1.2377532192113307,GAZOLE,1.2670833273210553,1.2687799001264204,1.2240328054539318,1.2979447390960566,2026-09-01,1.0602,proxy_ma7_eur_l
2022-11-08,4.678,1.0089,1.2248952928252737,GAZOLE,1.2481322978041742,1.2615787312328715,1.2333965712805708,1.3078739260742656,2026-09-01,1.0602,proxy_ma7_eur_l
2022-11-09,4.639,1.0037,1.2209765376999606,GAZOLE,1.227875016578855,1.24942436249768,1.255681618736762,1.3315046326839162,2026-09-01,1.0602,proxy_ma7_eur_l
2022-11-10,4.776,1.0176,1.2398641136620643,GAZOLE,1.228578648062433,1.2410475089549093,1.2526763296466261,1.3283178723727347,2026-09-01,1.0602,proxy_ma7_eur_l
2022-11-11,4.776,1.0176,1.2398641136620643,GAZOLE,1.23356825500803,1.2326706554121387,1.2466928628303613,1.3219731002055812,2026-09-01,1.0602,proxy_ma7_eur_l
2022-11-12,4.776,1.0176,1.2398641136620643,GAZOLE,1.2398641136620643,1.2330928343022853,1.2407093960140965,1.3156283280384278,2026-09-01,1.0602,proxy_ma7_eur_l
2022-11-13,4.776,1.0176,1.2398641136620643,GAZOLE,1.2398641136620643,1.2360865984696434,1.2347259291978319,1.3092835558712748,2026-09-01,1.0602,proxy_ma7_eur_l
2022-11-14,4.541,1.0337,1.1604965558269826,GAZOLE,1.2134082610503707,1.223990602095048,1.2236892630000678,1.2975804521924197,2026-09-01,1.0602,proxy_ma7_eur_l
2022-11-15,4.635,1.0372,1.18052204269188,GAZOLE,1.193627570726976,1.2121221879010111,1.2173502272667258,1.2908586404530833,2026-09-01,1.0602,proxy_ma7_eur_l
2022-11-16,4.024,1.0395,1.0226342844532845,GAZOLE,1.1212176276573826,1.1686762220592553,1.1890156196600576,1.2608130773655912,2026-09-01,1.0602,proxy_ma7_eur_l
2022-11-17,3.824,1.0341,0.9768822437071458,GAZOLE,1.0600128569507703,1.1160798480682714,1.1514467810950695,1.2209756839950008,2026-09-01,1.0602,proxy_ma7_eur_l
2022-11-18,3.817,1.0349,0.9743402491555249,GAZOLE,0.9912855924386519,1.0629750751669635,1.113514800451278,1.1807532205930953,2026-09-01,1.0602,proxy_ma7_eur_l
2022-11-19,3.817,1.0349,0.9743402491555249,GAZOLE,0.975187580672732,1.025743813832672,1.0755828198074868,1.14053075719119,2026-09-01,1.0602,proxy_ma7_eur_l
2022-11-20,3.817,1.0349,0.9743402491555249,GAZOLE,0.9743402491555249,0.9845074551254009,1.0376508391636954,1.1003082937892845,2026-09-01,1.0602,proxy_ma7_eur_l
2022-11-21,3.58,1.0238,0.9237506812289229,GAZOLE,0.9574770598466577,0.9647307344805288,1.0038299999354012,1.064445218753564,2026-09-01,1.0602,proxy_ma7_eur_l
2022-11-22,3.57,1.0276,0.9177639421161832,GAZOLE,0.9386182908335439,0.9529070741623361,0.9662931284245874,1.0246417227340945,2026-09-01,1.0602,proxy_ma7_eur_l
2022-11-23,3.453,1.0364,0.880148684670674,GAZOLE,0.9072211026719268,0.9340687612653659,0.9459380427413572,1.0030575166093245,2026-09-01,1.0602,proxy_ma7_eur_l
2022-11-24,3.453,1.0364,0.880148684670674,GAZOLE,0.8926871038191772,0.9152304483683957,0.9321189628790041,0.9884039861430086,2026-09-01,1.0602,proxy_ma7_eur_l
2022-11-25,3.379,1.0402,0.8581401316267867,GAZOLE,0.8728125003227117,0.891990424862648,0.9155189460891844,0.970801594797572,2026-09-01,1.0602,proxy_ma7_eur_l
2022-11-26,3.379,1.0402,0.8581401316267867,GAZOLE,0.8654763159747493,0.8788683149422208,0.8989189292993646,0.9531992034521354,2026-09-01,1.0602,proxy_ma7_eur_l
2022-11-27,3.379,1.0402,0.8581401316267867,GAZOLE,0.8581401316267867,0.8669435528443415,0.882318912509545,0.935596812106699,2026-09-01,1.0602,proxy_ma7_eur_l
2022-11-28,3.183,1.0386,0.8096087450953074,GAZOLE,0.8419630027829604,0.8528355649292683,0.8660129216333141,0.9183062011204163,2026-09-01,1.0602,proxy_ma7_eur_l
2022-11-29,3.312,1.0356,0.8448607931732208,GAZOLE,0.8375365566317718,0.8457779866297777,0.8555981860700338,0.9072625827033239,2026-09-01,1.0602,proxy_ma7_eur_l
2022-11-30,3.385,1.0323,0.8662427562068511,GAZOLE,0.8402374314917932,0.8473985115457905,0.8536116248609161,0.9051560650848599,2026-09-01,1.0602,proxy_ma7_eur_l
2022-12-01,3.286,1.0498,0.8268902305666562,GAZOLE,0.8459979266489096,0.8411485313337644,0.8460032742746278,0.8970882922501203,2026-09-01,1.0602,proxy_ma7_eur_l
2022-12-02,3.2,1.0521,0.8034888010132829,GAZOLE,0.8322072625955969,0.8302182652110638,0.8381959413298417,0.8888095217164347,2026-09-01,1.0602,proxy_ma7_eur_l
2022-12-03,3.2,1.0521,0.8034888010132829,GAZOLE,0.8112892775310742,0.8289942763946587,0.8303886083850555,0.880530751182749,2026-09-01,1.0602,proxy_ma7_eur_l
2022-12-04,3.2,1.0521,0.8034888010132829,GAZOLE,0.8034888010132829,0.8207198779626712,0.8225812754402692,0.8722519806490633,2026-09-01,1.0602,proxy_ma7_eur_l
2022-12-05,3.018,1.0494,0.7597400934027937,GAZOLE,0.7889058984764533,0.7994193454018598,0.8154571823413387,0.8646977066807622,2026-09-01,1.0602,proxy_ma7_eur_l
2022-12-06,2.913,1.0497,0.7330982076014921,GAZOLE,0.7654423673391898,0.780660940808827,0.7994910986882344,0.8477675278577942,2026-09-01,1.0602,proxy_ma7_eur_l
2022-12-07,2.79,1.0505,0.7016087825599564,GAZOLE,0.7314823611880809,0.7602849371181616,0.775971959595821,0.8228282102863622,2026-09-01,1.0602,proxy_ma7_eur_l
2022-12-08,2.838,1.0552,0.7105006487797814,GAZOLE,0.71506921298041,0.7416873066714613,0.7593448764834104,0.8051971182469109,2026-09-01,1.0602,proxy_ma7_eur_l
2022-12-09,2.778,1.055,0.6956113378681862,GAZOLE,0.7025735897359748,0.720111814042442,0.7439338103198251,0.7888554710608545,2026-09-01,1.0602,proxy_ma7_eur_l
2022-12-10,2.778,1.055,0.6956113378681862,GAZOLE,0.7005744415053847,0.7072860629355204,0.7285227441562399,0.7725138238747983,2026-09-01,1.0602,proxy_ma7_eur_l
2022-12-11,2.778,1.055,0.6956113378681862,GAZOLE,0.6956113378681862,0.6997886889888593,0.7131116779926546,0.7561721766887421,2026-09-01,1.0602,proxy_ma7_eur_l
2022-12-12,2.936,1.0545,0.7355231348729481,GAZOLE,0.7089152702031069,0.7065715594514577,0.7096521124883909,0.7525037089599282,2026-09-01,1.0602,proxy_ma7_eur_l
2022-12-13,3.077,1.063,0.7646824130818651,GAZOLE,0.7319389619409998,0.7174079123118744,0.7141641418427299,0.7572881924615281,2026-09-01,1.0602,proxy_ma7_eur_l
2022-12-14,3.252,1.0655,0.8062764094497407,GAZOLE,0.7688273191348515,0.7395409266281853,0.729116659969842,0.7731436026701836,2026-09-01,1.0602,proxy_ma7_eur_l
2022-12-15,3.265,1.0638,0.81079314810054,GAZOLE,0.7939173235440488,0.762577288674656,0.7434441598728075,0.7883362535865591,2026-09-01,1.0602,proxy_ma7_eur_l
2022-12-16,3.113,1.061,0.7750872752035024,GAZOLE,0.7973856109179277,0.7784724761417193,0.754797865206424,0.800375540476055,2026-09-01,1.0602,proxy_ma7_eur_l
2022-12-17,3.113,1.061,0.7750872752035024,GAZOLE,0.7869892328358484,0.7863853042078301,0.7661515705400407,0.812414827365551,2026-09-01,1.0602,proxy_ma7_eur_l
2022-12-18,3.113,1.061,0.7750872752035024,GAZOLE,0.7750872752035024,0.7884662766321575,0.7775052758736573,0.824454114255047,2026-09-01,1.0602,proxy_ma7_eur_l
2022-12-19,3.072,1.0624,0.7638709947705496,GAZOLE,0.7713485150591849,0.7799851936963195,0.7815549701447432,0.8287483450556293,2026-09-01,1.0602,proxy_ma7_eur_l
2022-12-20,3.044,1.0635,0.7561257427157536,GAZOLE,0.7650280042299354,0.7690517126193621,0.7803325886638702,0.8274521513546124,2026-09-01,1.0602,proxy_ma7_eur_l
2022-12-21,3.163,1.0599,0.788353808480822,GAZOLE,0.7694501819890419,0.7717050192748259,0.7777722170968817,0.8247371744432939,2026-09-01,1.0602,proxy_ma7_eur_l
2022-12-22,3.132,1.0588,0.7814382961708736,GAZOLE,0.7753059491224832,0.7729752234683003,0.7735786668212151,0.8202904010445876,2026-09-01,1.0602,proxy_ma7_eur_l
2022-12-23,3.246,1.0621,0.8073651087040296,GAZOLE,0.7923857377852418,0.7794307901684057,0.778189785892719,0.8251799576917107,2026-09-01,1.0602,proxy_ma7_eur_l
2022-12-24,3.246,1.0621,0.8073651087040296,GAZOLE,0.7987228378596444,0.7881296129551016,0.7828009049642228,0.8300695143388336,2026-09-01,1.0602,proxy_ma7_eur_l
2022-12-25,3.246,1.0621,0.8073651087040296,GAZOLE,0.8073651087040296,0.7983774861527568,0.7874120240357269,0.8349590709859569,2026-09-01,1.0602,proxy_ma7_eur_l
2022-12-26,3.246,1.0621,0.8073651087040296,GAZOLE,0.8073651087040296,0.8021797461973984,0.7936254688833667,0.841547708166042,2026-09-01,1.0602,proxy_ma7_eur_l
2022-12-27,3.362,1.0654,0.833627219849911,GAZOLE,0.8161191457526568,0.8126175309332059,0.8046971084739606,0.8532878970692713,2026-09-01,1.0602,proxy_ma7_eur_l
2022-12-28,3.346,1.0622,0.8321593741200947,GAZOLE,0.8243839008913452,0.8175763840164189,0.8109550464224282,0.8599237140192844,2026-09-01,1.0602,proxy_ma7_eur_l
2022-12-29,3.328,1.0668,0.8241137891337813,GAZOLE,0.8299667943679291,0.8209261201023692,0.8170515454171292,0.8663883436940928,2026-09-01,1.0602,proxy_ma7_eur_l
2022-12-30,3.305,1.0698,0.8161232314859606,GAZOLE,0.8241321315799457,0.8226777446587554,0.8183027058145481,0.8677150540962645,2026-09-01,1.0602,proxy_ma7_eur_l
2022-12-31,3.305,1.0698,0.8161232314859606,GAZOLE,0.8187867507019009,0.8244293692151416,0.8195538662119668,0.8690417644984361,2026-09-01,1.0602,proxy_ma7_eur_l
2023-01-01,3.305,1.0698,0.8161232314859606,GAZOLE,0.8161232314859606,0.8209285715423515,0.8208050266093855,0.8703684749006075,2026-09-01,1.0602,proxy_ma7_eur_l
2023-01-02,3.305,1.0698,0.8161232314859606,GAZOLE,0.8161232314859606,0.8177213430155247,0.822056187006804,0.8716951853027789,2026-09-01,1.0602,proxy_ma7_eur_l
2023-01-03,3.147,1.0559,0.7873372940345611,GAZOLE,0.8065279190021609,0.8103660439956807,0.8154433404617542,0.8646830289738364,2026-09-01,1.0602,proxy_ma7_eur_l
2023-01-04,3.053,1.062,0.7594324631350537,GAZOLE,0.7876309962185252,0.7990278903254994,0.8050537817496055,0.8536661076855527,2026-09-01,1.0602,proxy_ma7_eur_l
2023-01-05,3.048,1.0522,0.7652503474507094,GAZOLE,0.7706733682067749,0.7888533135184491,0.7966447186520237,0.8447492721566346,2026-09-01,1.0602,proxy_ma7_eur_l
2023-01-06,3.079,1.0619,0.7659720776068736,GAZOLE,0.7635516293975457,0.7788230827426317,0.7894802680978685,0.8371522037906188,2026-09-01,1.0602,proxy_ma7_eur_l
2023-01-07,3.079,1.0619,0.7659720776068736,GAZOLE,0.7657315008881523,0.7687928519668142,0.7823158175437133,0.829555135424603,2026-09-01,1.0602,proxy_ma7_eur_l
2023-01-08,3.079,1.0619,0.7659720776068736,GAZOLE,0.7659720776068736,0.7645198086812768,0.775151366989558,0.8219580670585873,2026-09-01,1.0602,proxy_ma7_eur_l
2023-01-09,3.075,1.0759,0.7550228283309847,GAZOLE,0.7623223278482442,0.763637881720463,0.7664227379674186,0.8127023689528444,2026-09-01,1.0602,proxy_ma7_eur_l
2023-01-10,3.155,1.0737,0.7762529805252475,GAZOLE,0.765749295487702,0.7658384083353706,0.7648392646089451,0.8110232792209584,2026-09-01,1.0602,proxy_ma7_eur_l
2023-01-11,3.248,1.074,0.7989113836678455,GAZOLE,0.7767290641746927,0.772426269547565,0.7704791103993439,0.8170036811679849,2026-09-01,1.0602,proxy_ma7_eur_l
2023-01-12,3.278,1.0823,0.8001071677261484,GAZOLE,0.791757177306414,0.77925328757142,0.7754586561529783,0.8222839115549646,2026-09-01,1.0602,proxy_ma7_eur_l
2023-01-13,3.319,1.0811,0.8110138209015767,GAZOLE,0.8033441240985236,0.7882616362303606,0.7818931909093643,0.8291069889254152,2026-09-01,1.0602,proxy_ma7_eur_l
2023-01-14,3.319,1.0811,0.8110138209015767,GAZOLE,0.8073782698431008,0.7994598347444789,0.7883277256657504,0.835930066295866,2026-09-01,1.0602,proxy_ma7_eur_l
2023-01-15,3.319,1.0811,0.8110138209015767,GAZOLE,0.8110138209015767,0.8064120028197449,0.7947622604221366,0.8427531436663169,2026-09-01,1.0602,proxy_ma7_eur_l
2023-01-16,3.319,1.0811,0.8110138209015767,GAZOLE,0.8110138209015767,0.808832490266491,0.8027609736465069,0.8512348507764946,2026-09-01,1.0602,proxy_ma7_eur_l
2023-01-17,3.309,1.0793,0.8099187633217023,GAZOLE,0.8106488017082855,0.8107948093856019,0.8075703711888575,0.8563346587313971,2026-09-01,1.0602,proxy_ma7_eur_l
2023-01-18,3.301,1.0827,0.8054234273891642,GAZOLE,0.8087853372041479,0.8096767306831193,0.808500663149046,0.8573211253932136,2026-09-01,1.0602,proxy_ma7_eur_l
2023-01-19,3.421,1.081,0.8360153479345289,GAZOLE,0.8171191795484652,0.8146770360897098,0.8136304031788145,0.8627606193797325,2026-09-01,1.0602,proxy_ma7_eur_l
2023-01-20,3.504,1.0831,0.8546384188560171,GAZOLE,0.8320257313932369,0.8234019556805979,0.8198624886008776,0.8693690227257231,2026-09-01,1.0602,proxy_ma7_eur_l
2023-01-21,3.504,1.0831,0.8546384188560171,GAZOLE,0.8484307285488545,0.8321268752714859,0.8260945740229405,0.8759774260717135,2026-09-01,1.0602,proxy_ma7_eur_l
2023-01-22,3.504,1.0831,0.8546384188560171,GAZOLE,0.8546384188560171,0.8410708063783489,0.8323266594450034,0.8825858294177039,2026-09-01,1.0602,proxy_ma7_eur_l
2023-01-23,3.587,1.0865,0.8721446404129576,GAZOLE,0.8604738260416641,0.8544150489831075,0.8410596336609147,0.8918461350971747,2026-09-01,1.0602,proxy_ma7_eur_l
2023-01-24,3.482,1.0873,0.8459919859386305,GAZOLE,0.8575916817358685,0.8564103765839277,0.8462129511776189,0.8973106302723813,2026-09-01,1.0602,proxy_ma7_eur_l
2023-01-25,3.366,1.0901,0.8157078508737984,GAZOLE,0.8446148257417957,0.8486242629874841,0.8476821545325668,0.8988685499267567,2026-09-01,1.0602,proxy_ma7_eur_l
2023-01-26,3.399,1.0866,0.8263581869734461,GAZOLE,0.8293526745952917,0.84296821661097,0.8463025601095548,0.8974056501454306,2026-09-01,1.0602,proxy_ma7_eur_l
2023-01-27,3.265,1.0857,0.7944383816425851,GAZOLE,0.8121681398299433,0.8309282091682835,0.8377025547933502,0.8882863425528318,2026-09-01,1.0602,proxy_ma7_eur_l
2023-01-28,3.265,1.0857,0.7944383816425851,GAZOLE,0.8050783167528722,0.8153869574142091,0.8291025494771456,0.8791670349602331,2026-09-01,1.0602,proxy_ma7_eur_l
2023-01-29,3.265,1.0857,0.7944383816425851,GAZOLE,0.7944383816425851,0.8050762365549999,0.8205025441609411,0.8700477273676347,2026-09-01,1.0602,proxy_ma7_eur_l
2023-01-30,3.107,1.0867,0.7552982117205919,GAZOLE,0.7813916583352541,0.7929943087243586,0.8038101972048889,0.8523474305959813,2026-09-01,1.0602,proxy_ma7_eur_l
2023-01-31,3.19,1.0858,0.7761179287368699,GAZOLE,0.7752848407000158,0.7829462570770434,0.7938281890332088,0.8417626693589315,2026-09-01,1.0602,proxy_ma7_eur_l
2023-02-01,3.013,1.0917,0.7290926021389587,GAZOLE,0.753502914198807,0.7698771011763181,0.7814545820710889,0.8286418951537255,2026-09-01,1.0602,proxy_ma7_eur_l
2023-02-02,2.94,1.0918,0.7113627348717313,GAZOLE,0.7388577552491867,0.7532619718221473,0.7650266603422724,0.8112219906485585,2026-09-01,1.0602,proxy_ma7_eur_l
2023-02-03,2.812,1.0825,0.6862372390125758,GAZOLE,0.7088975253410887,0.7316217432961455,0.7495693542522711,0.7948313113867601,2026-09-01,1.0602,proxy_ma7_eur_l
2023-02-04,2.812,1.0825,0.6862372390125758,GAZOLE,0.6946124042989611,0.7178095487545424,0.7341120481622697,0.7784406321249617,2026-09-01,1.0602,proxy_ma7_eur_l
2023-02-05,2.812,1.0825,0.6862372390125758,GAZOLE,0.6862372390125758,0.6998334108096835,0.7186547420722684,0.7620499528631633,2026-09-01,1.0602,proxy_ma7_eur_l
2023-02-06,2.8,1.0722,0.6898729216590334,GAZOLE,0.6874491332280618,0.6919894747136984,0.7093082720634742,0.75213910609257,2026-09-01,1.0602,proxy_ma7_eur_l
2023-02-07,2.934,1.0705,0.7240362462576436,GAZOLE,0.7000488023097512,0.6945241769908809,0.7018680317092992,0.7442495946495084,2026-09-01,1.0602,proxy_ma7_eur_l
2023-02-08,2.909,1.0734,0.7159274271565621,GAZOLE,0.7099455316910799,0.7004622146196782,0.6999872924260996,0.7422552889026661,2026-09-01,1.0602,proxy_ma7_eur_l
2023-02-09,2.809,1.0761,0.6895820974575215,GAZOLE,0.7098485902905759,0.7011311863086672,0.6968757727954983,0.7389558834315558,2026-09-01,1.0602,proxy_ma7_eur_l
2023-02-10,2.874,1.067,0.7115562122561562,GAZOLE,0.7056885789567469,0.7061949809573834,0.7004927689731526,0.7427912881194032,2026-09-01,1.0602,proxy_ma7_eur_l
2023-02-11,2.874,1.067,0.7115562122561562,GAZOLE,0.7042315073232781,0.7105316390768079,0.7041097651508069,0.7466266928072506,2026-09-01,1.0602,proxy_ma7_eur_l
2023-02-12,2.874,1.067,0.7115562122561562,GAZOLE,0.7115562122561562,0.7080356322765105,0.7077267613284614,0.7504620974950981,2026-09-01,1.0602,proxy_ma7_eur_l
2023-02-13,2.884,1.0718,0.7108342965113827,GAZOLE,0.7113155736745652,0.7070170061474745,0.7107212434502256,0.7536373982704884,2026-09-01,1.0602,proxy_ma7_eur_l
2023-02-14,2.915,1.0722,0.718206988084315,GAZOLE,0.7135324989506181,0.7127419842728333,0.7098884922826071,0.7527543622994176,2026-09-01,1.0602,proxy_ma7_eur_l
2023-02-15,2.838,1.0683,0.7017881536950531,GAZOLE,0.7102764794302505,0.7107883725606126,0.7078685960738201,0.7506124967823877,2026-09-01,1.0602,proxy_ma7_eur_l
2023-02-16,2.771,1.0684,0.6851560811348083,GAZOLE,0.7017170743047257,0.7055083463363431,0.7072363080277182,0.7499420286875992,2026-09-01,1.0602,proxy_ma7_eur_l
2023-02-17,2.716,1.0678,0.6719341582737695,GAZOLE,0.6862927977012104,0.6975839355398656,0.701576014601663,0.7439399443959418,2026-09-01,1.0602,proxy_ma7_eur_l
2023-02-18,2.716,1.0678,0.6719341582737695,GAZOLE,0.6763414658941159,0.689803907892343,0.6959157211756077,0.7379378601042844,2026-09-01,1.0602,proxy_ma7_eur_l
2023-02-19,2.716,1.0678,0.6719341582737695,GAZOLE,0.6719341582737695,0.6805493419302339,0.6902554277495525,0.731935775812627,2026-09-01,1.0602,proxy_ma7_eur_l
2023-02-20,2.716,1.0678,0.6719341582737695,GAZOLE,0.6719341582737695,0.6745785428459772,0.6846982651441792,0.7260430497877958,2026-09-01,1.0602,proxy_ma7_eur_l
2023-02-21,2.775,1.0657,0.6878834993843124,GAZOLE,0.6772506053106172,0.6751240264958781,0.680366338187036,0.7214495439772327,2026-09-01,1.0602,proxy_ma7_eur_l
2023-02-22,2.685,1.0623,0.6677040013006011,GAZOLE,0.6758405529862278,0.6742779951012444,0.6754971735592571,0.7162863599643055,2026-09-01,1.0602,proxy_ma7_eur_l
2023-02-23,2.704,1.0583,0.6749704522124477,GAZOLE,0.6768526509657873,0.67488525388898,0.6740420837132055,0.7147434060482178,2026-09-01,1.0602,proxy_ma7_eur_l
2023-02-24,2.8,1.0545,0.7014525809415035,GAZOLE,0.6813756781515176,0.6807889384225267,0.6782590012371676,0.7192149577019327,2026-09-01,1.0602,proxy_ma7_eur_l
2023-02-25,2.8,1.0545,0.7014525809415035,GAZOLE,0.692625204698485,0.6866926229560736,0.6824759187611296,0.7236865093556472,2026-09-01,1.0602,proxy_ma7_eur_l
2023-02-26,2.8,1.0545,0.7014525809415035,GAZOLE,0.7014525809415035,0.6894064392675119,0.6866928362850917,0.7281580610093619,2026-09-01,1.0602,proxy_ma7_eur_l
2023-02-27,2.807,1.0596,0.6998215845312595,GAZOLE,0.7009089154714223,0.6958299559136435,0.6906767543218759,0.732382543746911,2026-09-01,1.0602,proxy_ma7_eur_l
2023-02-28,2.818,1.0602,0.702166424773875,GAZOLE,0.7011468634155462,0.7012691504259291,0.6927171722346704,0.7345461701494623,2026-09-01,1.0602,proxy_ma7_eur_l
2023-03-01,2.866,1.0674,0.7093096328072451,GAZOLE,0.7037658807041267,0.7028405607990773,0.6986608338784769,0.7408487335506815,2026-09-01,1.0602,proxy_ma7_eur_l
2023-03-02,2.876,1.0595,0.7170918570854504,GAZOLE,0.7095226382221904,0.7059684160278668,0.704678177431763,0.7472294280659929,2026-09-01,1.0602,proxy_ma7_eur_l
2023-03-03,2.92,1.0616,0.7266224499677781,GAZOLE,0.717674646620158,0.7110023898331217,0.708273873006945,0.7510422459368896,2026-09-01,1.0602,proxy_ma7_eur_l
2023-03-04,2.92,1.0616,0.7266224499677781,GAZOLE,0.723445585673669,0.7163625629204253,0.7118695685821271,0.7548550638077863,2026-09-01,1.0602,proxy_ma7_eur_l
2023-03-05,2.92,1.0616,0.7266224499677781,GAZOLE,0.7266224499677781,0.721253767959206,0.7154652641573092,0.7586678816786829,2026-09-01,1.0602,proxy_ma7_eur_l
2023-03-06,2.907,1.0694,0.7181112363990438,GAZOLE,0.7237853787782003,0.7230140886775658,0.7180780715669927,0.7614384607159108,2026-09-01,1.0602,proxy_ma7_eur_l
2023-03-07,2.809,1.0573,0.7018436537161062,GAZOLE,0.7155257800276429,0.7199644480036969,0.7180319614158829,0.7613895662518203,2026-09-01,1.0602,proxy_ma7_eur_l
2023-03-08,2.763,1.0549,0.6919209220452783,GAZOLE,0.7039586040534763,0.713024142419197,0.715547859878459,0.7587554648555885,2026-09-01,1.0602,proxy_ma7_eur_l
2023-03-09,2.689,1.0577,0.6716069289884287,GAZOLE,0.688457168249938,0.7020210382233271,0.709050013007456,0.7518652523350651,2026-09-01,1.0602,proxy_ma7_eur_l
2023-03-10,2.791,1.0659,0.6917198593973094,GAZOLE,0.6850825701436722,0.6950405201092333,0.7040639286402461,0.7465780885072058,2026-09-01,1.0602,proxy_ma7_eur_l
2023-03-11,2.791,1.0659,0.6917198593973094,GAZOLE,0.685015549261016,0.6897622447088865,0.6990778442730362,0.7412909246793464,2026-09-01,1.0602,proxy_ma7_eur_l
2023-03-12,2.791,1.0659,0.6917198593973094,GAZOLE,0.6917198593973094,0.6877374858451271,0.6940917599058265,0.7360037608514874,2026-09-01,1.0602,proxy_ma7_eur_l
2023-03-13,2.786,1.0733,0.6857200576444625,GAZOLE,0.689719925479694,0.6864973129649639,0.689464448655172,0.7310970342775049,2026-09-01,1.0602,proxy_ma7_eur_l
2023-03-14,2.769,1.0722,0.6822350428835227,GAZOLE,0.6865583199750983,0.6886229357439827,0.6866632185362315,0.7281266548238857,2026-09-01,1.0602,proxy_ma7_eur_l
2023-03-15,2.654,1.0535,0.6655079515505703,GAZOLE,0.6778210173595186,0.6833805541746348,0.6828899370369873,0.7241255276896696,2026-09-01,1.0602,proxy_ma7_eur_l
2023-03-16,2.691,1.0622,0.669259078229879,GAZOLE,0.6723340242213242,0.6788883979411487,0.6825545297857661,0.7237698672243312,2026-09-01,1.0602,proxy_ma7_eur_l
2023-03-17,2.688,1.0647,0.6669432485570611,GAZOLE,0.6672367594458368,0.6739330757730991,0.6790150139514449,0.720016621448863,2026-09-01,1.0602,proxy_ma7_eur_l
2023-03-18,2.688,1.0647,0.6669432485570611,GAZOLE,0.6677151917813339,0.6701777139556189,0.6754754981171238,0.716263375673395,2026-09-01,1.0602,proxy_ma7_eur_l
2023-03-19,2.688,1.0647,0.6669432485570611,GAZOLE,0.6669432485570611,0.6671193550903265,0.6719359822828025,0.7125101298979267,2026-09-01,1.0602,proxy_ma7_eur_l
2023-03-20,2.705,1.0722,0.6664665189598876,GAZOLE,0.6667843386913367,0.66731106857219,0.6691854767564347,0.7095935379880557,2026-09-01,1.0602,proxy_ma7_eur_l
2023-03-21,2.712,1.0769,0.6652749614590943,GAZOLE,0.6662282429920144,0.666514245218033,0.6667626079815163,0.7070243668302948,2026-09-01,1.0602,proxy_ma7_eur_l
2023-03-22,2.727,1.0792,0.6675288980547357,GAZOLE,0.6664234594912394,0.6666313751175679,0.6670513146249686,0.7073305067207791,2026-09-01,1.0602,proxy_ma7_eur_l
2023-03-23,2.674,1.089,0.6486648925672074,GAZOLE,0.6604895840270126,0.6629757039195973,0.6641092881017298,0.7042108290200636,2026-09-01,1.0602,proxy_ma7_eur_l
2023-03-24,2.713,1.0762,0.6659531481580159,GAZOLE,0.6607156462599865,0.6627776838397882,0.6639678451875805,0.7040608452242989,2026-09-01,1.0602,proxy_ma7_eur_l
2023-03-25,2.713,1.0762,0.6659531481580159,GAZOLE,0.6601903962944132,0.6626750096794138,0.663826402273431,0.7039108614285341,2026-09-01,1.0602,proxy_ma7_eur_l
2023-03-26,2.713,1.0762,0.6659531481580159,GAZOLE,0.6659531481580159,0.6628106470191981,0.6636849593592817,0.7037608776327694,2026-09-01,1.0602,proxy_ma7_eur_l
2023-03-27,2.773,1.0789,0.6789777562231399,GAZOLE,0.670294684179724,0.6651004186528789,0.6654722789683178,0.7056561226566732,2026-09-01,1.0602,proxy_ma7_eur_l
2023-03-28,2.77,1.0844,0.6748031953449567,GAZOLE,0.6732446999087043,0.670328079208429,0.6668334552377267,0.7070994921235615,2026-09-01,1.0602,proxy_ma7_eur_l
2023-03-29,2.639,1.0826,0.6439590302726341,GAZOLE,0.6659133272802437,0.6659292556313525,0.6634663312688552,0.7035290479150337,2026-09-01,1.0602,proxy_ma7_eur_l
2023-03-30,2.634,1.0899,0.6384339718427038,GAZOLE,0.652398732486765,0.6604254203682901,0.6620047711653545,0.7019792330418057,2026-09-01,1.0602,proxy_ma7_eur_l
2023-03-31,2.614,1.0872,0.6351598094777409,GAZOLE,0.6391842705310264,0.6542667526322351,0.6576057227824581,0.6973145527487868,2026-09-01,1.0602,proxy_ma7_eur_l
2023-04-01,2.614,1.0872,0.6351598094777409,GAZOLE,0.6362511969327287,0.6455031632831553,0.6532066743995618,0.6926498724557683,2026-09-01,1.0602,proxy_ma7_eur_l
2023-04-02,2.614,1.0872,0.6351598094777409,GAZOLE,0.6351598094777409,0.6375744861097121,0.6488076260166652,0.6879851921627492,2026-09-01,1.0602,proxy_ma7_eur_l
2023-04-03,2.725,1.0891,0.6609758908052102,GAZOLE,0.6437651699202308,0.6409778582162273,0.6462359309569611,0.6852582080015165,2026-09-01,1.0602,proxy_ma7_eur_l
2023-04-04,2.701,1.0951,0.6515648921736453,GAZOLE,0.6492335308188656,0.6436040422824156,0.6429161733610594,0.6817379903345752,2026-09-01,1.0602,proxy_ma7_eur_l
2023-04-05,2.778,1.0918,0.6721651964196156,GAZOLE,0.6615686597994905,0.6510051196707906,0.6469456256677711,0.6860107568810528,2026-09-01,1.0602,proxy_ma7_eur_l
2023-04-06,2.702,1.0927,0.6532377463820966,GAZOLE,0.6589892783251193,0.6546207070516618,0.64906045060197,0.6882532832947422,2026-09-01,1.0602,proxy_ma7_eur_l
2023-04-07,2.702,1.0913,0.6540757678655889,GAZOLE,0.6598262368891005,0.6584038987292313,0.6517627303716625,0.6911187373863401,2026-09-01,1.0602,proxy_ma7_eur_l
2023-04-08,2.702,1.0913,0.6540757678655889,GAZOLE,0.6537964273710916,0.6570238741413071,0.6544650101413553,0.6939841914779383,2026-09-01,1.0602,proxy_ma7_eur_l
2023-04-09,2.702,1.0913,0.6540757678655889,GAZOLE,0.6540757678655889,0.6575260492796957,0.6571672899110477,0.6968496455695361,2026-09-01,1.0602,proxy_ma7_eur_l
2023-04-10,2.715,1.084,0.6616486366719307,GAZOLE,0.656600057467703,0.6554227373301588,0.6572633964634365,0.6969515554150157,2026-09-01,1.0602,proxy_ma7_eur_l
2023-04-11,2.694,1.0906,0.6525577746679367,GAZOLE,0.6560940597351522,0.6552867429873268,0.6574052368197637,0.6971019606520862,2026-09-01,1.0602,proxy_ma7_eur_l
2023-04-12,2.725,1.0987,0.6552005485355006,GAZOLE,0.6564689866251229,0.6555116991213092,0.6549817156934615,0.6945320977513894,2026-09-01,1.0602,proxy_ma7_eur_l
2023-04-13,2.726,1.1054,0.6514682601124594,GAZOLE,0.6530755277719656,0.6549901975706833,0.6547289319406564,0.6942640499175238,2026-09-01,1.0602,proxy_ma7_eur_l
2023-04-14,2.663,1.098,0.6407014348176222,GAZOLE,0.6491234144885275,0.65231533096109,0.652818312933804,0.6922380601913404,2026-09-01,1.0602,proxy_ma7_eur_l
2023-04-15,2.663,1.098,0.6407014348176222,GAZOLE,0.644290376582568,0.6481258905902283,0.6509076939269516,0.6902120704651571,2026-09-01,1.0602,proxy_ma7_eur_l
2023-04-16,2.663,1.098,0.6407014348176222,GAZOLE,0.6407014348176222,0.6457546226201654,0.6489970749200992,0.6881860807389737,2026-09-01,1.0602,proxy_ma7_eur_l
2023-04-17,2.646,1.0915,0.6404024283460016,GAZOLE,0.6406017659937487,0.6427949985822655,0.6459619023021093,0.6849676324145373,2026-09-01,1.0602,proxy_ma7_eur_l
2023-04-18,2.598,1.0958,0.6263177514386471,GAZOLE,0.6358072048674237,0.637764896847503,0.642213327555068,0.6809927039237718,2026-09-01,1.0602,proxy_ma7_eur_l
2023-04-19,2.553,1.0953,0.6157502507718003,GAZOLE,0.6274901435188165,0.6327746600383387,0.6365775707316822,0.6750166378517308,2026-09-01,1.0602,proxy_ma7_eur_l
2023-04-20,2.485,1.097,0.5984207384776653,GAZOLE,0.6134962468960378,0.6243185207703472,0.628999353355283,0.6669808177890684,2026-09-01,1.0602,proxy_ma7_eur_l
2023-04-21,2.488,1.0973,0.5989793732498618,GAZOLE,0.6043834541664427,0.6159741084567953,0.6230390588456028,0.6606606171638625,2026-09-01,1.0602,proxy_ma7_eur_l
2023-04-22,2.488,1.0973,0.5989793732498618,GAZOLE,0.5987931616591298,0.6076894974375673,0.6170787643359229,0.6543404165386569,2026-09-01,1.0602,proxy_ma7_eur_l
2023-04-23,2.488,1.0973,0.5989793732498618,GAZOLE,0.5989793732498618,0.6022218217998103,0.6111184698262428,0.648020215913451,2026-09-01,1.0602,proxy_ma7_eur_l
2023-04-24,2.517,1.1027,0.6029936118486076,GAZOLE,0.6003174527827772,0.5996704940151717,0.605774353183758,0.6423534004079169,2026-09-01,1.0602,proxy_ma7_eur_l
2023-04-25,2.446,1.0968,0.5891364333224208,GAZOLE,0.5970364728069636,0.5978136329841228,0.6004627363100113,0.6367210471354762,2026-09-01,1.0602,proxy_ma7_eur_l
2023-04-26,2.377,1.1052,0.5681659142737231,GAZOLE,0.5867653198149173,0.591650941188895,0.5936649739531432,0.6295128090478946,2026-09-01,1.0602,proxy_ma7_eur_l
2023-04-27,2.355,1.1017,0.5646956370186436,GAZOLE,0.5739993282049293,0.5847941939426514,0.58884710231614,0.6244040152990463,2026-09-01,1.0602,proxy_ma7_eur_l
2023-04-28,2.372,1.104,0.5675870545231231,GAZOLE,0.5668162019384967,0.5785157301973036,0.5843624853551773,0.6196485994593671,2026-09-01,1.0602,proxy_ma7_eur_l
2023-04-29,2.372,1.104,0.5675870545231231,GAZOLE,0.5666232486882967,0.5714344187322068,0.5798778683942147,0.6148931836196881,2026-09-01,1.0602,proxy_ma7_eur_l
2023-04-30,2.372,1.104,0.5675870545231231,GAZOLE,0.5675870545231231,0.5671245429723472,0.575393251433252,0.610137767780009,2026-09-01,1.0602,proxy_ma7_eur_l
2023-05-01,2.38,1.097,0.5731353551617075,GAZOLE,0.569436488069318,0.5681184311499441,0.5711277861922663,0.605614736906436,2026-09-01,1.0602,proxy_ma7_eur_l
2023-05-02,2.297,1.0997,0.5517897647237128,GAZOLE,0.5641707248028479,0.5655372566909579,0.5657925478210223,0.5999573357772141,2026-09-01,1.0602,proxy_ma7_eur_l
2023-05-03,2.219,1.1049,0.530543745300689,GAZOLE,0.5518229550620366,0.5581285948464711,0.560417952253446,0.5942582009087515,2026-09-01,1.0602,proxy_ma7_eur_l
2023-05-04,2.237,1.1009,0.5367906995414461,GAZOLE,0.5397080698552827,0.5519693238501358,0.5564315326138464,0.5900310655117318,2026-09-01,1.0602,proxy_ma7_eur_l
2023-05-05,2.325,1.1026,0.5570469995761791,GAZOLE,0.5414604814727716,0.5498613128607468,0.5549258104785687,0.5884344219288833,2026-09-01,1.0602,proxy_ma7_eur_l
2023-05-06,2.325,1.1026,0.5570469995761791,GAZOLE,0.5502948995646016,0.5466436417436412,0.5534200883432909,0.5868377783460347,2026-09-01,1.0602,proxy_ma7_eur_l
2023-05-07,2.325,1.1026,0.5570469995761791,GAZOLE,0.5570469995761791,0.5476950887141344,0.5519143662080133,0.5852411347631861,2026-09-01,1.0602,proxy_ma7_eur_l
2023-05-08,2.368,1.102,0.5676582758476364,GAZOLE,0.560584091666665,0.5551179948235239,0.551131926306003,0.5844114480505851,2026-09-01,1.0602,proxy_ma7_eur_l
2023-05-09,2.388,1.0953,0.5759544061273244,GAZOLE,0.5668865605170468,0.5629507361406996,0.5545840179350905,0.5880719906021303,2026-09-01,1.0602,proxy_ma7_eur_l
2023-05-10,2.399,1.0966,0.5779215334736441,GAZOLE,0.5738447384828684,0.5671256429201925,0.5613522733883698,0.5952489400427822,2026-09-01,1.0602,proxy_ma7_eur_l
2023-05-11,2.36,1.0916,0.5711304906240658,GAZOLE,0.5750021434083449,0.5699423411297699,0.566257957828744,0.6004508490787804,2026-09-01,1.0602,proxy_ma7_eur_l
2023-05-12,2.303,1.0856,0.5604165775431245,GAZOLE,0.5698228672136115,0.5706162567231591,0.5667393261097361,0.6009612842771652,2026-09-01,1.0602,proxy_ma7_eur_l
2023-05-13,2.303,1.0856,0.5604165775431245,GAZOLE,0.5639878819034384,0.5691679170622567,0.5672206943907284,0.6014717194755502,2026-09-01,1.0602,proxy_ma7_eur_l
2023-05-14,2.303,1.0856,0.5604165775431245,GAZOLE,0.5604165775431245,0.5660603513454167,0.5677020626717206,0.6019821546739352,2026-09-01,1.0602,proxy_ma7_eur_l
2023-05-15,2.381,1.0874,0.5784381613617358,GAZOLE,0.5664237721493284,0.566163676923035,0.5692420463165919,0.6036151286116014,2026-09-01,1.0602,proxy_ma7_eur_l
2023-05-16,2.358,1.0866,0.573272316823591,GAZOLE,0.5707090185761505,0.56659204216294,0.5688588907017729,0.6032088365479462,2026-09-01,1.0602,proxy_ma7_eur_l
2023-05-17,2.421,1.083,0.5905452804792957,GAZOLE,0.5807519195548744,0.5726177827501744,0.5706622831311516,0.6051211249325453,2026-09-01,1.0602,proxy_ma7_eur_l
2023-05-18,2.398,1.0776,0.587866166995954,GAZOLE,0.5838945880996137,0.5781077006407402,0.5730530940414215,0.6076563024452162,2026-09-01,1.0602,proxy_ma7_eur_l
2023-05-19,2.366,1.0819,0.5777161252235689,GAZOLE,0.585375857566273,0.581567610176829,0.5755244579957707,0.6102768971128154,2026-09-01,1.0602,proxy_ma7_eur_l
2023-05-20,2.366,1.0819,0.5777161252235689,GAZOLE,0.5810994724810307,0.5814232029491957,0.5779958219501198,0.6128974917804146,2026-09-01,1.0602,proxy_ma7_eur_l
2023-05-21,2.366,1.0819,0.5777161252235689,GAZOLE,0.5777161252235689,0.5823119646291912,0.580467185904469,0.6155180864480139,2026-09-01,1.0602,proxy_ma7_eur_l
2023-05-22,2.371,1.0806,0.5796334778282157,GAZOLE,0.5783552427584513,0.5801296040989753,0.5806379453996805,0.615699157075756,2026-09-01,1.0602,proxy_ma7_eur_l
2023-05-23,2.366,1.0771,0.5802906655643665,GAZOLE,0.5792134228720505,0.5786145038126578,0.5816405666483627,0.6167623205540832,2026-09-01,1.0602,proxy_ma7_eur_l
2023-05-24,2.405,1.0758,0.590568679978943,GAZOLE,0.5834976077905085,0.5811850147637326,0.5816439094340266,0.6167658651903438,2026-09-01,1.0602,proxy_ma7_eur_l
2023-05-25,2.344,1.0725,0.577360644034965,GAZOLE,0.5827399965260917,0.5811139185260118,0.5801431204395995,0.6151744526308679,2026-09-01,1.0602,proxy_ma7_eur_l
2023-05-26,2.376,1.0713,0.585898251099562,GAZOLE,0.5846091917044901,0.5827503437012104,0.5813119955647414,0.6164139090511357,2026-09-01,1.0602,proxy_ma7_eur_l
2023-05-27,2.376,1.0713,0.585898251099562,GAZOLE,0.5830523820780298,0.5840032983554797,0.5824808706898833,0.6176533654714034,2026-09-01,1.0602,proxy_ma7_eur_l
2023-05-28,2.376,1.0713,0.585898251099562,GAZOLE,0.585898251099562,0.5851248154625188,0.5836497458150252,0.618892821891671,2026-09-01,1.0602,proxy_ma7_eur_l
2023-05-29,2.376,1.0713,0.585898251099562,GAZOLE,0.585898251099562,0.5841907296866425,0.5845447134252175,0.6198418311797675,2026-09-01,1.0602,proxy_ma7_eur_l
2023-05-30,2.283,1.0722,0.5624928143384189,GAZOLE,0.5780964388458477,0.5812171637473333,0.5820021632500821,0.6171457517863064,2026-09-01,1.0602,proxy_ma7_eur_l
2023-05-31,2.259,1.0654,0.5601320314220548,GAZOLE,0.5695076989533454,0.5760639198118319,0.5776540705990981,0.6125351041334814,2026-09-01,1.0602,proxy_ma7_eur_l
2023-06-01,2.325,1.0752,0.5712425797365097,GAZOLE,0.5646224751656613,0.5731327855392215,0.5767800614136045,0.6116083188225172,2026-09-01,1.0602,proxy_ma7_eur_l
2023-06-02,2.376,1.0724,0.5852972737812017,GAZOLE,0.5722239616465888,0.5730125900755494,0.5766942075109815,0.6115172807222768,2026-09-01,1.0602,proxy_ma7_eur_l
2023-06-03,2.376,1.0724,0.5852972737812017,GAZOLE,0.5806123757663045,0.5728923946118774,0.5766083536083587,0.6114262426220367,2026-09-01,1.0602,proxy_ma7_eur_l
2023-06-04,2.376,1.0724,0.5852972737812017,GAZOLE,0.5852972737812017,0.5774532865004339,0.5765224997057358,0.6113352045217963,2026-09-01,1.0602,proxy_ma7_eur_l
2023-06-05,2.377,1.0721,0.5857074605496863,GAZOLE,0.58543400270403,0.5825683723259603,0.5764952439128964,0.6113063029165714,2026-09-01,1.0602,proxy_ma7_eur_l
2023-06-06,2.371,1.0695,0.5856493091549042,GAZOLE,0.5855513478285975,0.5854497182096391,0.5798033146009658,0.6148141279740421,2026-09-01,1.0602,proxy_ma7_eur_l
2023-06-07,2.414,1.0702,0.5958805217646891,GAZOLE,0.5890790971564267,0.5875663678063366,0.5849102417927706,0.6202294315933691,2026-09-01,1.0602,proxy_ma7_eur_l
2023-06-08,2.389,1.078,0.5854425167751545,GAZOLE,0.5889907825649161,0.5875954164051271,0.5869388042268627,0.6223804866366048,2026-09-01,1.0602,proxy_ma7_eur_l
2023-06-09,2.372,1.0749,0.5829529334761634,GAZOLE,0.5880919906720025,0.5871265483441196,0.5866038984690001,0.622025357946774,2026-09-01,1.0602,proxy_ma7_eur_l
2023-06-10,2.372,1.0749,0.5829529334761634,GAZOLE,0.5837827945758273,0.5865756429294149,0.5862689927111375,0.6216702292569434,2026-09-01,1.0602,proxy_ma7_eur_l
2023-06-11,2.372,1.0749,0.5829529334761634,GAZOLE,0.5829529334761634,0.5860363677936669,0.5859340869532749,0.6213151005671126,2026-09-01,1.0602,proxy_ma7_eur_l
2023-06-12,2.326,1.0747,0.5717541581697714,GAZOLE,0.5792200083740329,0.5812110950746832,0.5839407580418585,0.6192014065857642,2026-09-01,1.0602,proxy_ma7_eur_l
2023-06-13,2.408,1.0792,0.5894424593017249,GAZOLE,0.58138318364922,0.5820110835799973,0.5844826366342615,0.6197760059470757,2026-09-01,1.0602,proxy_ma7_eur_l
2023-06-14,2.375,1.0859,0.5777775341657634,GAZOLE,0.5796580505457534,0.5809760037179172,0.5818964955487006,0.6170337034519077,2026-09-01,1.0602,proxy_ma7_eur_l
2023-06-15,2.492,1.0933,0.6021373405986516,GAZOLE,0.5897857780220468,0.584812885142415,0.5842814703806287,0.6195626924807839,2026-09-01,1.0602,proxy_ma7_eur_l
2023-06-16,2.563,1.0925,0.619746425806805,GAZOLE,0.5998871001904068,0.5921715836085432,0.5895376835707203,0.6251362965764002,2026-09-01,1.0602,proxy_ma7_eur_l
2023-06-17,2.563,1.0925,0.619746425806805,GAZOLE,0.6138767307374207,0.6017700371359499,0.5947938967608122,0.6307099006720167,2026-09-01,1.0602,proxy_ma7_eur_l
2023-06-18,2.563,1.0925,0.619746425806805,GAZOLE,0.619746425806805,0.607830830436966,0.6000501099509037,0.6362835047676327,2026-09-01,1.0602,proxy_ma7_eur_l
2023-06-19,2.563,1.0925,0.619746425806805,GAZOLE,0.619746425806805,0.6162246087651744,0.6069061481847656,0.6435535376597517,2026-09-01,1.0602,proxy_ma7_eur_l
2023-06-20,2.492,1.09,0.6039603252078035,GAZOLE,0.6144843922738046,0.6165892056870047,0.6089801290284912,0.6457527536555201,2026-09-01,1.0602,proxy_ma7_eur_l
2023-06-21,2.587,1.0951,0.6240645598123734,GAZOLE,0.6159237702756607,0.6174528324881183,0.6155925612637212,0.65276447065698,2026-09-01,1.0602,proxy_ma7_eur_l
2023-06-22,2.491,1.0953,0.600796660662967,GAZOLE,0.6096071818943815,0.6136628794593507,0.6154010355586234,0.6525613798736073,2026-09-01,1.0602,proxy_ma7_eur_l
2023-06-23,2.439,1.0887,0.591821103794915,GAZOLE,0.6055607747567519,0.6080778150569728,0.6114117038426391,0.6483311565575333,2026-09-01,1.0602,proxy_ma7_eur_l
2023-06-24,2.439,1.0887,0.591821103794915,GAZOLE,0.5948129560842658,0.6024927506545947,0.6074223721266548,0.6441009332414591,2026-09-01,1.0602,proxy_ma7_eur_l
2023-06-25,2.439,1.0887,0.591821103794915,GAZOLE,0.591821103794915,0.6000649063720171,0.6034330404106705,0.639870709925385,2026-09-01,1.0602,proxy_ma7_eur_l
2023-06-26,2.479,1.091,0.6002589530667736,GAZOLE,0.594633720218868,0.5953037850228972,0.6006491157335232,0.6369186808844615,2026-09-01,1.0602,proxy_ma7_eur_l
2023-06-27,2.435,1.0961,0.5868615523146532,GAZOLE,0.592980536392114,0.5925167633532344,0.5982064338916446,0.6343285002685294,2026-09-01,1.0602,proxy_ma7_eur_l
2023-06-28,2.428,1.0904,0.5882334401371829,GAZOLE,0.5917846485062034,0.5917992306216879,0.5930877025094745,0.6289006796752163,2026-09-01,1.0602,proxy_ma7_eur_l
2023-06-29,2.445,1.0881,0.5936041430159662,GAZOLE,0.5895663784892676,0.5921558384658983,0.5920601999884745,0.62781113249511,2026-09-01,1.0602,proxy_ma7_eur_l
2023-06-30,2.478,1.092,0.5994673495819521,GAZOLE,0.5937683109117006,0.5936850876233055,0.5931525208151941,0.6289694119661573,2026-09-01,1.0602,proxy_ma7_eur_l
2023-07-01,2.478,1.092,0.5994673495819521,GAZOLE,0.5975129473932903,0.5935267669263414,0.5942448416419136,0.6301276914372047,2026-09-01,1.0602,proxy_ma7_eur_l
2023-07-02,2.478,1.092,0.5994673495819521,GAZOLE,0.5994673495819521,0.5960479263798011,0.5953371624686331,0.6312859709082519,2026-09-01,1.0602,proxy_ma7_eur_l
2023-07-03,2.417,1.0919,0.5847640356714393,GAZOLE,0.5945662449451147,0.5953540454866524,0.5931236028407284,0.6289387478102165,2026-09-01,1.0602,proxy_ma7_eur_l
2023-07-04,2.417,1.0919,0.5847640356714393,GAZOLE,0.5896651403082771,0.593586024017747,0.5928239576059834,0.6286210088131085,2026-09-01,1.0602,proxy_ma7_eur_l
2023-07-05,2.511,1.0868,0.6103570330063588,GAZOLE,0.5932950347830793,0.5957639607026284,0.5959844708730085,0.6319723663498513,2026-09-01,1.0602,proxy_ma7_eur_l
2023-07-06,2.497,1.0873,0.6066748962920047,GAZOLE,0.6005986549899344,0.5972054700446388,0.597851721341014,0.6339523687735802,2026-09-01,1.0602,proxy_ma7_eur_l
2023-07-07,2.565,1.0964,0.6180238182220454,GAZOLE,0.6116852491734698,0.6009167637726576,0.6005026454324559,0.6367633661283071,2026-09-01,1.0602,proxy_ma7_eur_l
2023-07-08,2.565,1.0964,0.6180238182220454,GAZOLE,0.6142408442453654,0.6075687202827788,0.6031535695238979,0.639574363483034,2026-09-01,1.0602,proxy_ma7_eur_l
2023-07-09,2.565,1.0964,0.6180238182220454,GAZOLE,0.6180238182220454,0.6142206767929,0.6058044936153397,0.642385360837761,2026-09-01,1.0602,proxy_ma7_eur_l
2023-07-10,2.563,1.0991,0.6160249023691515,GAZOLE,0.6173575129377477,0.6153542506654585,0.6102703317150129,0.6471208638743613,2026-09-01,1.0602,proxy_ma7_eur_l
2023-07-11,2.589,1.0992,0.6222174704833027,GAZOLE,0.6187553970248333,0.618462765503718,0.6156208224024221,0.652794438314819,2026-09-01,1.0602,proxy_ma7_eur_l
2023-07-12,2.618,1.1123,0.621776888495579,GAZOLE,0.6200064204493446,0.6192133795584247,0.6172522303294535,0.6545243570937727,2026-09-01,1.0602,proxy_ma7_eur_l
2023-07-13,2.621,1.1194,0.6185411374224647,GAZOLE,0.6208451654671157,0.6193168433985087,0.618947407633805,0.6563218958968294,2026-09-01,1.0602,proxy_ma7_eur_l
2023-07-14,2.595,1.1237,0.6100618277737788,GAZOLE,0.6167932845639411,0.6177244453088554,0.6178099804269096,0.6551157863442779,2026-09-01,1.0602,proxy_ma7_eur_l
2023-07-15,2.595,1.1237,0.6100618277737788,GAZOLE,0.612888264323341,0.6165318303897809,0.6166725532200144,0.6539096767917264,2026-09-01,1.0602,proxy_ma7_eur_l
2023-07-16,2.595,1.1237,0.6100618277737788,GAZOLE,0.6100618277737788,0.6141007018478761,0.6155351260131192,0.652703567239175,2026-09-01,1.0602,proxy_ma7_eur_l
2023-07-17,2.563,1.1236,0.6025925331024693,GAZOLE,0.6075720628833424,0.6102638307692542,0.6136162161178789,0.650668785988028,2026-09-01,1.0602,proxy_ma7_eur_l
2023-07-18,2.597,1.1223,0.6112936113108004,GAZOLE,0.6079826573956829,0.6088143255469213,0.6120556648075215,0.6490140024280264,2026-09-01,1.0602,proxy_ma7_eur_l
2023-07-19,2.638,1.1195,0.6224974311038818,GAZOLE,0.6121278585057174,0.6113014462129418,0.6121585994658504,0.649123152687442,2026-09-01,1.0602,proxy_ma7_eur_l
2023-07-20,2.669,1.1135,0.6332062934386153,GAZOLE,0.6223324452844327,0.615930339345909,0.6142536217538719,0.651344680692991,2026-09-01,1.0602,proxy_ma7_eur_l
2023-07-21,2.741,1.112,0.6511651038792129,GAZOLE,0.6356229428072369,0.6241509945669959,0.6201255183403624,0.6575711455793835,2026-09-01,1.0602,proxy_ma7_eur_l
2023-07-22,2.741,1.112,0.6511651038792129,GAZOLE,0.6451788337323472,0.6338655087223446,0.625997414926853,0.6637976104657761,2026-09-01,1.0602,proxy_ma7_eur_l
2023-07-23,2.741,1.112,0.6511651038792129,GAZOLE,0.6511651038792129,0.6418398072360272,0.6318693115133437,0.6700240753521688,2026-09-01,1.0602,proxy_ma7_eur_l
2023-07-24,2.775,1.1083,0.661443151938881,GAZOLE,0.6545911198991025,0.649628951403027,0.6402765427756882,0.6789389684324056,2026-09-01,1.0602,proxy_ma7_eur_l
2023-07-25,2.778,1.105,0.6641357117203044,GAZOLE,0.6589146558461328,0.6558148350593649,0.6478254142627602,0.6869436705850769,2026-09-01,1.0602,proxy_ma7_eur_l
2023-07-26,2.841,1.1078,0.6774804123032133,GAZOLE,0.6676864253207997,0.661077896744165,0.6556801258626647,0.6952726806841418,2026-09-01,1.0602,proxy_ma7_eur_l
2023-07-27,2.9,1.0998,0.6965802435339429,GAZOLE,0.6793987891858203,0.6701609246751109,0.6647335473048545,0.7048727834586357,2026-09-01,1.0602,proxy_ma7_eur_l
2023-07-28,2.95,1.1039,0.705958469477795,GAZOLE,0.6933397084383173,0.6811195977948273,0.6725611709617946,0.7131730699377888,2026-09-01,1.0602,proxy_ma7_eur_l
2023-07-29,2.95,1.1039,0.705958469477795,GAZOLE,0.7028323941631777,0.6900226613026101,0.6803887946187349,0.7214733564169423,2026-09-01,1.0602,proxy_ma7_eur_l
2023-07-30,2.95,1.1039,0.705958469477795,GAZOLE,0.705958469477795,0.6983872128541082,0.6882164182756753,0.7297736428960957,2026-09-01,1.0602,proxy_ma7_eur_l
2023-07-31,2.995,1.102,0.7179630642583071,GAZOLE,0.7099600010712992,0.706483743245127,0.6962906914641647,0.7383354725793596,2026-09-01,1.0602,proxy_ma7_eur_l
2023-08-01,3.041,1.0971,0.732246113591404,GAZOLE,0.7187225491091689,0.7136169172566192,0.7060207488743216,0.7486530692731284,2026-09-01,1.0602,proxy_ma7_eur_l
2023-08-02,3.026,1.0939,0.7307657285270656,GAZOLE,0.7269916354589258,0.7185783690664733,0.7136329369063006,0.7567249112736807,2026-09-01,1.0602,proxy_ma7_eur_l
2023-08-03,3.096,1.0947,0.7471240285930643,GAZOLE,0.7367119569038447,0.7268114808895272,0.7208534776290322,0.7643814567541123,2026-09-01,1.0602,proxy_ma7_eur_l
2023-08-04,3.062,1.1036,0.732960152519618,GAZOLE,0.736949969879916,0.7322118174978918,0.7247108609207213,0.7684717640790604,2026-09-01,1.0602,proxy_ma7_eur_l
2023-08-05,3.062,1.1036,0.732960152519618,GAZOLE,0.7376814445441001,0.7352112351501539,0.7285682442124103,0.7725620714040082,2026-09-01,1.0602,proxy_ma7_eur_l
2023-08-06,3.062,1.1036,0.732960152519618,GAZOLE,0.732960152519618,0.7353540429357968,0.7324256275040992,0.7766523787289561,2026-09-01,1.0602,proxy_ma7_eur_l
2023-08-07,3.039,1.1,0.7298353337421937,GAZOLE,0.7319185462604767,0.7351679639788223,0.7341216660017974,0.7784508307276142,2026-09-01,1.0602,proxy_ma7_eur_l
2023-08-08,3.077,1.0951,0.7422677427687177,GAZOLE,0.7350210763435099,0.734196706813953,0.7355533273128422,0.7799689414012483,2026-09-01,1.0602,proxy_ma7_eur_l
2023-08-09,3.213,1.0975,0.7733802316416682,GAZOLE,0.74849443605086,0.7422807226383632,0.7416411134720712,0.7864243321251781,2026-09-01,1.0602,proxy_ma7_eur_l
2023-08-10,3.152,1.1016,0.7558735557669607,GAZOLE,0.7571738433924491,0.7468634032878316,0.7428910459254849,0.7877497404352374,2026-09-01,1.0602,proxy_ma7_eur_l
2023-08-11,3.114,1.0957,0.7507819394389653,GAZOLE,0.7600119089491982,0.7504277606717011,0.7454370154853917,0.7904494456894231,2026-09-01,1.0602,proxy_ma7_eur_l
2023-08-12,3.114,1.0957,0.7507819394389653,GAZOLE,0.7524791448816307,0.7546170818110556,0.7479829850452984,0.7931491509436087,2026-09-01,1.0602,proxy_ma7_eur_l
2023-08-13,3.114,1.0957,0.7507819394389653,GAZOLE,0.7507819394389653,0.756319921145105,0.7505289546052053,0.7958488561977947,2026-09-01,1.0602,proxy_ma7_eur_l
2023-08-14,3.08,1.0922,0.7449642201639783,GAZOLE,0.7488426996806364,0.750636718849567,0.7526902240940315,0.7981406316716967,2026-09-01,1.0602,proxy_ma7_eur_l
2023-08-15,3.03,1.0928,0.7324682637675601,GAZOLE,0.7427381411235014,0.7459556604496869,0.7512902985224377,0.7966561730667638,2026-09-01,1.0602,proxy_ma7_eur_l
2023-08-16,3.017,1.0904,0.7309309262330648,GAZOLE,0.7361211367215347,0.7419854578085068,0.7452261120354943,0.7902258070565108,2026-09-01,1.0602,proxy_ma7_eur_l
2023-08-17,3.084,1.0874,0.7492243971606858,GAZOLE,0.737541195720437,0.7416739493528509,0.7442762322345978,0.7892185697628257,2026-09-01,1.0602,proxy_ma7_eur_l
2023-08-18,3.148,1.0875,0.7647021800675414,GAZOLE,0.7482858344870974,0.7444579974785661,0.7462648380386802,0.791327255436971,2026-09-01,1.0602,proxy_ma7_eur_l
2023-08-19,3.148,1.0875,0.7647021800675414,GAZOLE,0.7595429190985897,0.7484055894592787,0.7482534438427625,0.7934359411111161,2026-09-01,1.0602,proxy_ma7_eur_l
2023-08-20,3.148,1.0875,0.7647021800675414,GAZOLE,0.7647021800675414,0.754852372719275,0.7502420496468447,0.7955446267852614,2026-09-01,1.0602,proxy_ma7_eur_l
2023-08-21,3.139,1.0888,0.7616055036298933,GAZOLE,0.7636699545883255,0.7609872881986407,0.7526193758562612,0.7980655053375997,2026-09-01,1.0602,proxy_ma7_eur_l
2023-08-22,3.14,1.0846,0.7647983075830592,GAZOLE,0.7637019970934981,0.7641020702831154,0.7572379535441895,0.8029629709818558,2026-09-01,1.0602,proxy_ma7_eur_l
2023-08-23,3.125,1.0862,0.7600236269740507,GAZOLE,0.7621424793956679,0.7631663596644171,0.7613940536500448,0.8073700328216329,2026-09-01,1.0602,proxy_ma7_eur_l
2023-08-24,3.15,1.0826,0.7686513623943908,GAZOLE,0.7644910989838337,0.7639561961297872,0.7641693343977168,0.8103128959784907,2026-09-01,1.0602,proxy_ma7_eur_l
2023-08-25,3.314,1.0787,0.8115937531425826,GAZOLE,0.7800895808370082,0.7733345107447953,0.7708681305512942,0.8174161918926783,2026-09-01,1.0602,proxy_ma7_eur_l
2023-08-26,3.314,1.0787,0.8115937531425826,GAZOLE,0.7972796228931855,0.7833321606473331,0.7775669267048715,0.8245194878068659,2026-09-01,1.0602,proxy_ma7_eur_l
2023-08-27,3.314,1.0787,0.8115937531425826,GAZOLE,0.8115937531425826,0.7926912497592379,0.784265722858449,0.8316227837210538,2026-09-01,1.0602,proxy_ma7_eur_l
2023-08-28,3.181,1.081,0.7773647535164386,GAZOLE,0.8001840866005349,0.7961594750677154,0.7865170442708125,0.8340100488091884,2026-09-01,1.0602,proxy_ma7_eur_l
2023-08-29,3.212,1.0851,0.7819745942073292,GAZOLE,0.790311033622117,0.7988241214303031,0.7889707995028511,0.8366119714702993,2026-09-01,1.0602,proxy_ma7_eur_l
2023-08-30,3.093,1.0926,0.7478346677134844,GAZOLE,0.7690580051457508,0.7860723043444835,0.7872295196084844,0.8347655462208153,2026-09-01,1.0602,proxy_ma7_eur_l
2023-08-31,3.15,1.0839,0.7677294629838246,GAZOLE,0.7658462416348796,0.7772994463127318,0.7870978196926893,0.8346258937441137,2026-09-01,1.0602,proxy_ma7_eur_l
2023-09-01,3.11,1.0787,0.7616344515007338,GAZOLE,0.7590661940660145,0.7673075859843621,0.7799607766009966,0.8270578878113568,2026-09-01,1.0602,proxy_ma7_eur_l
2023-09-02,3.11,1.0787,0.7616344515007338,GAZOLE,0.7636661219950976,0.7641615255812211,0.7728237335093039,0.8194898818786,2026-09-01,1.0602,proxy_ma7_eur_l
2023-09-03,3.11,1.0787,0.7616344515007338,GAZOLE,0.7616344515007338,0.760093497039902,0.7656866904176111,0.8119218759458429,2026-09-01,1.0602,proxy_ma7_eur_l
2023-09-04,3.11,1.0787,0.7616344515007338,GAZOLE,0.7616344515007338,0.762853453797352,0.7634395044153676,0.8095389959802193,2026-09-01,1.0602,proxy_ma7_eur_l
2023-09-05,3.252,1.0727,0.800864653928124,GAZOLE,0.7747111856431973,0.7694804919862118,0.7661380843754813,0.8124005268531281,2026-09-01,1.0602,proxy_ma7_eur_l
2023-09-06,3.224,1.0714,0.7949325152162316,GAZOLE,0.78581054021503,0.7761401047293115,0.7728663483044451,0.8195350699233278,2026-09-01,1.0602,proxy_ma7_eur_l
2023-09-07,3.256,1.0704,0.803572685424263,GAZOLE,0.799789951522873,0.7845277515140172,0.777986808653079,0.8249647238849261,2026-09-01,1.0602,proxy_ma7_eur_l
2023-09-08,3.322,1.0709,0.81947853014639,GAZOLE,0.8059945769289617,0.7960965672431485,0.7862502484596013,0.8337271428135064,2026-09-01,1.0602,proxy_ma7_eur_l
2023-09-09,3.322,1.0709,0.81947853014639,GAZOLE,0.8141765819056812,0.8076653829722797,0.7945136882661237,0.8424895617420864,2026-09-01,1.0602,proxy_ma7_eur_l
2023-09-10,3.322,1.0709,0.81947853014639,GAZOLE,0.81947853014639,0.811388158215933,0.802777128072646,0.8512519806706667,2026-09-01,1.0602,proxy_ma7_eur_l
2023-09-11,3.39,1.0744,0.8335287206758406,GAZOLE,0.8241619269895404,0.8191073993078547,0.8130477379548041,0.8621427705289592,2026-09-01,1.0602,proxy_ma7_eur_l
2023-09-12,3.353,1.0726,0.8258147413358864,GAZOLE,0.8262739973860391,0.8235558104901795,0.816612036155913,0.8659222951283699,2026-09-01,1.0602,proxy_ma7_eur_l
2023-09-13,3.453,1.0737,0.8495725964353975,GAZOLE,0.8363053528157084,0.829574623747981,0.8244177620443652,0.874199361565315,2026-09-01,1.0602,proxy_ma7_eur_l
2023-09-14,3.497,1.066,0.8666131961505112,GAZOLE,0.8473335113072652,0.8390015569488052,0.8334235492909724,0.8837489538034228,2026-09-01,1.0602,proxy_ma7_eur_l
2023-09-15,3.399,1.0673,0.8413012329854274,GAZOLE,0.8524956751904456,0.8433660975166127,0.8365410782679775,0.8870547314889994,2026-09-01,1.0602,proxy_ma7_eur_l
2023-09-16,3.399,1.0673,0.8413012329854274,GAZOLE,0.8497385540404555,0.8449205999785299,0.8396586072449829,0.8903605091745761,2026-09-01,1.0602,proxy_ma7_eur_l
2023-09-17,3.399,1.0673,0.8413012329854274,GAZOLE,0.8413012329854274,0.8480178983084382,0.8427761362219882,0.8936662868601529,2026-09-01,1.0602,proxy_ma7_eur_l
2023-09-18,3.303,1.0695,0.8158581476755159,GAZOLE,0.8328202045487904,0.8412750085564618,0.8402517686505133,0.8909894880077517,2026-09-01,1.0602,proxy_ma7_eur_l
2023-09-19,3.417,1.0684,0.8448857196815734,GAZOLE,0.8340150334475057,0.8369295132626743,0.8429761941284687,0.8938784250529154,2026-09-01,1.0602,proxy_ma7_eur_l
2023-09-20,3.325,1.0715,0.8197592851991075,GAZOLE,0.826834384185399,0.8326211237054103,0.8387171496661415,0.8893622026699673,2026-09-01,1.0602,proxy_ma7_eur_l
2023-09-21,3.374,1.0664,0.8358181776597832,GAZOLE,0.8334877275134881,0.8315245126402815,0.834317861310323,0.884697267913514,2026-09-01,1.0602,proxy_ma7_eur_l
2023-09-22,3.338,1.066,0.8272104228625697,GAZOLE,0.8275959619071536,0.82870635061571,0.8323048884356291,0.882562743788825,2026-09-01,1.0602,proxy_ma7_eur_l
2023-09-23,3.338,1.066,0.8272104228625697,GAZOLE,0.8300796744616411,0.8309768056531206,0.8302919155609353,0.8804282196641362,2026-09-01,1.0602,proxy_ma7_eur_l
2023-09-24,3.338,1.066,0.8272104228625697,GAZOLE,0.8272104228625697,0.8274417462893199,0.8282789426862412,0.8782936955394474,2026-09-01,1.0602,proxy_ma7_eur_l
2023-09-25,3.248,1.0591,0.8101509074301446,GAZOLE,0.821523917718428,0.8255200707355274,0.8274636226511882,0.8774291432615496,2026-09-01,1.0602,proxy_ma7_eur_l
2023-09-26,3.237,1.0573,0.8087817397931775,GAZOLE,0.8153810233619642,0.8201127831622064,0.8223059112385602,0.8719599888696348,2026-09-01,1.0602,proxy_ma7_eur_l
2023-09-27,3.308,1.051,0.8314758793537155,GAZOLE,0.816802842192346,0.8209658744604355,0.8239797104035043,0.8737348586368194,2026-09-01,1.0602,proxy_ma7_eur_l
2023-09-28,3.333,1.0578,0.8323742205612674,GAZOLE,0.8242106132360535,0.821998634000175,0.8234877165322877,0.8732131562331195,2026-09-01,1.0602,proxy_ma7_eur_l
2023-09-29,3.352,1.0584,0.8366446707336673,GAZOLE,0.8334982568828835,0.8238854835743945,0.8248354662281588,0.8746422883769476,2026-09-01,1.0602,proxy_ma7_eur_l
2023-09-30,3.352,1.0584,0.8366446707336673,GAZOLE,0.8352211873428675,0.8291842362350991,0.82618321592403,0.8760714205207756,2026-09-01,1.0602,proxy_ma7_eur_l
2023-10-01,3.352,1.0584,0.8366446707336673,GAZOLE,0.8366446707336673,0.834756822423197,0.827530965619901,0.8775005526646036,2026-09-01,1.0602,proxy_ma7_eur_l
2023-10-02,3.284,1.05,0.8262295428039613,GAZOLE,0.8331729614237654,0.8337075551132461,0.8298279135304464,0.8799361993590272,2026-09-01,1.0602,proxy_ma7_eur_l
2023-10-03,3.263,1.0453,0.8246373355444737,GAZOLE,0.8291705163607009,0.8321601781098874,0.8320929986377743,0.8823380592483713,2026-09-01,1.0602,proxy_ma7_eur_l
2023-10-04,3.084,1.0518,0.7745831997266872,GAZOLE,0.8084833593583741,0.8197478839084914,0.8239654729767703,0.8737197614980456,2026-09-01,1.0602,proxy_ma7_eur_l
2023-10-05,2.933,1.0527,0.7360279562709692,GAZOLE,0.7784161638473769,0.7996245410159517,0.8102017209352991,0.8591248997648873,2026-09-01,1.0602,proxy_ma7_eur_l
2023-10-06,2.961,1.0596,0.738215786176366,GAZOLE,0.7496089807246743,0.7799387641044915,0.7961404517128274,0.8442145555886524,2026-09-01,1.0602,proxy_ma7_eur_l
2023-10-07,2.961,1.0596,0.738215786176366,GAZOLE,0.7374865095412337,0.7623360127789723,0.7820791824903558,0.8293042114124176,2026-09-01,1.0602,proxy_ma7_eur_l
2023-10-08,2.961,1.0596,0.738215786176366,GAZOLE,0.738215786176366,0.7450517029053508,0.7680179132678842,0.8143938672361829,2026-09-01,1.0602,proxy_ma7_eur_l
2023-10-09,2.961,1.0596,0.738215786176366,GAZOLE,0.738215786176366,0.7377782201952866,0.755444519463942,0.801061242270827,2026-09-01,1.0602,proxy_ma7_eur_l
2023-10-10,3.072,1.0618,0.764302641593739,GAZOLE,0.7469114046488238,0.7434331572598405,0.7468252774709799,0.7919215364149761,2026-09-01,1.0602,proxy_ma7_eur_l
2023-10-11,3.048,1.062,0.7581887152425955,GAZOLE,0.7535690476709003,0.7474277430730865,0.7444832082589669,0.7894380438167496,2026-09-01,1.0602,proxy_ma7_eur_l
2023-10-12,3.1,1.0553,0.7760194848007772,GAZOLE,0.7661702805457041,0.7549884827979687,0.7501962837632251,0.7954960973768914,2026-09-01,1.0602,proxy_ma7_eur_l
2023-10-13,3.258,1.0502,0.8195320382620905,GAZOLE,0.7845800794351545,0.7712517332151136,0.7618128912040428,0.8078141614408377,2026-09-01,1.0602,proxy_ma7_eur_l
2023-10-14,3.258,1.0502,0.8195320382620905,GAZOLE,0.8050278537749863,0.7875149836322585,0.7734294986448607,0.8201322255047842,2026-09-01,1.0602,proxy_ma7_eur_l
2023-10-15,3.258,1.0502,0.8195320382620905,GAZOLE,0.8195320382620905,0.7985608629659289,0.7850461060856784,0.8324502895687305,2026-09-01,1.0602,proxy_ma7_eur_l
2023-10-16,3.212,1.0546,0.8045900172334277,GAZOLE,0.8145513645858697,0.8078411233640953,0.7945281390938302,0.8425048851678262,2026-09-01,1.0602,proxy_ma7_eur_l
2023-10-17,3.221,1.0593,0.8032645904329239,GAZOLE,0.8091288819761475,0.8132901444905247,0.8000941317851422,0.8484069744740489,2026-09-01,1.0602,proxy_ma7_eur_l
2023-10-18,3.197,1.0532,0.8018971243723895,GAZOLE,0.8032505773462472,0.8097631617125843,0.8063381902322557,0.8550280738236157,2026-09-01,1.0602,proxy_ma7_eur_l
2023-10-19,3.245,1.057,0.8110107000020735,GAZOLE,0.8053908049357957,0.8080588940605811,0.8113369352610122,0.8603286628137538,2026-09-01,1.0602,proxy_ma7_eur_l
2023-10-20,3.219,1.0592,0.8028416130484137,GAZOLE,0.8052498124742925,0.8047208090178456,0.8089525888019156,0.8578003401013415,2026-09-01,1.0602,proxy_ma7_eur_l
2023-10-21,3.219,1.0592,0.8028416130484137,GAZOLE,0.8055646420329671,0.8043711281808429,0.806568242342819,0.8552720173889293,2026-09-01,1.0602,proxy_ma7_eur_l
2023-10-22,3.219,1.0592,0.8028416130484137,GAZOLE,0.8028416130484137,0.8042865327039408,0.8041838958837223,0.8527436946765171,2026-09-01,1.0602,proxy_ma7_eur_l
2023-10-23,3.162,1.0646,0.7846252391099617,GAZOLE,0.7967694884022632,0.8008321556514553,0.8013317847232271,0.8497193617831605,2026-09-01,1.0602,proxy_ma7_eur_l
2023-10-24,3.067,1.0595,0.7647151341032952,GAZOLE,0.7840606620872238,0.7915730424716996,0.7958247195332803,0.8438797582534988,2026-09-01,1.0602,proxy_ma7_eur_l
2023-10-25,3.025,1.0583,0.755098231487668,GAZOLE,0.768146201566975,0.7820243661595505,0.7891391634068913,0.8367905018516167,2026-09-01,1.0602,proxy_ma7_eur_l
2023-10-26,3.05,1.0532,0.7650254079874218,GAZOLE,0.7616129245261285,0.7744611251473521,0.7825698359762268,0.8298244924930127,2026-09-01,1.0602,proxy_ma7_eur_l
2023-10-27,3.009,1.0592,0.7504661117311826,GAZOLE,0.756863250402091,0.7639860248839059,0.7750876215023367,0.8218904723671612,2026-09-01,1.0602,proxy_ma7_eur_l
2023-10-28,3.009,1.0592,0.7504661117311826,GAZOLE,0.7553192104832624,0.7571541994081501,0.7676054070284464,0.8139564522413094,2026-09-01,1.0602,proxy_ma7_eur_l
2023-10-29,3.009,1.0592,0.7504661117311826,GAZOLE,0.7504661117311826,0.7543043949337276,0.7601231925545564,0.8060224321154581,2026-09-01,1.0602,proxy_ma7_eur_l
2023-10-30,2.989,1.062,0.7435124901115873,GAZOLE,0.7481482378579843,0.7519872466585114,0.7542499426976458,0.7997945322428343,2026-09-01,1.0602,proxy_ma7_eur_l
2023-10-31,2.994,1.0568,0.7484208220668968,GAZOLE,0.7474664746365557,0.7486663294744064,0.7519221838353031,0.7973262141096928,2026-09-01,1.0602,proxy_ma7_eur_l
2023-11-01,2.968,1.0538,0.7440336414869847,GAZOLE,0.7453223178884897,0.7473798354255667,0.7503415281209198,0.795650112162372,2026-09-01,1.0602,proxy_ma7_eur_l
2023-11-02,3.102,1.0618,0.7717665345780527,GAZOLE,0.7547403327106448,0.7516399199949408,0.7513045462052955,0.7966712810809666,2026-09-01,1.0602,proxy_ma7_eur_l
2023-11-03,2.995,1.0733,0.737161368501495,GAZOLE,0.7509871815221776,0.7489789713490034,0.7494038686010545,0.794655833058536,2026-09-01,1.0602,proxy_ma7_eur_l
2023-11-04,2.995,1.0733,0.737161368501495,GAZOLE,0.7486964238603476,0.7477087470269849,0.7475031909968134,0.7926403850361053,2026-09-01,1.0602,proxy_ma7_eur_l
2023-11-05,2.995,1.0733,0.737161368501495,GAZOLE,0.737161368501495,0.7454568563139046,0.7456025133925724,0.7906249370136749,2026-09-01,1.0602,proxy_ma7_eur_l
2023-11-06,2.999,1.0747,0.7371843165740086,GAZOLE,0.7371690178589998,0.7440869913313093,0.7446984886014897,0.7896663236363454,2026-09-01,1.0602,proxy_ma7_eur_l
2023-11-07,2.883,1.0687,0.712649038035503,GAZOLE,0.7289982410370023,0.7322634920227993,0.7395882337398619,0.7842474914093529,2026-09-01,1.0602,proxy_ma7_eur_l
2023-11-08,2.814,1.0715,0.6937752266316656,GAZOLE,0.7145361937470592,0.7235862636488334,0.7324084601891022,0.7766341747836978,2026-09-01,1.0602,proxy_ma7_eur_l
2023-11-09,2.78,1.071,0.6857127036000491,GAZOLE,0.697378989422406,0.7132965306685441,0.7201150557636732,0.7635984460610118,2026-09-01,1.0602,proxy_ma7_eur_l
2023-11-10,2.814,1.071,0.6940991179606253,GAZOLE,0.6911956827307802,0.7046840805603702,0.7139633056864059,0.7570752290251238,2026-09-01,1.0602,proxy_ma7_eur_l
2023-11-11,2.814,1.071,0.6940991179606253,GAZOLE,0.6913036465071002,0.6960670408376937,0.7078115556091389,0.7505520119892362,2026-09-01,1.0602,proxy_ma7_eur_l
2023-11-12,2.814,1.071,0.6940991179606253,GAZOLE,0.6940991179606253,0.6923570568227181,0.7016598055318717,0.7440287949533483,2026-09-01,1.0602,proxy_ma7_eur_l
2023-11-13,2.916,1.07,0.7199305651180942,GAZOLE,0.7027096003464485,0.6975881245200038,0.6991949838953124,0.741415137654518,2026-09-01,1.0602,proxy_ma7_eur_l
2023-11-14,2.904,1.0861,0.7063397845944783,GAZOLE,0.7067898225577327,0.7017135407188897,0.6982936619751661,0.7404593903581439,2026-09-01,1.0602,proxy_ma7_eur_l
2023-11-15,2.92,1.0853,0.7107549920628338,GAZOLE,0.7123417805918022,0.7050447155393313,0.7007193427510473,0.7430315433165885,2026-09-01,1.0602,proxy_ma7_eur_l
2023-11-16,2.819,1.0851,0.6862971298475905,GAZOLE,0.7011306355016343,0.7034843179167243,0.7008028322149817,0.7431200742039967,2026-09-01,1.0602,proxy_ma7_eur_l
2023-11-17,2.829,1.0879,0.6869590367875742,GAZOLE,0.6946703862326663,0.7020563016821143,0.6997828206188317,0.7420384702803592,2026-09-01,1.0602,proxy_ma7_eur_l
2023-11-18,2.829,1.0879,0.6869590367875742,GAZOLE,0.6867384011409131,0.6954619960160102,0.6987628090226814,0.7409568663567215,2026-09-01,1.0602,proxy_ma7_eur_l
2023-11-19,2.829,1.0879,0.6869590367875742,GAZOLE,0.6869590367875742,0.6915858464546293,0.6977427974265314,0.7398752624330841,2026-09-01,1.0602,proxy_ma7_eur_l
2023-11-20,2.912,1.0945,0.7028497181059189,GAZOLE,0.6922559305603558,0.6900047916632464,0.6953026764247919,0.7372877972909297,2026-09-01,1.0602,proxy_ma7_eur_l
2023-11-21,2.947,1.0923,0.7127300542886235,GAZOLE,0.7008462697273723,0.695291376551453,0.6962155720953842,0.7382558172064985,2026-09-01,1.0602,proxy_ma7_eur_l
2023-11-22,2.899,1.0871,0.7044750067024858,GAZOLE,0.7066849263656761,0.6987945705344353,0.6953184313296202,0.7373045035391166,2026-09-01,1.0602,proxy_ma7_eur_l
2023-11-23,2.899,1.0871,0.7044750067024858,GAZOLE,0.7072266892311986,0.7022977645174175,0.6979152708803195,0.7400581505149889,2026-09-01,1.0602,proxy_ma7_eur_l
2023-11-24,2.883,1.0934,0.696550234999581,GAZOLE,0.7018334161348511,0.7042160041598189,0.6992854420534632,0.741511058033414,2026-09-01,1.0602,proxy_ma7_eur_l
2023-11-25,2.883,1.0934,0.696550234999581,GAZOLE,0.6991918255672162,0.7029561075385514,0.7006556132266072,0.7429639655518393,2026-09-01,1.0602,proxy_ma7_eur_l
2023-11-26,2.883,1.0934,0.696550234999581,GAZOLE,0.696550234999581,0.6997201436807429,0.702025784399751,0.7444168730702646,2026-09-01,1.0602,proxy_ma7_eur_l
2023-11-27,2.883,1.0937,0.6963591724865521,GAZOLE,0.6964865474952382,0.6980969768375562,0.7010985635969843,0.7434336630144809,2026-09-01,1.0602,proxy_ma7_eur_l
2023-11-28,2.907,1.1007,0.6976907024667371,GAZOLE,0.6968667033176237,0.6967401159904065,0.6989500847652863,0.7411554505480857,2026-09-01,1.0602,proxy_ma7_eur_l
2023-11-29,2.938,1.0969,0.70757360728256,GAZOLE,0.7005411607452832,0.6989447904470023,0.6993927419910111,0.7416248371648433,2026-09-01,1.0602,proxy_ma7_eur_l
2023-11-30,2.897,1.0908,0.7016010594807077,GAZOLE,0.7022884564100017,0.6999549553432276,0.6989821781021857,0.7411894818073813,2026-09-01,1.0602,proxy_ma7_eur_l
2023-12-01,2.723,1.0878,0.6612801053238078,GAZOLE,0.690151590695692,0.6929009294080729,0.6939435881485039,0.7358466418984311,2026-09-01,1.0602,proxy_ma7_eur_l
2023-12-02,2.723,1.0878,0.6612801053238078,GAZOLE,0.6747204233761078,0.6858851159755242,0.688904998194822,0.7305038019894807,2026-09-01,1.0602,proxy_ma7_eur_l
2023-12-03,2.723,1.0878,0.6612801053238078,GAZOLE,0.6612801053238078,0.6786029965469382,0.68386640824114,0.7251609620805303,2026-09-01,1.0602,proxy_ma7_eur_l
2023-12-04,2.783,1.0824,0.6792228581972718,GAZOLE,0.6672610229482959,0.6729328467298805,0.6814183633426715,0.7225650945654765,2026-09-01,1.0602,proxy_ma7_eur_l
2023-12-05,2.704,1.0787,0.6622056452919564,GAZOLE,0.6675695362710122,0.6650537638921302,0.67634906946056,0.7171896967036696,2026-09-01,1.0602,proxy_ma7_eur_l
2023-12-06,2.615,1.079,0.640231619014419,GAZOLE,0.6605533741678825,0.6608440666302526,0.6667287854222541,0.7069885019313628,2026-09-01,1.0602,proxy_ma7_eur_l
2023-12-07,2.603,1.0794,0.6370574877601078,GAZOLE,0.6464982506888278,0.6559995431175125,0.657508275176454,0.6972112208715799,2026-09-01,1.0602,proxy_ma7_eur_l
2023-12-08,2.624,1.0746,0.6450655735974143,GAZOLE,0.6407848934573138,0.652756636772234,0.655191913501255,0.6947549881327414,2026-09-01,1.0602,proxy_ma7_eur_l
2023-12-09,2.624,1.0746,0.6450655735974143,GAZOLE,0.6423962116516456,0.6459251798522623,0.6528755518260559,0.6922987553939028,2026-09-01,1.0602,proxy_ma7_eur_l
2023-12-10,2.624,1.0746,0.6450655735974143,GAZOLE,0.6450655735974143,0.642497165513354,0.650559190150857,0.6898425226550644,2026-09-01,1.0602,proxy_ma7_eur_l
2023-12-11,2.642,1.0747,0.6494301315066792,GAZOLE,0.6465204262338361,0.644336868011806,0.6463030863379151,0.685329418489522,2026-09-01,1.0602,proxy_ma7_eur_l
2023-12-12,2.502,1.079,0.6125657784986908,GAZOLE,0.6356871612009283,0.6394385261595226,0.63921167679602,0.6778098016404746,2026-09-01,1.0602,proxy_ma7_eur_l
2023-12-13,2.546,1.0793,0.6231650563363715,GAZOLE,0.6283869887805806,0.635058422707314,0.6367735964134418,0.6752245003381233,2026-09-01,1.0602,proxy_ma7_eur_l
2023-12-14,2.584,1.0997,0.6207334575733887,GAZOLE,0.6188214308028172,0.6301919995025089,0.6344415921010533,0.6727516803979,2026-09-01,1.0602,proxy_ma7_eur_l
2023-12-15,2.609,1.0906,0.6319685353038779,GAZOLE,0.6252890164045461,0.6275725918438015,0.6325705866305481,0.6707676962297947,2026-09-01,1.0602,proxy_ma7_eur_l
2023-12-16,2.609,1.0906,0.6319685353038779,GAZOLE,0.628223509393715,0.6240802726032413,0.6306995811600429,0.6687837120616893,2026-09-01,1.0602,proxy_ma7_eur_l
2023-12-17,2.609,1.0906,0.6319685353038779,GAZOLE,0.6319685353038779,0.6279608239642788,0.6288285756895376,0.6667997278935839,2026-09-01,1.0602,proxy_ma7_eur_l
2023-12-18,2.66,1.092,0.6434960249749768,GAZOLE,0.635811031860911,0.6320270176919999,0.6279808461850088,0.6659008091344812,2026-09-01,1.0602,proxy_ma7_eur_l
2023-12-19,2.718,1.0977,0.6541128161696707,GAZOLE,0.6431924588161753,0.6387028894112562,0.633916137280863,0.6721944965410134,2026-09-01,1.0602,proxy_ma7_eur_l
2023-12-20,2.679,1.0957,0.6459039228506706,GAZOLE,0.6478375879984396,0.6414899669206148,0.6371645467829057,0.6756390578344847,2026-09-01,1.0602,proxy_ma7_eur_l
2023-12-21,2.686,1.099,0.6456470724604065,GAZOLE,0.648554603826916,0.6442256743519205,0.6407236346239084,0.6794130574516739,2026-09-01,1.0602,proxy_ma7_eur_l
2023-12-22,2.623,1.1008,0.6294724685096506,GAZOLE,0.6403411546069093,0.6437264609930751,0.6403670536533044,0.6790349447141762,2026-09-01,1.0602,proxy_ma7_eur_l
2023-12-23,2.623,1.1008,0.6294724685096506,GAZOLE,0.6348640031599027,0.6409217497000098,0.6400104726827005,0.6786568319766787,2026-09-01,1.0602,proxy_ma7_eur_l
2023-12-24,2.623,1.1008,0.6294724685096506,GAZOLE,0.6294724685096506,0.6359936801680057,0.6396538917120965,0.678278719239181,2026-09-01,1.0602,proxy_ma7_eur_l
2023-12-25,2.623,1.1008,0.6294724685096506,GAZOLE,0.6294724685096506,0.6327073892998017,0.6376505265027642,0.6761543829286221,2026-09-01,1.0602,proxy_ma7_eur_l
2023-12-26,2.628,1.1035,0.6291292737627677,GAZOLE,0.6293580702606897,0.629403829560274,0.6340814490160638,0.6723697904514858,2026-09-01,1.0602,proxy_ma7_eur_l
2023-12-27,2.616,1.1114,0.6218050107692247,GAZOLE,0.6268022510138812,0.6278703380121888,0.630638747290143,0.6687192048025346,2026-09-01,1.0602,proxy_ma7_eur_l
2023-12-28,2.555,1.1073,0.6095544060101773,GAZOLE,0.6201628968473901,0.6238867255122942,0.6254826520829674,0.6632517642089386,2026-09-01,1.0602,proxy_ma7_eur_l
2023-12-29,2.531,1.1062,0.6044290946650458,GAZOLE,0.611929503814816,0.6188780507433732,0.621905027248024,0.6594581082609248,2026-09-01,1.0602,proxy_ma7_eur_l
2023-12-30,2.531,1.1062,0.6044290946650458,GAZOLE,0.6061375317800898,0.6138693759744522,0.6183274024130804,0.6556644523129109,2026-09-01,1.0602,proxy_ma7_eur_l
2023-12-31,2.531,1.1062,0.6044290946650458,GAZOLE,0.6044290946650458,0.6089293401549078,0.6147497775781368,0.651870796364897,2026-09-01,1.0602,proxy_ma7_eur_l
2024-01-01,2.531,1.1062,0.6044290946650458,GAZOLE,0.6044290946650458,0.6054541569340721,0.6111721527431933,0.6480771404168832,2026-09-01,1.0602,proxy_ma7_eur_l
2024-01-02,2.553,1.0957,0.6155254628733713,GAZOLE,0.6081278840678211,0.6066483683067109,0.6092287511875653,0.6460163886021939,2026-09-01,1.0602,proxy_ma7_eur_l
2024-01-03,2.598,1.0909,0.6291309854491425,GAZOLE,0.61636184766252,0.6115887464635302,0.6102753189989819,0.6471261523102276,2026-09-01,1.0602,proxy_ma7_eur_l
2024-01-04,2.589,1.0957,0.6242050228668854,GAZOLE,0.6229538237297999,0.6155439321038981,0.612368264264226,0.6493454778741631,2026-09-01,1.0602,proxy_ma7_eur_l
2024-01-05,2.616,1.0957,0.630714692862021,GAZOLE,0.6280169003926831,0.6208010517432931,0.6161233497209367,0.6533273102169542,2026-09-01,1.0602,proxy_ma7_eur_l
2024-01-06,2.616,1.0957,0.630714692862021,GAZOLE,0.6285448028636426,0.6260581713826883,0.6198784351776475,0.6573091425597455,2026-09-01,1.0602,proxy_ma7_eur_l
2024-01-07,2.616,1.0957,0.630714692862021,GAZOLE,0.630714692862021,0.6290960173804182,0.6236335206343583,0.6612909749025366,2026-09-01,1.0602,proxy_ma7_eur_l
2024-01-08,2.583,1.0976,0.6216804038275305,GAZOLE,0.6277032631838576,0.6276059010560957,0.6260979933718561,0.6639042622344025,2026-09-01,1.0602,proxy_ma7_eur_l
2024-01-09,2.647,1.0935,0.639472722992244,GAZOLE,0.6306226065605985,0.6306594410811674,0.629519030531695,0.6675318751252337,2026-09-01,1.0602,proxy_ma7_eur_l
2024-01-10,2.603,1.096,0.6274086243506025,GAZOLE,0.6295205837234592,0.6299982273788838,0.6292729789461893,0.6672709659735095,2026-09-01,1.0602,proxy_ma7_eur_l
2024-01-11,2.682,1.0943,0.6474544863607365,GAZOLE,0.6381119445678611,0.6333461860786269,0.6325943308738824,0.6707928742442909,2026-09-01,1.0602,proxy_ma7_eur_l
2024-01-12,2.673,1.0959,0.6443397170848897,GAZOLE,0.6397342759320764,0.6360711909232006,0.6345407629057208,0.6728568395273095,2026-09-01,1.0602,proxy_ma7_eur_l
2024-01-13,2.673,1.0959,0.6443397170848897,GAZOLE,0.645377973510172,0.6406030535746725,0.6364871949375591,0.6749208048103279,2026-09-01,1.0602,proxy_ma7_eur_l
2024-01-14,2.673,1.0959,0.6443397170848897,GAZOLE,0.6443397170848897,0.6415764523932016,0.6384336269693975,0.6769847700933465,2026-09-01,1.0602,proxy_ma7_eur_l
2024-01-15,2.673,1.0959,0.6443397170848897,GAZOLE,0.6443397170848897,0.644962670940059,0.6416706717204488,0.6804172803872902,2026-09-01,1.0602,proxy_ma7_eur_l
2024-01-16,2.644,1.0882,0.6418589472844555,GAZOLE,0.6435127938180785,0.6438435631248028,0.6420115609050505,0.6807787538067909,2026-09-01,1.0602,proxy_ma7_eur_l
2024-01-17,2.645,1.0858,0.6435209785294737,GAZOLE,0.643239880966273,0.6436798154137197,0.6443133257877464,0.6832195083411624,2026-09-01,1.0602,proxy_ma7_eur_l
2024-01-18,2.691,1.0863,0.6544112978880395,GAZOLE,0.646597074567323,0.6456941315743496,0.6453071560059325,0.6842733499518625,2026-09-01,1.0602,proxy_ma7_eur_l
2024-01-19,2.663,1.0887,0.646174497501377,GAZOLE,0.6480355913062968,0.6460610876576471,0.6455692674940021,0.6845512887664766,2026-09-01,1.0602,proxy_ma7_eur_l
2024-01-20,2.663,1.0887,0.646174497501377,GAZOLE,0.6489200976302646,0.6464280437409446,0.6458313789820718,0.6848292275810908,2026-09-01,1.0602,proxy_ma7_eur_l
2024-01-21,2.663,1.0887,0.646174497501377,GAZOLE,0.646174497501377,0.6472911537843289,0.6460934904701414,0.6851071663957048,2026-09-01,1.0602,proxy_ma7_eur_l
2024-01-22,2.689,1.0895,0.6520042669032228,GAZOLE,0.6481177539686591,0.6489878114590787,0.6471884261584746,0.6862682186240343,2026-09-01,1.0602,proxy_ma7_eur_l
2024-01-23,2.686,1.0829,0.6552462209197402,GAZOLE,0.6511416617747802,0.6491547960654188,0.6491008938206582,0.6882961686346566,2026-09-01,1.0602,proxy_ma7_eur_l
2024-01-24,2.679,1.0901,0.6492220239129249,GAZOLE,0.6521575039119628,0.6497643013477283,0.6499153288754369,0.6891597824936769,2026-09-01,1.0602,proxy_ma7_eur_l
2024-01-25,2.791,1.0837,0.6803582154946869,GAZOLE,0.6616088201091176,0.6566010449463903,0.6536220313906723,0.693090310341956,2026-09-01,1.0602,proxy_ma7_eur_l
2024-01-26,2.847,1.0866,0.6921570339256843,GAZOLE,0.6739124244444321,0.6657975522312518,0.6601909651655733,0.7000559022743074,2026-09-01,1.0602,proxy_ma7_eur_l
2024-01-27,2.847,1.0866,0.6921570339256843,GAZOLE,0.6882240944486853,0.6738281056357441,0.6667598989404743,0.7070214942066585,2026-09-01,1.0602,proxy_ma7_eur_l
2024-01-28,2.847,1.0866,0.6921570339256843,GAZOLE,0.6921570339256843,0.681210268236933,0.6733288327153754,0.7139870861390099,2026-09-01,1.0602,proxy_ma7_eur_l
2024-01-29,2.833,1.0807,0.6925135785422731,GAZOLE,0.6922758821312142,0.6898685791628025,0.6791158772352397,0.7201235752559719,2026-09-01,1.0602,proxy_ma7_eur_l
2024-01-30,2.796,1.0844,0.6811370881532488,GAZOLE,0.6886025668737356,0.690024353694515,0.6828145725543123,0.7240456124019691,2026-09-01,1.0602,proxy_ma7_eur_l
2024-01-31,2.786,1.0855,0.6780132085396606,GAZOLE,0.6838879584117277,0.6871955886173102,0.6869275989295603,0.728406999549217,2026-09-01,1.0602,proxy_ma7_eur_l
2024-02-01,2.74,1.0865,0.6662047155649579,GAZOLE,0.6751183374192893,0.6820051249451649,0.6849056703681705,0.7262629789581098,2026-09-01,1.0602,proxy_ma7_eur_l
2024-02-02,2.676,1.0787,0.6553484862430753,GAZOLE,0.6665221367825648,0.6746434154086431,0.6796473064135121,0.7206870942262703,2026-09-01,1.0602,proxy_ma7_eur_l
2024-02-03,2.676,1.0787,0.6553484862430753,GAZOLE,0.6589672293503696,0.6672103969488036,0.6743889424588536,0.7151112094944307,2026-09-01,1.0602,proxy_ma7_eur_l
2024-02-04,2.676,1.0787,0.6553484862430753,GAZOLE,0.6553484862430753,0.6620526765667689,0.6691305785041951,0.7095353247625911,2026-09-01,1.0602,proxy_ma7_eur_l
2024-02-05,2.734,1.0736,0.6727332257332133,GAZOLE,0.6611433994064547,0.6609966800054794,0.6663048138171866,0.7065389292468142,2026-09-01,1.0602,proxy_ma7_eur_l
2024-02-06,2.753,1.0751,0.6764632686652243,GAZOLE,0.6681816602138378,0.6630483906255327,0.6656371253188975,0.7058309230807638,2026-09-01,1.0602,proxy_ma7_eur_l
2024-02-07,2.817,1.0769,0.6910322885067361,GAZOLE,0.6800762609683915,0.6701851510782649,0.6674969938856224,0.7078030978548667,2026-09-01,1.0602,proxy_ma7_eur_l
2024-02-08,2.891,1.0774,0.7088559526335689,GAZOLE,0.6921171699351767,0.6808866443563636,0.6735900277525669,0.7142640531638234,2026-09-01,1.0602,proxy_ma7_eur_l
2024-02-09,2.941,1.0782,0.7205806028429924,GAZOLE,0.7068229479944327,0.693933067676347,0.682908901552555,0.7241456373575649,2026-09-01,1.0602,proxy_ma7_eur_l
2024-02-10,2.941,1.0782,0.7205806028429924,GAZOLE,0.716672386106518,0.7035025430983028,0.6922277753525432,0.7340272215513065,2026-09-01,1.0602,proxy_ma7_eur_l
2024-02-11,2.941,1.0782,0.7205806028429924,GAZOLE,0.7205806028429924,0.7123260099338564,0.7015466491525314,0.743908805745048,2026-09-01,1.0602,proxy_ma7_eur_l
2024-02-12,2.923,1.0774,0.7167021617253276,GAZOLE,0.7192877891371042,0.7174599845775748,0.7078279257228335,0.7505693705950297,2026-09-01,1.0602,proxy_ma7_eur_l
2024-02-13,2.884,1.072,0.7107016781724813,GAZOLE,0.715994814246934,0.7178291296853573,0.712719127081013,0.7557559220031469,2026-09-01,1.0602,proxy_ma7_eur_l
2024-02-14,2.796,1.0735,0.6880531517404592,GAZOLE,0.7051523305460895,0.7113236394648507,0.7122935361144022,0.7553046321736112,2026-09-01,1.0602,proxy_ma7_eur_l
2024-02-15,2.807,1.0761,0.6890911169680537,GAZOLE,0.6959486489603316,0.7050257422898628,0.7094699881621855,0.7523105872478252,2026-09-01,1.0602,proxy_ma7_eur_l
2024-02-16,2.807,1.0769,0.688579209740294,GAZOLE,0.688574492816269,0.6986254636693232,0.7048983605760858,0.7474629067379192,2026-09-01,1.0602,proxy_ma7_eur_l
2024-02-17,2.807,1.0769,0.688579209740294,GAZOLE,0.6887498454828807,0.6930008732723165,0.7003267329899859,0.742615226228013,2026-09-01,1.0602,proxy_ma7_eur_l
2024-02-18,2.807,1.0769,0.688579209740294,GAZOLE,0.688579209740294,0.6885763795858789,0.6957551054038863,0.7377675457181072,2026-09-01,1.0602,proxy_ma7_eur_l
2024-02-19,2.807,1.0769,0.688579209740294,GAZOLE,0.688579209740294,0.6886815911858458,0.6917375408345957,0.7335073847375724,2026-09-01,1.0602,proxy_ma7_eur_l
2024-02-20,2.724,1.0814,0.6654380161120735,GAZOLE,0.6808654785308873,0.68395097101465,0.6852713033973946,0.7266506903532673,2026-09-01,1.0602,proxy_ma7_eur_l
2024-02-21,2.699,1.0818,0.6590870487286398,GAZOLE,0.6710347581936693,0.678052538812319,0.6811332886814203,0.7222628059706186,2026-09-01,1.0602,proxy_ma7_eur_l
2024-02-22,2.741,1.0815,0.669528983369103,GAZOLE,0.6646846827366056,0.6742424935380809,0.6783386981672846,0.7192994670473576,2026-09-01,1.0602,proxy_ma7_eur_l
2024-02-23,2.685,1.0828,0.6550627637436539,GAZOLE,0.6612262652804657,0.6675392043387529,0.6735506344534788,0.7142222811417999,2026-09-01,1.0602,proxy_ma7_eur_l
2024-02-24,2.685,1.0828,0.6550627637436539,GAZOLE,0.6598848369521372,0.6608359151394249,0.6687625707396733,0.7091450952362423,2026-09-01,1.0602,proxy_ma7_eur_l
2024-02-25,2.685,1.0828,0.6550627637436539,GAZOLE,0.6550627637436539,0.658760864665741,0.6639745070258674,0.7040679093306845,2026-09-01,1.0602,proxy_ma7_eur_l
2024-02-26,2.758,1.0855,0.6711990054387594,GAZOLE,0.660441510975356,0.6611832560077648,0.6614916206970768,0.7014350965221813,2026-09-01,1.0602,proxy_ma7_eur_l
2024-02-27,2.732,1.0857,0.6647490531845459,GAZOLE,0.6636702741223199,0.6602272699708533,0.6613931974217158,0.7013307300608493,2026-09-01,1.0602,proxy_ma7_eur_l
2024-02-28,2.645,1.0843,0.6444112132134119,GAZOLE,0.6601197572789059,0.658096959864805,0.6592966494909689,0.6991075842882436,2026-09-01,1.0602,proxy_ma7_eur_l
2024-02-29,2.669,1.0807,0.6524245468158584,GAZOLE,0.6538616044046055,0.6575693164792459,0.6568531585547911,0.696516545721704,2026-09-01,1.0602,proxy_ma7_eur_l
2024-03-01,2.726,1.0832,0.6648199914404659,GAZOLE,0.6538852504899122,0.6595207620186082,0.6582470482257642,0.6979946039545052,2026-09-01,1.0602,proxy_ma7_eur_l
2024-03-02,2.726,1.0832,0.6648199914404659,GAZOLE,0.6606881765655969,0.6582449592189497,0.6596409378967374,0.6994726621873064,2026-09-01,1.0602,proxy_ma7_eur_l
2024-03-03,2.726,1.0832,0.6648199914404659,GAZOLE,0.6648199914404659,0.6582591468701335,0.6610348275677104,0.7009507204201074,2026-09-01,1.0602,proxy_ma7_eur_l
2024-03-04,2.672,1.0862,0.6498506020078922,GAZOLE,0.6598301949629415,0.6593470246290296,0.6579850556490151,0.6977167912315466,2026-09-01,1.0602,proxy_ma7_eur_l
2024-03-05,2.623,1.0861,0.6379921676967344,GAZOLE,0.6508875870483642,0.6564605488052049,0.6541626434364706,0.6936635666775782,2026-09-01,1.0602,proxy_ma7_eur_l
2024-03-06,2.68,1.0913,0.6487502064691999,GAZOLE,0.6455309920579423,0.6532465918109516,0.6547824996158689,0.6943208522204668,2026-09-01,1.0602,proxy_ma7_eur_l
2024-03-07,2.712,1.0941,0.6548163842384596,GAZOLE,0.6471862528014648,0.6512458703705504,0.6551241906762406,0.6946831759361626,2026-09-01,1.0602,proxy_ma7_eur_l
2024-03-08,2.654,1.0941,0.6408121990298198,GAZOLE,0.6481262632458266,0.6464443118884212,0.6516945060461482,0.6910463934066812,2026-09-01,1.0602,proxy_ma7_eur_l
2024-03-09,2.654,1.0941,0.6408121990298198,GAZOLE,0.6454802607660332,0.6446366312928067,0.648264821416056,0.6874096108771999,2026-09-01,1.0602,proxy_ma7_eur_l
2024-03-10,2.654,1.0941,0.6408121990298198,GAZOLE,0.6408121990298198,0.6452006375594237,0.6448351367859636,0.6837728283477184,2026-09-01,1.0602,proxy_ma7_eur_l
2024-03-11,2.665,1.0928,0.6442336379341742,GAZOLE,0.6419526786646048,0.6442973238524187,0.6440327133468611,0.6829219514131544,2026-09-01,1.0602,proxy_ma7_eur_l
2024-03-12,2.632,1.0918,0.636839019789931,GAZOLE,0.6406282855846418,0.6407018509627129,0.6438679779316034,0.6827472686230986,2026-09-01,1.0602,proxy_ma7_eur_l
2024-03-13,2.699,1.0944,0.6514988754702509,GAZOLE,0.6441905110647855,0.642839186250799,0.6442606449317536,0.6831636464070849,2026-09-01,1.0602,proxy_ma7_eur_l
2024-03-14,2.708,1.0888,0.6570333557915742,GAZOLE,0.6484570836839189,0.64608341760315,0.6445773551536271,0.6834994808426222,2026-09-01,1.0602,proxy_ma7_eur_l
2024-03-15,2.722,1.0888,0.6604301308953711,GAZOLE,0.6563207873857322,0.6500070039762603,0.6473799168487059,0.6864712722782044,2026-09-01,1.0602,proxy_ma7_eur_l
2024-03-16,2.722,1.0888,0.6604301308953711,GAZOLE,0.6592978725274389,0.6532463025684996,0.6501824785437845,0.6894430637137865,2026-09-01,1.0602,proxy_ma7_eur_l
2024-03-17,2.722,1.0888,0.6604301308953711,GAZOLE,0.6604301308953711,0.6579645247895877,0.6529850402388633,0.6924148551493686,2026-09-01,1.0602,proxy_ma7_eur_l
2024-03-18,2.776,1.0886,0.6736557205091126,GAZOLE,0.6648386607666184,0.66239589379736,0.657188194892426,0.6968718128762292,2026-09-01,1.0602,proxy_ma7_eur_l
2024-03-19,2.753,1.0859,0.6697353901298301,GAZOLE,0.6679404138447714,0.6649363006650112,0.6618876763695544,0.7018550675999098,2026-09-01,1.0602,proxy_ma7_eur_l
2024-03-20,2.683,1.0856,0.6528865295476347,GAZOLE,0.6654258800621925,0.6634275803954639,0.6620859126663236,0.7020652741869742,2026-09-01,1.0602,proxy_ma7_eur_l
2024-03-21,2.653,1.0861,0.6452890662979172,GAZOLE,0.6559703286584608,0.6603993674759732,0.6604081570243725,0.7002862090350794,2026-09-01,1.0602,proxy_ma7_eur_l
2024-03-22,2.647,1.0817,0.6464485740889514,GAZOLE,0.6482080566448346,0.6576030561146892,0.6584107917663126,0.6981682349765405,2026-09-01,1.0602,proxy_ma7_eur_l
2024-03-23,2.647,1.0817,0.6464485740889514,GAZOLE,0.6460620714919402,0.6521616268306569,0.6564134265082526,0.6960502609180014,2026-09-01,1.0602,proxy_ma7_eur_l
2024-03-24,2.647,1.0817,0.6464485740889514,GAZOLE,0.6464485740889514,0.6475042636224813,0.6544160612501927,0.6939322868594624,2026-09-01,1.0602,proxy_ma7_eur_l
2024-03-25,2.675,1.0837,0.6520810556962692,GAZOLE,0.6483260679580575,0.6473431688522082,0.6513339662769294,0.6906640828226778,2026-09-01,1.0602,proxy_ma7_eur_l
2024-03-26,2.608,1.0829,0.6362182219503657,GAZOLE,0.6449159505785289,0.6455289999826979,0.6465457993941487,0.6855867875183951,2026-09-01,1.0602,proxy_ma7_eur_l
2024-03-27,2.587,1.0821,0.6315618699293318,GAZOLE,0.6399537158586558,0.6425516591507738,0.643499419448677,0.6823564551237935,2026-09-01,1.0602,proxy_ma7_eur_l
2024-03-28,2.607,1.0801,0.6376229427809398,GAZOLE,0.6351343448868793,0.6407865328891715,0.6424042589462514,0.6811951645062093,2026-09-01,1.0602,proxy_ma7_eur_l
2024-03-29,2.607,1.0791,0.6382138267979733,GAZOLE,0.6357995465027485,0.6391395834309759,0.6412278664761119,0.6799477368139721,2026-09-01,1.0602,proxy_ma7_eur_l
2024-03-30,2.607,1.0791,0.6382138267979733,GAZOLE,0.6380168654589623,0.6363661376513168,0.6400514740059721,0.678700309121735,2026-09-01,1.0602,proxy_ma7_eur_l
2024-03-31,2.607,1.0791,0.6382138267979733,GAZOLE,0.6382138267979733,0.6367652586208383,0.6388750815358323,0.6774528814294976,2026-09-01,1.0602,proxy_ma7_eur_l
2024-04-01,2.625,1.0733,0.6460930191373704,GAZOLE,0.6408402242444392,0.639671488462446,0.6380196477417039,0.6765457931653704,2026-09-01,1.0602,proxy_ma7_eur_l
2024-04-02,2.71,1.0769,0.6647843457058058,GAZOLE,0.6496970638803833,0.6451037690474192,0.6421005225639097,0.6808730873218594,2026-09-01,1.0602,proxy_ma7_eur_l
2024-04-03,2.727,1.0827,0.6653710046925932,GAZOLE,0.6587494565119233,0.6505352046263433,0.6469303989586612,0.6859946107231274,2026-09-01,1.0602,proxy_ma7_eur_l
2024-04-04,2.746,1.0865,0.6676635580078008,GAZOLE,0.6659396361354001,0.6564251508683088,0.6512219154196414,0.6905452658922162,2026-09-01,1.0602,proxy_ma7_eur_l
2024-04-05,2.689,1.0841,0.6552519590361231,GAZOLE,0.6627621739121725,0.6598327773159387,0.6536559343108058,0.6931262604542661,2026-09-01,1.0602,proxy_ma7_eur_l
2024-04-06,2.689,1.0841,0.6552519590361231,GAZOLE,0.6593891586933491,0.6616645652956892,0.6560899532019698,0.6957072550163156,2026-09-01,1.0602,proxy_ma7_eur_l
2024-04-07,2.689,1.0841,0.6552519590361231,GAZOLE,0.6552519590361231,0.6597580879617527,0.6585239720931343,0.6982882495783655,2026-09-01,1.0602,proxy_ma7_eur_l
2024-04-08,2.725,1.0853,0.6632901895106925,GAZOLE,0.657931369194313,0.6593419249253725,0.6609807107178945,0.7008933357812301,2026-09-01,1.0602,proxy_ma7_eur_l
2024-04-09,2.675,1.0856,0.6509397937159608,GAZOLE,0.6564939807542589,0.6559971720670046,0.6590029175764881,0.6987961156810248,2026-09-01,1.0602,proxy_ma7_eur_l
2024-04-10,2.706,1.0737,0.6657814787008938,GAZOLE,0.6600038206425158,0.6581030759999587,0.659061556720531,0.69885829568811,2026-09-01,1.0602,proxy_ma7_eur_l
2024-04-11,2.66,1.0722,0.6553792755760817,GAZOLE,0.6573668493309789,0.6581285393079503,0.6573066592302854,0.6969974305585414,2026-09-01,1.0602,proxy_ma7_eur_l
2024-04-12,2.672,1.0647,0.662973348268031,GAZOLE,0.661378034181669,0.6596728171543319,0.6584097148348437,0.6981670930156973,2026-09-01,1.0602,proxy_ma7_eur_l
2024-04-13,2.672,1.0647,0.662973348268031,GAZOLE,0.6604419907040481,0.6596094489057996,0.659512770439402,0.6993367554728536,2026-09-01,1.0602,proxy_ma7_eur_l
2024-04-14,2.672,1.0647,0.662973348268031,GAZOLE,0.662973348268031,0.6620161598162138,0.6606158260439603,0.7005064179300096,2026-09-01,1.0602,proxy_ma7_eur_l
2024-04-15,2.657,1.0644,0.6594373760950775,GAZOLE,0.6617946908770467,0.6607473392950504,0.6600654241274438,0.6999227805726219,2026-09-01,1.0602,proxy_ma7_eur_l
2024-04-16,2.644,1.0628,0.6571988205070987,GAZOLE,0.6598698482900692,0.6611112482812539,0.660959570811892,0.7008709193642365,2026-09-01,1.0602,proxy_ma7_eur_l
2024-04-17,2.569,1.0644,0.6375967704886164,GAZOLE,0.6514109890302643,0.6560359327253709,0.6569331839244238,0.6966014033391192,2026-09-01,1.0602,proxy_ma7_eur_l
2024-04-18,2.515,1.066,0.6232577032652376,GAZOLE,0.6393510980869844,0.6480928037248121,0.6523443878800176,0.691735517671608,2026-09-01,1.0602,proxy_ma7_eur_l
2024-04-19,2.534,1.0655,0.6282608922342076,GAZOLE,0.6297051219960207,0.6411503125180475,0.6473854655894714,0.6864771560738454,2026-09-01,1.0602,proxy_ma7_eur_l
2024-04-20,2.534,1.0655,0.6282608922342076,GAZOLE,0.6265931625778843,0.6349150157458736,0.6424265432989252,0.6812187944760828,2026-09-01,1.0602,proxy_ma7_eur_l
2024-04-21,2.534,1.0655,0.6282608922342076,GAZOLE,0.6282608922342076,0.6291274300912952,0.637467621008379,0.6759604328783202,2026-09-01,1.0602,proxy_ma7_eur_l
2024-04-22,2.555,1.0655,0.6334674742140491,GAZOLE,0.6299964195608215,0.6283015708363819,0.6337576350253749,0.6720264232935244,2026-09-01,1.0602,proxy_ma7_eur_l
2024-04-23,2.564,1.0695,0.6333213111232283,GAZOLE,0.6316832258571617,0.6303142924079801,0.6303465622562506,0.6684093764826615,2026-09-01,1.0602,proxy_ma7_eur_l
2024-04-24,2.54,1.0687,0.6278628361464368,GAZOLE,0.6315505404945716,0.6302346811904258,0.6289560002073679,0.666934846806911,2026-09-01,1.0602,proxy_ma7_eur_l
2024-04-25,2.543,1.0721,0.6266108843827735,GAZOLE,0.629265010550813,0.6299046796201391,0.6294350260813014,0.6674427981544505,2026-09-01,1.0602,proxy_ma7_eur_l
2024-04-26,2.54,1.0686,0.6279215917927167,GAZOLE,0.6274651041073092,0.6298368195318409,0.6293865545896599,0.6673913997627636,2026-09-01,1.0602,proxy_ma7_eur_l
2024-04-27,2.54,1.0686,0.6279215917927167,GAZOLE,0.6274846893227357,0.6287276430475743,0.6293380830980183,0.6673400013710767,2026-09-01,1.0602,proxy_ma7_eur_l
2024-04-28,2.54,1.0686,0.6279215917927167,GAZOLE,0.6279215917927167,0.6276476991814721,0.6292896116063769,0.6672886029793901,2026-09-01,1.0602,proxy_ma7_eur_l
2024-04-29,2.535,1.0717,0.6248727747764358,GAZOLE,0.6269053194539566,0.6270496869074719,0.6280617974010035,0.6659866485045174,2026-09-01,1.0602,proxy_ma7_eur_l
2024-04-30,2.512,1.0684,0.6211158700146657,GAZOLE,0.6246367455279396,0.6259506840338502,0.6263181629569231,0.6641377265283113,2026-09-01,1.0602,proxy_ma7_eur_l
2024-05-01,2.457,1.068,0.607744131689111,GAZOLE,0.6179109254934043,0.6219151920131292,0.6234440623201623,0.661090076347291,2026-09-01,1.0602,proxy_ma7_eur_l
2024-05-02,2.44,1.0706,0.6020734240181974,GAZOLE,0.6103111419073248,0.6167455584582253,0.6199387108395086,0.6573730579040561,2026-09-01,1.0602,proxy_ma7_eur_l
2024-05-03,2.431,1.077,0.5962880773283741,GAZOLE,0.6020352110118944,0.6104188555653568,0.6154196373446024,0.6525811049088691,2026-09-01,1.0602,proxy_ma7_eur_l
2024-05-04,2.431,1.077,0.5962880773283741,GAZOLE,0.598216526224982,0.6047019160757444,0.6109005638496965,0.6477891519136827,2026-09-01,1.0602,proxy_ma7_eur_l
2024-05-05,2.431,1.077,0.5962880773283741,GAZOLE,0.5962880773283741,0.5997363575384862,0.6063814903547903,0.6429971989184958,2026-09-01,1.0602,proxy_ma7_eur_l
2024-05-06,2.45,1.0779,0.6004467281542477,GAZOLE,0.597674294270332,0.5982768768315134,0.6028920551230491,0.6392970578101247,2026-09-01,1.0602,proxy_ma7_eur_l
2024-05-07,2.452,1.0767,0.6016066428737623,GAZOLE,0.5994471494521282,0.5981835206026265,0.6001050226743487,0.6363417333381314,2026-09-01,1.0602,proxy_ma7_eur_l
2024-05-08,2.47,1.0755,0.6066991811479561,GAZOLE,0.6029175173919888,0.6002657413665429,0.5999557440256122,0.6361834406551874,2026-09-01,1.0602,proxy_ma7_eur_l
2024-05-09,2.468,1.0771,0.6053074229132953,GAZOLE,0.604537748978338,0.6020696104835271,0.6004177438677691,0.6366733378719276,2026-09-01,1.0602,proxy_ma7_eur_l
2024-05-10,2.421,1.0773,0.5936698586828899,GAZOLE,0.6018921542480472,0.6015459667544303,0.6000437126327,0.6362767211540974,2026-09-01,1.0602,proxy_ma7_eur_l
2024-05-11,2.421,1.0773,0.5936698586828899,GAZOLE,0.5975490467596919,0.6001905928601586,0.5996696813976309,0.6358801044362673,2026-09-01,1.0602,proxy_ma7_eur_l
2024-05-12,2.421,1.0773,0.5936698586828899,GAZOLE,0.5936698586828899,0.5986032360219842,0.5992956501625616,0.635483487718437,2026-09-01,1.0602,proxy_ma7_eur_l
2024-05-13,2.426,1.0796,0.5936285652286662,GAZOLE,0.5936560941981489,0.5959891128381263,0.5983216268874785,0.6344506490722681,2026-09-01,1.0602,proxy_ma7_eur_l
2024-05-14,2.41,1.0818,0.5885141857858548,GAZOLE,0.5919375365658038,0.5926304654126382,0.5964512758749203,0.6324673588808647,2026-09-01,1.0602,proxy_ma7_eur_l
2024-05-15,2.413,1.086,0.5869679211235838,GAZOLE,0.5897035573793684,0.5912900779007769,0.5936325244428672,0.6294784001080678,2026-09-01,1.0602,proxy_ma7_eur_l
2024-05-16,2.435,1.0875,0.591502480452498,GAZOLE,0.5889948624539789,0.5908566022546985,0.5916603898056103,0.627387180194834,2026-09-01,1.0602,proxy_ma7_eur_l
2024-05-17,2.473,1.0869,0.6010649420201499,GAZOLE,0.5931784478654106,0.5923356189221505,0.5927168302823619,0.6285074127187158,2026-09-01,1.0602,proxy_ma7_eur_l
2024-05-18,2.473,1.0869,0.6010649420201499,GAZOLE,0.5978774548309328,0.5938228942804472,0.5937732707591132,0.6296276452425974,2026-09-01,1.0602,proxy_ma7_eur_l
2024-05-19,2.473,1.0869,0.6010649420201499,GAZOLE,0.6010649420201499,0.5963330455273063,0.5948297112358647,0.6307478777664791,2026-09-01,1.0602,proxy_ma7_eur_l
2024-05-20,2.466,1.0861,0.599805065017212,GAZOLE,0.6006449830191708,0.598900474306032,0.5957120683485141,0.631683515085401,2026-09-01,1.0602,proxy_ma7_eur_l
2024-05-21,2.451,1.0855,0.596486135725308,GAZOLE,0.5991187142542235,0.599897205360594,0.5968509183398645,0.6328911333357506,2026-09-01,1.0602,proxy_ma7_eur_l
2024-05-22,2.413,1.0836,0.588267960815995,GAZOLE,0.5948530538528385,0.597337809119763,0.5970366382959232,0.6330880677960343,2026-09-01,1.0602,proxy_ma7_eur_l
2024-05-23,2.408,1.0827,0.5875369927758579,GAZOLE,0.5907636964390538,0.5946322192709046,0.5964701400564032,0.632487362156107,2026-09-01,1.0602,proxy_ma7_eur_l
2024-05-24,2.401,1.0852,0.5844794486840346,GAZOLE,0.5867614674252959,0.5913151206036815,0.5941007838655297,0.6299749348834993,2026-09-01,1.0602,proxy_ma7_eur_l
2024-05-25,2.401,1.0852,0.5844794486840346,GAZOLE,0.5854986300479759,0.588249997337046,0.591731427674656,0.6274625076108915,2026-09-01,1.0602,proxy_ma7_eur_l
2024-05-26,2.401,1.0852,0.5844794486840346,GAZOLE,0.5844794486840346,0.5858486599287913,0.5893620714837823,0.6249500803382835,2026-09-01,1.0602,proxy_ma7_eur_l
2024-05-27,2.401,1.0852,0.5844794486840346,GAZOLE,0.5844794486840346,0.5850909575023991,0.5871726977218998,0.6226285035443541,2026-09-01,1.0602,proxy_ma7_eur_l
2024-05-28,2.463,1.0879,0.5980841667047703,GAZOLE,0.5890143546909465,0.5872003922881818,0.587400987861823,0.6228705787442839,2026-09-01,1.0602,proxy_ma7_eur_l
2024-05-29,2.415,1.0811,0.5901170164137717,GAZOLE,0.5908935439341924,0.5883279058341291,0.5876651386615055,0.6231506800121976,2026-09-01,1.0602,proxy_ma7_eur_l
2024-05-30,2.352,1.0837,0.5733437917748131,GAZOLE,0.5871816582977851,0.5861007744522848,0.5856375385184991,0.6210006453669827,2026-09-01,1.0602,proxy_ma7_eur_l
2024-05-31,2.348,1.0846,0.5718937663073322,GAZOLE,0.5784515248319725,0.5835836379769443,0.5838395838932559,0.619094123142603,2026-09-01,1.0602,proxy_ma7_eur_l
2024-06-01,2.348,1.0846,0.5718937663073322,GAZOLE,0.572377108129826,0.5810665015016039,0.5820416292680127,0.6171876009182233,2026-09-01,1.0602,proxy_ma7_eur_l
2024-06-02,2.348,1.0846,0.5718937663073322,GAZOLE,0.5718937663073322,0.5758284214221163,0.5802436746427695,0.6152810786938435,2026-09-01,1.0602,proxy_ma7_eur_l
2024-06-03,2.278,1.089,0.5526023280733353,GAZOLE,0.5654632868960001,0.568325483754029,0.5756898002698125,0.6104522234061849,2026-09-01,1.0602,proxy_ma7_eur_l
2024-06-04,2.259,1.0878,0.5485977810967616,GAZOLE,0.5576979584924765,0.5633762816184188,0.5686203166115255,0.6029558564121675,2026-09-01,1.0602,proxy_ma7_eur_l
2024-06-05,2.277,1.0865,0.5536307070589084,GAZOLE,0.5516102720763353,0.559723669768734,0.563407986703688,0.5974287854446524,2026-09-01,1.0602,proxy_ma7_eur_l
2024-06-06,2.333,1.0883,0.5663083691551597,GAZOLE,0.5561789524369433,0.5586065903382995,0.5624029263294517,0.5963630355567396,2026-09-01,1.0602,proxy_ma7_eur_l
2024-06-07,2.34,1.0807,0.5720020380476241,GAZOLE,0.5639803714205641,0.5586282446863577,0.562418393720922,0.5963794369303768,2026-09-01,1.0602,proxy_ma7_eur_l
2024-06-08,2.34,1.0807,0.5720020380476241,GAZOLE,0.5701041484168027,0.5625081866812156,0.5624338611123922,0.596395838304014,2026-09-01,1.0602,proxy_ma7_eur_l
2024-06-09,2.34,1.0807,0.5720020380476241,GAZOLE,0.5720020380476241,0.5671890380713881,0.5624493285038624,0.5964122396776511,2026-09-01,1.0602,proxy_ma7_eur_l
2024-06-10,2.405,1.0751,0.5909532005593404,GAZOLE,0.5783190922181963,0.5746535367714746,0.5679280245732918,0.6022217610472886,2026-09-01,1.0602,proxy_ma7_eur_l
2024-06-11,2.399,1.0733,0.5904674868230673,GAZOLE,0.5844742418100107,0.5794853603050559,0.5739094111056211,0.608564327314749,2026-09-01,1.0602,proxy_ma7_eur_l
2024-06-12,2.417,1.0843,0.5888627230006868,GAZOLE,0.5900944701276982,0.5828574972956685,0.578942556240161,0.6139013936248796,2026-09-01,1.0602,proxy_ma7_eur_l
2024-06-13,2.462,1.0756,0.6046779405966545,GAZOLE,0.5946693834734696,0.5893926778054746,0.5844239235889459,0.6197137475762672,2026-09-01,1.0602,proxy_ma7_eur_l
2024-06-14,2.449,1.0699,0.6046895562436727,GAZOLE,0.5994100732803381,0.5959301814446843,0.5890935690455242,0.6246653646626752,2026-09-01,1.0602,proxy_ma7_eur_l
2024-06-15,2.449,1.0699,0.6046895562436727,GAZOLE,0.6046856843613334,0.5986774525815508,0.5937632145021026,0.6296169817490834,2026-09-01,1.0602,proxy_ma7_eur_l
2024-06-16,2.449,1.0699,0.6046895562436727,GAZOLE,0.6046895562436727,0.6015218664656719,0.598432859958681,0.6345685988354915,2026-09-01,1.0602,proxy_ma7_eur_l
2024-06-17,2.466,1.0723,0.6075242759630645,GAZOLE,0.6056344628168034,0.6052541770581474,0.6008001564449273,0.6370788420303742,2026-09-01,1.0602,proxy_ma7_eur_l
2024-06-18,2.507,1.0739,0.616704847063859,GAZOLE,0.6096395597568655,0.6076595583515884,0.6045483507650404,0.6410533671225317,2026-09-01,1.0602,proxy_ma7_eur_l
2024-06-19,2.507,1.0739,0.616704847063859,GAZOLE,0.6136446566969277,0.6100626165156255,0.6085257970597793,0.6452709873286984,2026-09-01,1.0602,proxy_ma7_eur_l
2024-06-20,2.499,1.0708,0.6165165846498066,GAZOLE,0.6166420929258417,0.6124280221968524,0.6102170319245153,0.6470643456320699,2026-09-01,1.0602,proxy_ma7_eur_l
2024-06-21,2.466,1.0694,0.6091717609081674,GAZOLE,0.6141310642072778,0.6133244631297512,0.610857346876586,0.6477433253291022,2026-09-01,1.0602,proxy_ma7_eur_l
2024-06-22,2.466,1.0694,0.6091717609081674,GAZOLE,0.6116200354887139,0.6136539601187719,0.6114976618286566,0.6484223050261344,2026-09-01,1.0602,proxy_ma7_eur_l
2024-06-23,2.466,1.0694,0.6091717609081674,GAZOLE,0.6091717609081674,0.6121473428876335,0.6121379767807272,0.6491012847231666,2026-09-01,1.0602,proxy_ma7_eur_l
2024-06-24,2.499,1.0727,0.6154245910720731,GAZOLE,0.6112560376294695,0.6118912916892765,0.6132665932248713,0.6502980514843245,2026-09-01,1.0602,proxy_ma7_eur_l
2024-06-25,2.484,1.0705,0.6129877422303976,GAZOLE,0.6125280314035462,0.6111855232053947,0.6127355782486628,0.649734971727246,2026-09-01,1.0602,proxy_ma7_eur_l
2024-06-26,2.513,1.0682,0.6214794678674658,GAZOLE,0.616630600389979,0.6136470645972543,0.6134176669348922,0.6504582476214408,2026-09-01,1.0602,proxy_ma7_eur_l
2024-06-27,2.541,1.0708,0.6268782079212318,GAZOLE,0.6204484726730319,0.6171883539998672,0.61489789883081,0.6520278617636339,2026-09-01,1.0602,proxy_ma7_eur_l
2024-06-28,2.506,1.0711,0.6180703605727942,GAZOLE,0.6221426787871641,0.6189680739327925,0.6161691273543282,0.6533758520845937,2026-09-01,1.0602,proxy_ma7_eur_l
2024-06-29,2.506,1.0711,0.6180703605727942,GAZOLE,0.6210063096889402,0.6194972278329367,0.6174403558778463,0.6547238424055535,2026-09-01,1.0602,proxy_ma7_eur_l
2024-06-30,2.506,1.0711,0.6180703605727942,GAZOLE,0.6180703605727942,0.6205137515014161,0.6187115844013643,0.6560718327265131,2026-09-01,1.0602,proxy_ma7_eur_l
2024-07-01,2.594,1.0728,0.6387605367422045,GAZOLE,0.6249670859625978,0.6239699652763637,0.622045290925669,0.6596068416132291,2026-09-01,1.0602,proxy_ma7_eur_l
2024-07-02,2.613,1.0737,0.6428998536014173,GAZOLE,0.6332435836388054,0.6271742944124009,0.6263184496929574,0.6641380305785995,2026-09-01,1.0602,proxy_ma7_eur_l
2024-07-03,2.605,1.0799,0.6372517792323147,GAZOLE,0.6396373898586457,0.631010578144305,0.6285716370307929,0.6665272742641533,2026-09-01,1.0602,proxy_ma7_eur_l
2024-07-04,2.605,1.0799,0.6372517792323147,GAZOLE,0.6391344706886825,0.6348468618762091,0.6300535757895191,0.6680986983362703,2026-09-01,1.0602,proxy_ma7_eur_l
2024-07-05,2.6,1.0828,0.6343252088392924,GAZOLE,0.6362762557679741,0.6380978315295087,0.6323756969704474,0.6705610383625342,2026-09-01,1.0602,proxy_ma7_eur_l
2024-07-06,2.6,1.0828,0.6343252088392924,GAZOLE,0.6353007323036334,0.6372107659489263,0.6346978181513757,0.6730233783887982,2026-09-01,1.0602,proxy_ma7_eur_l
2024-07-07,2.6,1.0828,0.6343252088392924,GAZOLE,0.6343252088392924,0.6354958369965014,0.637019939332304,0.6754857184150622,2026-09-01,1.0602,proxy_ma7_eur_l
2024-07-08,2.558,1.0835,0.623675228363769,GAZOLE,0.6307752153474514,0.6327805268227922,0.6348648952782419,0.6732005442922552,2026-09-01,1.0602,proxy_ma7_eur_l
2024-07-09,2.507,1.0813,0.6124843570349378,GAZOLE,0.6234949314126665,0.6278270423833169,0.6305198243401734,0.6685931008153022,2026-09-01,1.0602,proxy_ma7_eur_l
2024-07-10,2.506,1.0823,0.6116743631243832,GAZOLE,0.6159446495076968,0.623296873240335,0.626865907753326,0.6647185463181817,2026-09-01,1.0602,proxy_ma7_eur_l
2024-07-11,2.507,1.087,0.6092726175362264,GAZOLE,0.6111437792318494,0.6182863549797217,0.6228688846538848,0.6604801671825498,2026-09-01,1.0602,proxy_ma7_eur_l
2024-07-12,2.492,1.0902,0.6038495271294311,GAZOLE,0.6082655025966804,0.6121912186377495,0.6185152158381904,0.6558636066541729,2026-09-01,1.0602,proxy_ma7_eur_l
2024-07-13,2.492,1.0902,0.6038495271294311,GAZOLE,0.6056572239316963,0.6082260783908819,0.6141615470224958,0.6512470461257956,2026-09-01,1.0602,proxy_ma7_eur_l
2024-07-14,2.492,1.0902,0.6038495271294311,GAZOLE,0.6038495271294311,0.6064991124097806,0.6098078782068014,0.6466304855974188,2026-09-01,1.0602,proxy_ma7_eur_l
2024-07-15,2.493,1.0912,0.6035382391210264,GAZOLE,0.603745764459963,0.6048718876091093,0.6069311654578381,0.6435800655745479,2026-09-01,1.0602,proxy_ma7_eur_l
2024-07-16,2.452,1.0885,0.5950848620874414,GAZOLE,0.6008242094459665,0.6020343365193522,0.6044455233224815,0.6409443305529975,2026-09-01,1.0602,proxy_ma7_eur_l
2024-07-17,2.469,1.0933,0.5965798932335759,GAZOLE,0.598400998147348,0.6005804097401811,0.6022891704809376,0.638657768612953,2026-09-01,1.0602,proxy_ma7_eur_l
2024-07-18,2.458,1.0913,0.5950104505601841,GAZOLE,0.5955584019604006,0.5988125944263317,0.6002517180557886,0.6364972867659,2026-09-01,1.0602,proxy_ma7_eur_l
2024-07-19,2.401,1.0888,0.5825469303011704,GAZOLE,0.5913790913649769,0.5945520750606796,0.5972084899374658,0.633270296518215,2026-09-01,1.0602,proxy_ma7_eur_l
2024-07-20,2.401,1.0888,0.5825469303011704,GAZOLE,0.5867014370541751,0.5903538132967083,0.5941652618191428,0.6300433062705298,2026-09-01,1.0602,proxy_ma7_eur_l
2024-07-21,2.401,1.0888,0.5825469303011704,GAZOLE,0.5825469303011704,0.5878462269394542,0.59112203370082,0.6268163160228449,2026-09-01,1.0602,proxy_ma7_eur_l
2024-07-22,2.416,1.088,0.5866173515600059,GAZOLE,0.583903737387449,0.5858537186047402,0.5887047640492454,0.6242530820856024,2026-09-01,1.0602,proxy_ma7_eur_l
2024-07-23,2.396,1.0855,0.5831010939199665,GAZOLE,0.5840884585937144,0.5834718472766968,0.5869927971681778,0.6224377398848969,2026-09-01,1.0602,proxy_ma7_eur_l
2024-07-24,2.424,1.0853,0.5900240071096948,GAZOLE,0.5865808175298892,0.5849672626384016,0.5860562420076232,0.6214446318259472,2026-09-01,1.0602,proxy_ma7_eur_l
2024-07-25,2.446,1.0861,0.594940465949757,GAZOLE,0.5893551889931397,0.5874459697681189,0.5860462442061337,0.6214340303177295,2026-09-01,1.0602,proxy_ma7_eur_l
2024-07-26,2.401,1.0859,0.5841026776976832,GAZOLE,0.5896890502523785,0.5877571192474215,0.5862684938342069,0.6216697002558539,2026-09-01,1.0602,proxy_ma7_eur_l
2024-07-27,2.401,1.0859,0.5841026776976832,GAZOLE,0.5877152737817081,0.587254184474957,0.5864907434622803,0.6219053701939786,2026-09-01,1.0602,proxy_ma7_eur_l
2024-07-28,2.401,1.0859,0.5841026776976832,GAZOLE,0.5841026776976832,0.5874545012305002,0.5867129930903534,0.6221410401321031,2026-09-01,1.0602,proxy_ma7_eur_l
2024-07-29,2.361,1.0819,0.5764952542911438,GAZOLE,0.5815668698955035,0.5847487506667901,0.5852669791948016,0.620607710208241,2026-09-01,1.0602,proxy_ma7_eur_l
2024-07-30,2.321,1.0809,0.5672525983192364,GAZOLE,0.5759501767693546,0.5792111771406859,0.5830029083946974,0.6182069258739956,2026-09-01,1.0602,proxy_ma7_eur_l
2024-07-31,2.39,1.0823,0.5833606256453615,GAZOLE,0.5757028260852474,0.5790627667302216,0.5820509967569355,0.6171975340531128,2026-09-01,1.0602,proxy_ma7_eur_l
2024-08-01,2.395,1.0789,0.5864232694390263,GAZOLE,0.5790121644678748,0.5795268850784903,0.5808342543982595,0.6159073199867562,2026-09-01,1.0602,proxy_ma7_eur_l
2024-08-02,2.29,1.0914,0.5542917352942641,GAZOLE,0.5746918767928841,0.5735646965978065,0.5765755483406283,0.6113914564427156,2026-09-01,1.0602,proxy_ma7_eur_l
2024-08-03,2.29,1.0914,0.5542917352942641,GAZOLE,0.5650022466758516,0.5691239927984304,0.5723168422829971,0.6068755928986752,2026-09-01,1.0602,proxy_ma7_eur_l
2024-08-04,2.29,1.0914,0.5542917352942641,GAZOLE,0.5542917352942641,0.566531820193436,0.5680581362253657,0.6023597293546347,2026-09-01,1.0602,proxy_ma7_eur_l
2024-08-05,2.276,1.0957,0.5487410707010548,GAZOLE,0.5524415137631945,0.5596079092045747,0.5640932528553531,0.5981554306721912,2026-09-01,1.0602,proxy_ma7_eur_l
2024-08-06,2.251,1.0926,0.5442534228978511,GAZOLE,0.5490954096310569,0.5511739398963396,0.5608076563665837,0.5946714368949092,2026-09-01,1.0602,proxy_ma7_eur_l
2024-08-07,2.313,1.0925,0.5592951552442996,GAZOLE,0.5507632162810686,0.5521746238863467,0.5573697320235749,0.5910259171061126,2026-09-01,1.0602,proxy_ma7_eur_l
2024-08-08,2.317,1.0914,0.5608270526972969,GAZOLE,0.5547918769464827,0.5534816873669532,0.5537131296318992,0.5871485146246641,2026-09-01,1.0602,proxy_ma7_eur_l
2024-08-09,2.3,1.0925,0.5561516891750493,GAZOLE,0.5587579657055488,0.5538536781431104,0.5539788373291542,0.587430266801773,2026-09-01,1.0602,proxy_ma7_eur_l
2024-08-10,2.3,1.0925,0.5561516891750493,GAZOLE,0.5577101436824653,0.5553358018379092,0.5542445450264093,0.587712018978882,2026-09-01,1.0602,proxy_ma7_eur_l
2024-08-11,2.3,1.0925,0.5561516891750493,GAZOLE,0.5561516891750493,0.557715455093349,0.5545102527236644,0.5879937711559912,2026-09-01,1.0602,proxy_ma7_eur_l
2024-08-12,2.361,1.0928,0.5707450728565049,GAZOLE,0.5610161504022013,0.56000543861579,0.5576536816030143,0.5913270126822767,2026-09-01,1.0602,proxy_ma7_eur_l
2024-08-13,2.343,1.0954,0.5650494053999834,GAZOLE,0.5639820558105126,0.5608499091563273,0.560624536246176,0.5944772592586182,2026-09-01,1.0602,proxy_ma7_eur_l
2024-08-14,2.32,1.1024,0.5559498924808638,GAZOLE,0.5639147902457843,0.5608095498174902,0.5601466415656853,0.5939705074104478,2026-09-01,1.0602,proxy_ma7_eur_l
2024-08-15,2.326,1.0986,0.5593156688376599,GAZOLE,0.5601049889061692,0.5614423457500123,0.5599307295857371,0.593741557812665,2026-09-01,1.0602,proxy_ma7_eur_l
2024-08-16,2.283,1.0996,0.5484765328607247,GAZOLE,0.5545806980597496,0.5599073144871474,0.5588342786836907,0.5925788988760359,2026-09-01,1.0602,proxy_ma7_eur_l
2024-08-17,2.283,1.0996,0.5484765328607247,GAZOLE,0.55208957818637,0.5554536064879914,0.5577378277816444,0.5914162399394068,2026-09-01,1.0602,proxy_ma7_eur_l
2024-08-18,2.283,1.0996,0.5484765328607247,GAZOLE,0.5484765328607247,0.5521390319801396,0.556641376879598,0.5902535810027778,2026-09-01,1.0602,proxy_ma7_eur_l
2024-08-19,2.218,1.107,0.5292986559443299,GAZOLE,0.5420839072219267,0.5468087846728328,0.5507204601778588,0.5839751359730316,2026-09-01,1.0602,proxy_ma7_eur_l
2024-08-20,2.219,1.1106,0.5278208033339918,GAZOLE,0.535198664046349,0.5405098115720992,0.5454020884541456,0.5783356199661132,2026-09-01,1.0602,proxy_ma7_eur_l
2024-08-21,2.206,1.1143,0.5229862222938845,GAZOLE,0.5267018938574023,0.5354117494587312,0.5406929927131486,0.5733421704313517,2026-09-01,1.0602,proxy_ma7_eur_l
2024-08-22,2.237,1.1114,0.5317193459827048,GAZOLE,0.5275087905368605,0.5320603120831271,0.5367506608767265,0.5691617850331373,2026-09-01,1.0602,proxy_ma7_eur_l
2024-08-23,2.278,1.1176,0.5384609299139783,GAZOLE,0.531055499396856,0.5300571914937778,0.5353198604557627,0.5676445872335264,2026-09-01,1.0602,proxy_ma7_eur_l
2024-08-24,2.278,1.1176,0.5384609299139783,GAZOLE,0.5362137352702206,0.5318896462877075,0.5338890600347989,0.5661273894339154,2026-09-01,1.0602,proxy_ma7_eur_l
2024-08-25,2.278,1.1176,0.5384609299139783,GAZOLE,0.5384609299139783,0.5340176716037048,0.5324582596138352,0.5646101916343044,2026-09-01,1.0602,proxy_ma7_eur_l
2024-08-26,2.314,1.1164,0.5475583385495838,GAZOLE,0.5414933994591803,0.5389320948548447,0.5350667857003,0.5673762308251137,2026-09-01,1.0602,proxy_ma7_eur_l
2024-08-27,2.26,1.116,0.534972077356107,GAZOLE,0.5403304486065564,0.5395826411295251,0.5360883962748879,0.5684595302798203,2026-09-01,1.0602,proxy_ma7_eur_l
2024-08-28,2.193,1.1127,0.5206518475972135,GAZOLE,0.5343940878343015,0.5360208246661722,0.5357549141753635,0.5681059112144392,2026-09-01,1.0602,proxy_ma7_eur_l
2024-08-29,2.254,1.1086,0.5371133014750735,GAZOLE,0.5309124088094648,0.5357512989783912,0.5365254792457018,0.5689230060461468,2026-09-01,1.0602,proxy_ma7_eur_l
2024-08-30,2.21,1.106,0.5278663975691753,GAZOLE,0.5285438488804876,0.5336323925094306,0.5350119746250156,0.5673181100406931,2026-09-01,1.0602,proxy_ma7_eur_l
2024-08-31,2.21,1.106,0.5278663975691753,GAZOLE,0.5309486988711415,0.5296940043133489,0.5334984700043296,0.5657132140352397,2026-09-01,1.0602,proxy_ma7_eur_l
2024-09-01,2.21,1.106,0.5278663975691753,GAZOLE,0.5278663975691753,0.5282728683559625,0.5319849653836434,0.564108318029786,2026-09-01,1.0602,proxy_ma7_eur_l
2024-09-02,2.21,1.106,0.5278663975691753,GAZOLE,0.5278663975691753,0.529715778350355,0.5291718309578707,0.5611253154402862,2026-09-01,1.0602,proxy_ma7_eur_l
2024-09-03,2.168,1.1043,0.5186317210110167,GAZOLE,0.5247881720497892,0.5260194622575436,0.5268374943371436,0.5586500223577382,2026-09-01,1.0602,proxy_ma7_eur_l
2024-09-04,2.112,1.1081,0.503502729519366,GAZOLE,0.5166669493665195,0.5211467286475817,0.5243876203260225,0.5560522152809878,2026-09-01,1.0602,proxy_ma7_eur_l
2024-09-05,2.128,1.1096,0.5066313332895998,GAZOLE,0.5095885946066611,0.5168997157916666,0.5200330534423834,0.551434702455778,2026-09-01,1.0602,proxy_ma7_eur_l
2024-09-06,2.082,1.1086,0.49612683836339977,GAZOLE,0.5020869670574554,0.5105518039505116,0.5154988306987012,0.5466266854403602,2026-09-01,1.0602,proxy_ma7_eur_l
2024-09-07,2.082,1.1086,0.49612683836339977,GAZOLE,0.49962833667213324,0.5042038921093563,0.510964607955019,0.5418186684249425,2026-09-01,1.0602,proxy_ma7_eur_l
2024-09-08,2.082,1.1086,0.49612683836339977,GAZOLE,0.49612683836339977,0.49970291557983304,0.5064303852113368,0.5370106514095248,2026-09-01,1.0602,proxy_ma7_eur_l
2024-09-09,2.116,1.1042,0.5062380572268086,GAZOLE,0.4994972446512029,0.5002499811213216,0.5033406223052843,0.5337343164198937,2026-09-01,1.0602,proxy_ma7_eur_l
2024-09-10,2.038,1.1025,0.4883289276244049,GAZOLE,0.4968979410715379,0.4965894999882825,0.4990116518214826,0.5291439456062056,2026-09-01,1.0602,proxy_ma7_eur_l
2024-09-11,2.064,1.1012,0.4951426771405906,GAZOLE,0.4965698873306015,0.49639266774372076,0.49781735862451476,0.5278775362705769,2026-09-01,1.0602,proxy_ma7_eur_l
2024-09-12,2.094,1.1041,0.5010200866207434,GAZOLE,0.4948305637952464,0.49737131739518947,0.4970157519575352,0.5270275254280614,2026-09-01,1.0602,proxy_ma7_eur_l
2024-09-13,2.064,1.1085,0.49188192698892047,GAZOLE,0.49601489691675166,0.4965223351202936,0.49640933604689536,0.5263844917304251,2026-09-01,1.0602,proxy_ma7_eur_l
2024-09-14,2.064,1.1085,0.49188192698892047,GAZOLE,0.4949279801995283,0.4936511090727159,0.4958029201362555,0.5257414580327888,2026-09-01,1.0602,proxy_ma7_eur_l
2024-09-15,2.064,1.1085,0.49188192698892047,GAZOLE,0.49188192698892047,0.49436170894561904,0.49519650422561556,0.5250984243351525,2026-09-01,1.0602,proxy_ma7_eur_l
2024-09-16,2.071,1.1123,0.4918639939168618,GAZOLE,0.49187594929823436,0.4937059723008733,0.4931430666099089,0.5229209920486217,2026-09-01,1.0602,proxy_ma7_eur_l
2024-09-17,2.118,1.1118,0.5032527495004123,GAZOLE,0.4956662234687317,0.49415250487680706,0.49527504116362425,0.5251817036435655,2026-09-01,1.0602,proxy_ma7_eur_l
2024-09-18,2.109,1.1116,0.501204442626246,GAZOLE,0.49877372868117353,0.49601700800427223,0.496141007661575,0.5260999606177582,2026-09-01,1.0602,proxy_ma7_eur_l
2024-09-19,2.147,1.1147,0.5088161805086073,GAZOLE,0.5044244575450887,0.4994038587082096,0.49725473535984127,0.5272809395917769,2026-09-01,1.0602,proxy_ma7_eur_l
2024-09-20,2.147,1.1159,0.5082690173070568,GAZOLE,0.5060965468139701,0.5026812767718368,0.4995957482624322,0.5297633120964478,2026-09-01,1.0602,proxy_ma7_eur_l
2024-09-21,2.147,1.1159,0.5082690173070568,GAZOLE,0.5084514050409071,0.5059622814498759,0.5019367611650231,0.5322456846011184,2026-09-01,1.0602,proxy_ma7_eur_l
2024-09-22,2.147,1.1159,0.5082690173070568,GAZOLE,0.5082690173070568,0.5069655350112047,0.5042777740676139,0.5347280571057891,2026-09-01,1.0602,proxy_ma7_eur_l
2024-09-23,2.129,1.113,0.505321023783017,GAZOLE,0.5072863527990438,0.5077888512425589,0.5062002069056362,0.5367665740289129,2026-09-01,1.0602,proxy_ma7_eur_l
2024-09-24,2.159,1.115,0.5115223865840739,GAZOLE,0.508370809224716,0.5083300924576523,0.5073815836318735,0.5380192869463103,2026-09-01,1.0602,proxy_ma7_eur_l
2024-09-25,2.134,1.1143,0.5059168623640748,GAZOLE,0.5075867575770555,0.5078596614690558,0.5080547864515633,0.5387331404102598,2026-09-01,1.0602,proxy_ma7_eur_l
2024-09-26,2.104,1.1184,0.4969760355521676,GAZOLE,0.5048050948334389,0.505601065118078,0.5063633371720719,0.5369395547449233,2026-09-01,1.0602,proxy_ma7_eur_l
2024-09-27,2.114,1.1159,0.5004567781029894,GAZOLE,0.5011165586730774,0.5040386172772645,0.5052473030000624,0.53575613002317,2026-09-01,1.0602,proxy_ma7_eur_l
2024-09-28,2.114,1.1159,0.5004567781029894,GAZOLE,0.4992965305860489,0.503065768141259,0.5041312688280527,0.5345727053014165,2026-09-01,1.0602,proxy_ma7_eur_l
2024-09-29,2.114,1.1159,0.5004567781029894,GAZOLE,0.5004567781029894,0.5008526464450421,0.503015234656043,0.5333892805796632,2026-09-01,1.0602,proxy_ma7_eur_l
2024-09-30,2.103,1.1145,0.4984780853379867,GAZOLE,0.4997972138479887,0.4993648910398245,0.5020376720210388,0.5323526888530467,2026-09-01,1.0602,proxy_ma7_eur_l
2024-10-01,2.16,1.1067,0.5155973914282106,GAZOLE,0.5048440849563957,0.5030891622150332,0.5026198155702011,0.5329699845281849,2026-09-01,1.0602,proxy_ma7_eur_l
2024-10-02,2.163,1.105,0.5171078273761764,GAZOLE,0.5103944347141248,0.5064193720696706,0.5042185248576442,0.5346652301945879,2026-09-01,1.0602,proxy_ma7_eur_l
2024-10-03,2.267,1.1015,0.5436931844720131,GAZOLE,0.5254661344254669,0.5150666533434752,0.510892403274765,0.5417421037410091,2026-09-01,1.0602,proxy_ma7_eur_l
2024-10-04,2.285,1.0961,0.5507099166484529,GAZOLE,0.537170309498881,0.5251172810525679,0.5180714230669741,0.5493546210931961,2026-09-01,1.0602,proxy_ma7_eur_l
2024-10-05,2.285,1.0961,0.5507099166484529,GAZOLE,0.5483710059229732,0.5355636473146612,0.5252504428591832,0.5569671384453831,2026-09-01,1.0602,proxy_ma7_eur_l
2024-10-06,2.285,1.0961,0.5507099166484529,GAZOLE,0.5507099166484529,0.5425861523587097,0.5324294626513922,0.5645796557975701,2026-09-01,1.0602,proxy_ma7_eur_l
2024-10-07,2.362,1.0976,0.5684897846847182,GAZOLE,0.5566365393272082,0.552862543820418,0.5424311339866396,0.5751852675376393,2026-09-01,1.0602,proxy_ma7_eur_l
2024-10-08,2.288,1.097,0.5509805431134399,GAZOLE,0.5567267481488706,0.5543200155487034,0.5474858699416724,0.5805452284072513,2026-09-01,1.0602,proxy_ma7_eur_l
2024-10-09,2.258,1.0951,0.544699565541685,GAZOLE,0.5547232977799479,0.5531179453273498,0.5514275468224593,0.5847249193010233,2026-09-01,1.0602,proxy_ma7_eur_l
2024-10-10,2.32,1.0925,0.5609877908200497,GAZOLE,0.5522226331583918,0.5551735201616691,0.5538982048721788,0.5873447654386842,2026-09-01,1.0602,proxy_ma7_eur_l
2024-10-11,2.326,1.0942,0.5615647905182355,GAZOLE,0.5557507156266569,0.5573444949356257,0.5554489011392906,0.5889890988690184,2026-09-01,1.0602,proxy_ma7_eur_l
2024-10-12,2.326,1.0942,0.5615647905182355,GAZOLE,0.5613724572855071,0.5559594961023291,0.5569995974064024,0.5906334322993526,2026-09-01,1.0602,proxy_ma7_eur_l
2024-10-13,2.326,1.0942,0.5615647905182355,GAZOLE,0.5615647905182355,0.5580763455832882,0.5585502936735142,0.5922777657296868,2026-09-01,1.0602,proxy_ma7_eur_l
2024-10-14,2.326,1.0942,0.5615647905182355,GAZOLE,0.5615647905182355,0.5614493905785983,0.5575610087925881,0.5912287439216568,2026-09-01,1.0602,proxy_ma7_eur_l
2024-10-15,2.173,1.0899,0.5266959076743338,GAZOLE,0.5499418295702685,0.5545910139494552,0.5540917751584301,0.5875500242630931,2026-09-01,1.0602,proxy_ma7_eur_l
2024-10-16,2.152,1.0873,0.5228531745376027,GAZOLE,0.5370379575767242,0.5468486907533286,0.550970862157847,0.5842406582132336,2026-09-01,1.0602,proxy_ma7_eur_l
2024-10-17,2.179,1.0837,0.5311718206961384,GAZOLE,0.5269069676360252,0.5407700967889092,0.546711437854431,0.5797240330528921,2026-09-01,1.0602,proxy_ma7_eur_l
2024-10-18,2.14,1.0854,0.5208477907190323,GAZOLE,0.5249575953175913,0.5326266968290685,0.540894723597402,0.5735560826228904,2026-09-01,1.0602,proxy_ma7_eur_l
2024-10-19,2.14,1.0854,0.5208477907190323,GAZOLE,0.5242891340447345,0.5244832968692279,0.535078009340373,0.5673881321928886,2026-09-01,1.0602,proxy_ma7_eur_l
2024-10-20,2.14,1.0854,0.5208477907190323,GAZOLE,0.5208477907190323,0.5233136734781676,0.5292612950833439,0.5612201817628868,2026-09-01,1.0602,proxy_ma7_eur_l
2024-10-21,2.166,1.082,0.5288324079554061,GAZOLE,0.5235093297978237,0.5245095201617282,0.5245852404315111,0.5562617684687094,2026-09-01,1.0602,proxy_ma7_eur_l
2024-10-22,2.218,1.0805,0.5422800667564768,GAZOLE,0.5306534218103053,0.5267311693737959,0.5268115488718174,0.5586225102027751,2026-09-01,1.0602,proxy_ma7_eur_l
2024-10-23,2.212,1.0779,0.5421176174192637,GAZOLE,0.5377433640437158,0.5309851347138423,0.529563612140626,0.5615407539177261,2026-09-01,1.0602,proxy_ma7_eur_l
2024-10-24,2.202,1.0806,0.5383183965321514,GAZOLE,0.5409053602359641,0.5344792558764662,0.5305845515457708,0.5626233416751286,2026-09-01,1.0602,proxy_ma7_eur_l
2024-10-25,2.222,1.0813,0.542856099454181,GAZOLE,0.5410973711351988,0.5388809176234959,0.533728595650792,0.5659572355768405,2026-09-01,1.0602,proxy_ma7_eur_l
2024-10-26,2.222,1.0813,0.542856099454181,GAZOLE,0.5413435318135047,0.5416856559232508,0.5368726397558132,0.5692911294785525,2026-09-01,1.0602,proxy_ma7_eur_l
2024-10-27,2.222,1.0813,0.542856099454181,GAZOLE,0.542856099454181,0.5418008624627916,0.5400166838608345,0.5726250233802646,2026-09-01,1.0602,proxy_ma7_eur_l
2024-10-28,2.135,1.0819,0.5213118881455281,GAZOLE,0.5356746956846302,0.5376397166080445,0.5389423238879947,0.5714857893103691,2026-09-01,1.0602,proxy_ma7_eur_l
2024-10-29,2.135,1.0798,0.52232573790021,GAZOLE,0.5288312418333065,0.5344411848816562,0.5360917054799567,0.5684630393077569,2026-09-01,1.0602,proxy_ma7_eur_l
2024-10-30,2.194,1.0864,0.533499155811651,GAZOLE,0.5257122606191299,0.5325697961531501,0.534860496678869,0.5671574852580779,2026-09-01,1.0602,proxy_ma7_eur_l
2024-10-31,2.213,1.0855,0.5385654093676485,GAZOLE,0.5314634343598367,0.5317116581358438,0.5348957842267973,0.5671949036074758,2026-09-01,1.0602,proxy_ma7_eur_l
2024-11-01,2.232,1.0848,0.5435398422413231,GAZOLE,0.538534802473541,0.5318484066932722,0.5349934617678175,0.5672984793040831,2026-09-01,1.0602,proxy_ma7_eur_l
2024-11-02,2.232,1.0848,0.5435398422413231,GAZOLE,0.5418816979500984,0.5362939975124312,0.5350911393088379,0.5674020550006905,2026-09-01,1.0602,proxy_ma7_eur_l
2024-11-03,2.232,1.0848,0.5435398422413231,GAZOLE,0.5435398422413231,0.5405368183806537,0.5351888168498581,0.5675056306972978,2026-09-01,1.0602,proxy_ma7_eur_l
2024-11-04,2.289,1.0884,0.5555768355823243,GAZOLE,0.5475521733549903,0.5449523543347885,0.540083809340829,0.5726962021617726,2026-09-01,1.0602,proxy_ma7_eur_l
2024-11-05,2.293,1.092,0.5547129267923392,GAZOLE,0.5512765348719957,0.5481818578197266,0.5447105506111332,0.5776023243377407,2026-09-01,1.0602,proxy_ma7_eur_l
2024-11-06,2.257,1.0732,0.5555686937871236,GAZOLE,0.5552861520539293,0.5505876281288866,0.5478633417504865,0.5809454934542537,2026-09-01,1.0602,proxy_ma7_eur_l
2024-11-07,2.267,1.0792,0.5549277638027451,GAZOLE,0.5550697947940696,0.552865212441171,0.5502008209555002,0.5834241188827355,2026-09-01,1.0602,proxy_ma7_eur_l
2024-11-08,2.228,1.071,0.5495567998636366,GAZOLE,0.5533510858178353,0.5540686039656337,0.5510603863301164,0.5843355882084931,2026-09-01,1.0602,proxy_ma7_eur_l
2024-11-09,2.228,1.071,0.5495567998636366,GAZOLE,0.551347121176673,0.5528645968218961,0.5519199517047326,0.5852470575342507,2026-09-01,1.0602,proxy_ma7_eur_l
2024-11-10,2.228,1.071,0.5495567998636366,GAZOLE,0.5495567998636366,0.5518333714361556,0.5527795170793489,0.5861585268600082,2026-09-01,1.0602,proxy_ma7_eur_l
2024-11-11,2.228,1.071,0.5495567998636366,GAZOLE,0.5495567998636366,0.5506309926514583,0.5519195119766792,0.5852465912536811,2026-09-01,1.0602,proxy_ma7_eur_l
2024-11-12,2.194,1.0598,0.546889491294374,GAZOLE,0.548667697007216,0.5490233381497841,0.5508018783341128,0.5840614704790236,2026-09-01,1.0602,proxy_ma7_eur_l
2024-11-13,2.201,1.0567,0.5502438603579869,GAZOLE,0.5488967171719993,0.5491607502486542,0.5500411878442361,0.5832548464939338,2026-09-01,1.0602,proxy_ma7_eur_l
2024-11-14,2.197,1.0562,0.5495038809229805,GAZOLE,0.548879077525114,0.549150166460523,0.5492663474328411,0.5824332181591962,2026-09-01,1.0602,proxy_ma7_eur_l
2024-11-15,2.158,1.0552,0.5402608879727865,GAZOLE,0.5466695430845848,0.547290984082353,0.5479383600198625,0.5810250416229293,2026-09-01,1.0602,proxy_ma7_eur_l
2024-11-16,2.158,1.0552,0.5402608879727865,GAZOLE,0.5433418856228514,0.5454318017041829,0.5466103726068839,0.5796168650866622,2026-09-01,1.0602,proxy_ma7_eur_l
2024-11-17,2.158,1.0552,0.5402608879727865,GAZOLE,0.5402608879727865,0.5441060810398655,0.5452823851939054,0.5782086885503953,2026-09-01,1.0602,proxy_ma7_eur_l
2024-11-18,2.242,1.0586,0.5594877587256459,GAZOLE,0.5466698448904065,0.5459548607133972,0.5467010936027638,0.579713064174467,2026-09-01,1.0602,proxy_ma7_eur_l
2024-11-19,2.223,1.0578,0.5551658842807372,GAZOLE,0.5516381769930567,0.5470872613849485,0.5478834354579585,0.5809668004991189,2026-09-01,1.0602,proxy_ma7_eur_l
2024-11-20,2.217,1.0521,0.5566670849520151,GAZOLE,0.5571069093194663,0.5503685007807941,0.5488010389713912,0.5819398125356666,2026-09-01,1.0602,proxy_ma7_eur_l
2024-11-21,2.248,1.0475,0.5669296168984416,GAZOLE,0.5595875287103982,0.5557022465659253,0.5512904298250285,0.5845795226379087,2026-09-01,1.0602,proxy_ma7_eur_l
2024-11-22,2.256,1.0399,0.5731052506202354,GAZOLE,0.5655673174902308,0.562271119095415,0.5559824816318069,0.5895548990584087,2026-09-01,1.0602,proxy_ma7_eur_l
2024-11-23,2.256,1.0399,0.5731052506202354,GAZOLE,0.5710467060463044,0.564994617474333,0.5606745334385853,0.594530275478909,2026-09-01,1.0602,proxy_ma7_eur_l
2024-11-24,2.256,1.0399,0.5731052506202354,GAZOLE,0.5731052506202354,0.5685824907422325,0.5653665852453637,0.5995056518994092,2026-09-01,1.0602,proxy_ma7_eur_l
2024-11-25,2.225,1.0478,0.560968521184272,GAZOLE,0.5690596741415811,0.5694427779886839,0.5655781227394532,0.5997299628626053,2026-09-01,1.0602,proxy_ma7_eur_l
2024-11-26,2.219,1.0481,0.5592956628019572,GAZOLE,0.564456478202155,0.5679159871693871,0.5661680910996274,0.6003555558417389,2026-09-01,1.0602,proxy_ma7_eur_l
2024-11-27,2.18,1.0575,0.544581630393157,GAZOLE,0.5549486047931289,0.5622112631239713,0.5644415975912191,0.5985248098385785,2026-09-01,1.0602,proxy_ma7_eur_l
2024-11-28,2.18,1.0575,0.544581630393157,GAZOLE,0.5494863078627572,0.5565065390785557,0.5612490280904642,0.5951394603861455,2026-09-01,1.0602,proxy_ma7_eur_l
2024-11-29,2.165,1.0547,0.5422703075333188,GAZOLE,0.5438111894398777,0.5503395504611723,0.5568440362209047,0.5904684777152724,2026-09-01,1.0602,proxy_ma7_eur_l
2024-11-30,2.165,1.0547,0.5422703075333188,GAZOLE,0.5430407484865983,0.5465999077309818,0.5524390443513452,0.5857974950443992,2026-09-01,1.0602,proxy_ma7_eur_l
2024-12-01,2.165,1.0547,0.5422703075333188,GAZOLE,0.5422703075333188,0.5431948366772541,0.5480340524817857,0.581126512373526,2026-09-01,1.0602,proxy_ma7_eur_l
2024-12-02,2.151,1.0484,0.5420012253170328,GAZOLE,0.5421806134612236,0.5426787556620293,0.5453244387864659,0.5782532815049147,2026-09-01,1.0602,proxy_ma7_eur_l
2024-12-03,2.184,1.0518,0.5485375188725956,GAZOLE,0.5442696839076492,0.5434699333579169,0.5437875610822712,0.5766236010568865,2026-09-01,1.0602,proxy_ma7_eur_l
2024-12-04,2.154,1.0527,0.540540135631663,GAZOLE,0.5436929599404307,0.5431238989775858,0.5432102046877721,0.5760113816037112,2026-09-01,1.0602,proxy_ma7_eur_l
2024-12-05,2.143,1.0571,0.5355412999749428,GAZOLE,0.5415396514930674,0.5417780974659105,0.5419187289137415,0.5746419214233107,2026-09-01,1.0602,proxy_ma7_eur_l
2024-12-06,2.109,1.0563,0.5274437739499527,GAZOLE,0.5345084031855197,0.5388127907492374,0.5398006526875464,0.5723959473917773,2026-09-01,1.0602,proxy_ma7_eur_l
2024-12-07,2.109,1.0563,0.5274437739499527,GAZOLE,0.5301429492916162,0.5359013004758213,0.5376825764613512,0.5701499733602441,2026-09-01,1.0602,proxy_ma7_eur_l
2024-12-08,2.109,1.0563,0.5274437739499527,GAZOLE,0.5274437739499527,0.5316825514912928,0.5355645002351561,0.5679039993287108,2026-09-01,1.0602,proxy_ma7_eur_l
2024-12-09,2.16,1.057,0.5398407124821198,GAZOLE,0.5315760867940086,0.5315426668613842,0.5352558555444542,0.5675767174529625,2026-09-01,1.0602,proxy_ma7_eur_l
2024-12-10,2.161,1.0512,0.5430705908922744,GAZOLE,0.5367850257747825,0.5330485250448505,0.5344748658329798,0.5667485684991275,2026-09-01,1.0602,proxy_ma7_eur_l
2024-12-11,2.207,1.0508,0.5548417582360426,GAZOLE,0.5459176872034791,0.5385281219020684,0.5365179547764626,0.5689150272197461,2026-09-01,1.0602,proxy_ma7_eur_l
2024-12-12,2.217,1.0514,0.5570377021856716,GAZOLE,0.5516500171046631,0.5444469075492122,0.5395888693779952,0.5721713757698116,2026-09-01,1.0602,proxy_ma7_eur_l
2024-12-13,2.248,1.0498,0.5656875344838234,GAZOLE,0.559188998301846,0.5520956596559863,0.5450522637399767,0.5779646714544898,2026-09-01,1.0602,proxy_ma7_eur_l
2024-12-14,2.248,1.0498,0.5656875344838234,GAZOLE,0.5628042570511064,0.557265024056327,0.5505156581019582,0.5837579671391682,2026-09-01,1.0602,proxy_ma7_eur_l
2024-12-15,2.248,1.0498,0.5656875344838234,GAZOLE,0.5656875344838234,0.5617884127746369,0.5559790524639399,0.5895512628238465,2026-09-01,1.0602,proxy_ma7_eur_l
2024-12-16,2.239,1.0512,0.5626723984302647,GAZOLE,0.5646824891326373,0.5633545408134812,0.5592407218851034,0.5930098847227097,2026-09-01,1.0602,proxy_ma7_eur_l
2024-12-17,2.209,1.0506,0.5554502795156576,GAZOLE,0.5612700708099155,0.5630370562794784,0.5610092488313009,0.5948852023085935,2026-09-01,1.0602,proxy_ma7_eur_l
2024-12-18,2.222,1.0469,0.5606937628615969,GAZOLE,0.5596054802691732,0.5620383019550332,0.5618452494920944,0.5957716839900673,2026-09-01,1.0602,proxy_ma7_eur_l
2024-12-19,2.206,1.0357,0.5626760138090909,GAZOLE,0.5596066853954486,0.5614359978200867,0.5626507225811543,0.5966257947244941,2026-09-01,1.0602,proxy_ma7_eur_l
2024-12-20,2.216,1.043,0.5612706308970825,GAZOLE,0.5615468025225904,0.5605526171027385,0.5620197363544771,0.5959567070581271,2026-09-01,1.0602,proxy_ma7_eur_l
2024-12-21,2.216,1.043,0.5612706308970825,GAZOLE,0.5617390918677522,0.560272263596102,0.5613887501277998,0.59528761939176,2026-09-01,1.0602,proxy_ma7_eur_l
2024-12-22,2.216,1.043,0.5612706308970825,GAZOLE,0.5612706308970825,0.5614363338723871,0.5607577639011225,0.594618531725393,2026-09-01,1.0602,proxy_ma7_eur_l
2024-12-23,2.215,1.0409,0.5621491939411074,GAZOLE,0.5615634852450909,0.5617274200882891,0.5606830204026715,0.5945392749193958,2026-09-01,1.0602,proxy_ma7_eur_l
2024-12-24,2.204,1.0388,0.5604882589500955,GAZOLE,0.5613026945960953,0.56128986911649,0.5614027317504483,0.5953024452799877,2026-09-01,1.0602,proxy_ma7_eur_l
2024-12-25,2.204,1.0388,0.5604882589500955,GAZOLE,0.5610419039470996,0.5611333947270927,0.5613733740488053,0.5952713148444065,2026-09-01,1.0602,proxy_ma7_eur_l
2024-12-26,2.184,1.0423,0.5535371412742937,GAZOLE,0.5581712197248284,0.5595866968025349,0.5600678208295485,0.5938869271670552,2026-09-01,1.0602,proxy_ma7_eur_l
2024-12-27,2.217,1.0423,0.5619010266506909,GAZOLE,0.5586421422916935,0.5597127759532565,0.5601578773657783,0.5939824216725126,2026-09-01,1.0602,proxy_ma7_eur_l
2024-12-28,2.217,1.0423,0.5619010266506909,GAZOLE,0.5591130648585586,0.5596631424951732,0.560247933902008,0.5940779161779701,2026-09-01,1.0602,proxy_ma7_eur_l
2024-12-29,2.217,1.0423,0.5619010266506909,GAZOLE,0.5619010266506909,0.5599456960352923,0.5603379904382378,0.5941734106834278,2026-09-01,1.0602,proxy_ma7_eur_l
2024-12-30,2.284,1.0386,0.5809445095185933,GAZOLE,0.5682488542733252,0.5640369461489919,0.5630230355207357,0.5970205893893706,2026-09-01,1.0602,proxy_ma7_eur_l
2024-12-31,2.314,1.0351,0.5905652875632843,GAZOLE,0.5778036079108564,0.5714425754067901,0.5673197538940485,0.6015767605827975,2026-09-01,1.0602,proxy_ma7_eur_l
2025-01-01,2.314,1.0351,0.5905652875632843,GAZOLE,0.5873583615483875,0.5771754275893087,0.5716164722673611,0.6061329317762242,2026-09-01,1.0602,proxy_ma7_eur_l
2025-01-02,2.352,1.0261,0.6055283765192135,GAZOLE,0.5955529838819276,0.5859008975630132,0.5790437915880641,0.6140087419627966,2026-09-01,1.0602,proxy_ma7_eur_l
2025-01-03,2.352,1.0292,0.6037044958670473,GAZOLE,0.599932719983182,0.5942615914062845,0.5850157157618291,0.6203412744971222,2026-09-01,1.0602,proxy_ma7_eur_l
2025-01-04,2.352,1.0292,0.6037044958670473,GAZOLE,0.6043124560844363,0.5988135886759753,0.5909876399355944,0.6266738070314481,2026-09-01,1.0602,proxy_ma7_eur_l
2025-01-05,2.352,1.0292,0.6037044958670473,GAZOLE,0.6037044958670473,0.6014414303367279,0.5969595641093596,0.6330063395657739,2026-09-01,1.0602,proxy_ma7_eur_l
2025-01-06,2.358,1.0397,0.5991321529869327,GAZOLE,0.602180381573676,0.6031548034214577,0.5995577988905509,0.6357614660216643,2026-09-01,1.0602,proxy_ma7_eur_l
2025-01-07,2.363,1.0369,0.6020238786018949,GAZOLE,0.6016201758186251,0.6024539038379939,0.6011947404674954,0.6374972525941612,2026-09-01,1.0602,proxy_ma7_eur_l
2025-01-08,2.356,1.0313,0.6034998112632576,GAZOLE,0.6015519476173619,0.602412966917236,0.6030425295674915,0.6394566184956408,2026-09-01,1.0602,proxy_ma7_eur_l
2025-01-09,2.356,1.0298,0.6043788651736236,GAZOLE,0.6033008516795921,0.6025478407785513,0.6028783136609787,0.6392824865843191,2026-09-01,1.0602,proxy_ma7_eur_l
2025-01-10,2.501,1.0238,0.6453353222775241,GAZOLE,0.6177379995714686,0.6108740060606466,0.608825574576761,0.6455888665957671,2026-09-01,1.0602,proxy_ma7_eur_l
2025-01-11,2.501,1.0238,0.6453353222775241,GAZOLE,0.6316831699095574,0.6201146399187648,0.6147728354925434,0.651895246607215,2026-09-01,1.0602,proxy_ma7_eur_l
2025-01-12,2.501,1.0238,0.6453353222775241,GAZOLE,0.6453353222775241,0.6287769286538907,0.6207200964083259,0.6582016266186632,2026-09-01,1.0602,proxy_ma7_eur_l
2025-01-13,2.527,1.0209,0.653896342745657,GAZOLE,0.6481889957669019,0.6388562349503706,0.6285435520881436,0.666497493441779,2026-09-01,1.0602,proxy_ma7_eur_l
2025-01-14,2.535,1.0292,0.6506764017954784,GAZOLE,0.64996935560622,0.6481157422747416,0.6354939125443698,0.6738675441044609,2026-09-01,1.0602,proxy_ma7_eur_l
2025-01-15,2.624,1.0282,0.6741757103557493,GAZOLE,0.6595828182989618,0.6538838198903866,0.645590469557583,0.6845737710943688,2026-09-01,1.0602,proxy_ma7_eur_l
2025-01-16,2.615,1.0303,0.6704939502247483,GAZOLE,0.6651153541253255,0.6589155454798314,0.6550354817077436,0.6945891103698981,2026-09-01,1.0602,proxy_ma7_eur_l
2025-01-17,2.629,1.0287,0.6751320362103356,GAZOLE,0.6732672322636112,0.6648748882663937,0.6592921551267167,0.6991028185365328,2026-09-01,1.0602,proxy_ma7_eur_l
2025-01-18,2.629,1.0287,0.6751320362103356,GAZOLE,0.6735860075484733,0.6691220269593294,0.6635488285456898,0.7036165267031674,2026-09-01,1.0602,proxy_ma7_eur_l
2025-01-19,2.629,1.0287,0.6751320362103356,GAZOLE,0.6751320362103356,0.6740131538423009,0.6678055019646628,0.708130234869802,2026-09-01,1.0602,proxy_ma7_eur_l
2025-01-20,2.629,1.0287,0.6751320362103356,GAZOLE,0.6751320362103356,0.6742044190132181,0.6708391724596169,0.7113470903670829,2026-09-01,1.0602,proxy_ma7_eur_l
2025-01-21,2.568,1.0423,0.6508623529269166,GAZOLE,0.6670421417825295,0.6702780995536518,0.6708657369069652,0.7113752588806465,2026-09-01,1.0602,proxy_ma7_eur_l
2025-01-22,2.496,1.042,0.6327960102552193,GAZOLE,0.652930133130824,0.6618108943626285,0.6649543511783181,0.705106920341779,2026-09-01,1.0602,proxy_ma7_eur_l
2025-01-23,2.49,1.042,0.631274865999798,GAZOLE,0.6383110763939781,0.653039460320521,0.659351624860468,0.6991658792876123,2026-09-01,1.0602,proxy_ma7_eur_l
2025-01-24,2.529,1.0515,0.6353695866987706,GAZOLE,0.6331468209845962,0.645086970418208,0.6536712749302444,0.6931425274008758,2026-09-01,1.0602,proxy_ma7_eur_l
2025-01-25,2.529,1.0515,0.6353695866987706,GAZOLE,0.6340046797991132,0.637134480515895,0.6479909250000209,0.6871191755141394,2026-09-01,1.0602,proxy_ma7_eur_l
2025-01-26,2.529,1.0515,0.6353695866987706,GAZOLE,0.6353695866987706,0.6340359272702658,0.6423105750697973,0.6810958236274028,2026-09-01,1.0602,proxy_ma7_eur_l
2025-01-27,2.484,1.0492,0.625432117858979,GAZOLE,0.632057097085507,0.6325631487910177,0.6352105867338892,0.673567109962888,2026-09-01,1.0602,proxy_ma7_eur_l
2025-01-28,2.47,1.0427,0.6257839928307535,GAZOLE,0.6288618991295012,0.6314649741572089,0.6316279638630088,0.6697681541777938,2026-09-01,1.0602,proxy_ma7_eur_l
2025-01-29,2.478,1.0416,0.6284738342391434,GAZOLE,0.6265633149762921,0.6300858236652834,0.6310105101464265,0.6691134161679118,2026-09-01,1.0602,proxy_ma7_eur_l
2025-01-30,2.508,1.042,0.6358382987660616,GAZOLE,0.6300320419453197,0.6301795660787416,0.6316624291130356,0.6698047005756963,2026-09-01,1.0602,proxy_ma7_eur_l
2025-01-31,2.454,1.04,0.6233444389297079,GAZOLE,0.6292188573116378,0.6277745365249292,0.6299445508603123,0.6679830900513748,2026-09-01,1.0602,proxy_ma7_eur_l
2025-02-01,2.454,1.04,0.6233444389297079,GAZOLE,0.6275090588751594,0.6273570007390747,0.6282266726075891,0.6661614795270533,2026-09-01,1.0602,proxy_ma7_eur_l
2025-02-02,2.454,1.04,0.6233444389297079,GAZOLE,0.6233444389297079,0.6268690899588657,0.626508794354866,0.6643398690027319,2026-09-01,1.0602,proxy_ma7_eur_l
2025-02-03,2.456,1.0277,0.6313190236368712,GAZOLE,0.6260026338320959,0.6274381278384114,0.6273497808945647,0.6652316376301649,2026-09-01,1.0602,proxy_ma7_eur_l
2025-02-04,2.501,1.0379,0.6365683620269093,GAZOLE,0.6304106081978297,0.6275841404905809,0.6288904050654442,0.6668652907713287,2026-09-01,1.0602,proxy_ma7_eur_l
2025-02-05,2.441,1.0419,0.6189115844190808,GAZOLE,0.6289329900276206,0.6266975695884553,0.6275243693768637,0.6654167684543529,2026-09-01,1.0602,proxy_ma7_eur_l
2025-02-06,2.459,1.0368,0.6265423193949528,GAZOLE,0.6273407552803145,0.6273371456815043,0.6261963723238483,0.6640085816959455,2026-09-01,1.0602,proxy_ma7_eur_l
2025-02-07,2.496,1.0329,0.6383710356142304,GAZOLE,0.6279416464760882,0.6303424650184088,0.6283430289930657,0.666284861970495,2026-09-01,1.0602,proxy_ma7_eur_l
2025-02-08,2.496,1.0329,0.6383710356142304,GAZOLE,0.6344281302078048,0.6317528674138807,0.6304896856622833,0.6685611422450445,2026-09-01,1.0602,proxy_ma7_eur_l
2025-02-09,2.496,1.0329,0.6383710356142304,GAZOLE,0.6383710356142304,0.6321134021313449,0.6326363423315007,0.670837422519594,2026-09-01,1.0602,proxy_ma7_eur_l
2025-02-10,2.505,1.0312,0.641729044954579,GAZOLE,0.6394903720610134,0.6366768942384445,0.6341234882340304,0.6724143681634167,2026-09-01,1.0602,proxy_ma7_eur_l
2025-02-11,2.568,1.0346,0.6557063893830709,GAZOLE,0.6452688233172936,0.6425097082360682,0.6368574921420534,0.6753134620220741,2026-09-01,1.0602,proxy_ma7_eur_l
2025-02-12,2.497,1.0392,0.6347552104871985,GAZOLE,0.6440635482749496,0.6417865432106619,0.6391208672946417,0.6777135087028598,2026-09-01,1.0602,proxy_ma7_eur_l
2025-02-13,2.7,1.0428,0.6839897788329505,GAZOLE,0.6581504595677402,0.6509102918544059,0.6473276472143557,0.686415846396956,2026-09-01,1.0602,proxy_ma7_eur_l
2025-02-14,2.491,1.0498,0.6268361425263361,GAZOLE,0.6485270439488285,0.648603313236827,0.6456798053446565,0.6846685013289902,2026-09-01,1.0602,proxy_ma7_eur_l
2025-02-15,2.491,1.0498,0.6268361425263361,GAZOLE,0.6458873546285411,0.6456247327511784,0.6440319634749574,0.6829211562610245,2026-09-01,1.0602,proxy_ma7_eur_l
2025-02-16,2.491,1.0498,0.6268361425263361,GAZOLE,0.6268361425263361,0.6398506833798315,0.6423841216052582,0.6811738111930585,2026-09-01,1.0602,proxy_ma7_eur_l
2025-02-17,2.491,1.0498,0.6268361425263361,GAZOLE,0.6268361425263361,0.638266869787659,0.6402565641155091,0.6789177833818432,2026-09-01,1.0602,proxy_ma7_eur_l
2025-02-18,2.477,1.0457,0.6257570753477418,GAZOLE,0.6264764534668049,0.6266203290906173,0.6359780906818908,0.6743809588296059,2026-09-01,1.0602,proxy_ma7_eur_l
2025-02-19,2.482,1.0406,0.6300932480808422,GAZOLE,0.627562155318307,0.6272717502015185,0.6353120960524112,0.6736747488148517,2026-09-01,1.0602,proxy_ma7_eur_l
2025-02-20,2.511,1.0475,0.6332563469893181,GAZOLE,0.6297022234726342,0.6285557910941149,0.6280644629318923,0.6659894749906856,2026-09-01,1.0602,proxy_ma7_eur_l
2025-02-21,2.442,1.0455,0.6170331438150152,GAZOLE,0.6267942462950588,0.6265951913518506,0.6266640345445609,0.6645044832080155,2026-09-01,1.0602,proxy_ma7_eur_l
2025-02-22,2.442,1.0455,0.6170331438150152,GAZOLE,0.6224408782064498,0.6246345916095865,0.6252636061572293,0.6630194914253453,2026-09-01,1.0602,proxy_ma7_eur_l
2025-02-23,2.442,1.0455,0.6170331438150152,GAZOLE,0.6170331438150152,0.6228898053030412,0.6238631777698976,0.6615344996426751,2026-09-01,1.0602,proxy_ma7_eur_l
2025-02-24,2.457,1.0478,0.6194605197976432,GAZOLE,0.617842269142558,0.6207632596464013,0.6228095173800844,0.6604172150783575,2026-09-01,1.0602,proxy_ma7_eur_l
2025-02-25,2.388,1.0498,0.6009171852079047,GAZOLE,0.6124702829401879,0.6142954272901187,0.619260961645822,0.6566543835380975,2026-09-01,1.0602,proxy_ma7_eur_l
2025-02-26,2.344,1.0514,0.5889473946428571,GAZOLE,0.6031083665494684,0.608678277455687,0.6133829825832526,0.650421468891705,2026-09-01,1.0602,proxy_ma7_eur_l
2025-02-27,2.385,1.0414,0.6050032119014632,GAZOLE,0.5982892639174086,0.6062722910729766,0.6093468204278448,0.6461415873293743,2026-09-01,1.0602,proxy_ma7_eur_l
2025-02-28,2.352,1.0402,0.5973203875662036,GAZOLE,0.5970903313701749,0.6023297398232144,0.6065307123923003,0.6431554315718041,2026-09-01,1.0602,proxy_ma7_eur_l
2025-03-01,2.352,1.0402,0.5973203875662036,GAZOLE,0.5998813290112904,0.5979017133769264,0.6037146043567558,0.6401692758142339,2026-09-01,1.0602,proxy_ma7_eur_l
2025-03-02,2.352,1.0402,0.5973203875662036,GAZOLE,0.5973203875662036,0.5971823538485863,0.6008984963212113,0.6371831200566636,2026-09-01,1.0602,proxy_ma7_eur_l
2025-03-03,2.231,1.0496,0.5615166242483127,GAZOLE,0.5853857997935735,0.5916961997696774,0.5926207969570212,0.6284055805220227,2026-09-01,1.0602,proxy_ma7_eur_l
2025-03-04,2.302,1.0534,0.5772964349045545,GAZOLE,0.5787111489063571,0.5861548443702956,0.5892464040565427,0.6248274284550976,2026-09-01,1.0602,proxy_ma7_eur_l
2025-03-05,2.284,1.0768,0.5603352224981528,GAZOLE,0.5663827605503402,0.5787578113566855,0.5851589508930134,0.6204931587310627,2026-09-01,1.0602,proxy_ma7_eur_l
2025-03-06,2.259,1.0818,0.5516404753901435,GAZOLE,0.5630907109309504,0.5696218289214735,0.5775357028199678,0.6124095888404957,2026-09-01,1.0602,proxy_ma7_eur_l
2025-03-07,2.239,1.0859,0.5446921679987976,GAZOLE,0.5522226219623648,0.5590961850079922,0.5700173857389098,0.6044372860895115,2026-09-01,1.0602,proxy_ma7_eur_l
2025-03-08,2.239,1.0859,0.5446921679987976,GAZOLE,0.5470082704625797,0.5557312937580893,0.5624990686578517,0.5964649833385273,2026-09-01,1.0602,proxy_ma7_eur_l
2025-03-09,2.239,1.0859,0.5446921679987976,GAZOLE,0.5446921679987976,0.5492104403769378,0.5549807515767938,0.5884926805875432,2026-09-01,1.0602,proxy_ma7_eur_l
2025-03-10,2.191,1.0837,0.5340970441235611,GAZOLE,0.5411604600403856,0.5439628047020195,0.5510636687018292,0.5843390687827696,2026-09-01,1.0602,proxy_ma7_eur_l
2025-03-11,2.22,1.0927,0.536709029225853,GAZOLE,0.5384994137827374,0.5409765154691614,0.5452654678905862,0.578190749713507,2026-09-01,1.0602,proxy_ma7_eur_l
2025-03-12,2.215,1.0925,0.5355982571837975,GAZOLE,0.5354681101777374,0.5391577333061613,0.5417316157028211,0.5744435095779359,2026-09-01,1.0602,proxy_ma7_eur_l
2025-03-13,2.164,1.0859,0.5264465616567209,GAZOLE,0.5329179493554572,0.5355086120377461,0.5381324851694751,0.570627049332539,2026-09-01,1.0602,proxy_ma7_eur_l
2025-03-14,2.172,1.0872,0.5277609434528131,GAZOLE,0.5299352540977773,0.5321223671285491,0.535713738805763,0.5680622495134496,2026-09-01,1.0602,proxy_ma7_eur_l
2025-03-15,2.172,1.0872,0.5277609434528131,GAZOLE,0.5273228161874491,0.5308551469943995,0.5332949924420508,0.56549744969436,2026-09-01,1.0602,proxy_ma7_eur_l
2025-03-16,2.172,1.0872,0.5277609434528131,GAZOLE,0.5277609434528131,0.5290655298397915,0.5308762460783388,0.5629326498752707,2026-09-01,1.0602,proxy_ma7_eur_l
2025-03-17,2.21,1.0922,0.5345360151176598,GAZOLE,0.5300193006744288,0.528853081426564,0.5309389562203529,0.562999146703258,2026-09-01,1.0602,proxy_ma7_eur_l
2025-03-18,2.205,1.0927,0.5330826168662188,GAZOLE,0.5317931918122308,0.5301802924684635,0.5304208973118338,0.5624498053523905,2026-09-01,1.0602,proxy_ma7_eur_l
2025-03-19,2.241,1.0877,0.5442765186490859,GAZOLE,0.5372983835443218,0.533483407507718,0.5316606489497321,0.5637644180890966,2026-09-01,1.0602,proxy_ma7_eur_l
2025-03-20,2.259,1.0848,0.5501149209781133,GAZOLE,0.5424913521644729,0.5379542030127782,0.5350418431385024,0.5673497821329542,2026-09-01,1.0602,proxy_ma7_eur_l
2025-03-21,2.257,1.0806,0.551764133048622,GAZOLE,0.5487185242252739,0.5427548409319399,0.538470870223618,0.5709858674122968,2026-09-01,1.0602,proxy_ma7_eur_l
2025-03-22,2.257,1.0806,0.551764133048622,GAZOLE,0.551214395691786,0.5462004645181324,0.5418998973087336,0.5746219526916396,2026-09-01,1.0602,proxy_ma7_eur_l
2025-03-23,2.257,1.0806,0.551764133048622,GAZOLE,0.551764133048622,0.5499367677546131,0.5453289243938492,0.5782580379709824,2026-09-01,1.0602,proxy_ma7_eur_l
2025-03-24,2.266,1.0794,0.5545802025602783,GAZOLE,0.5527028228858409,0.5519975045368516,0.5481923797427946,0.581294400059678,2026-09-01,1.0602,proxy_ma7_eur_l
2025-03-25,2.296,1.0804,0.5614022882398266,GAZOLE,0.5559155412829092,0.5542549779891942,0.5522380470818815,0.5855843607662078,2026-09-01,1.0602,proxy_ma7_eur_l
2025-03-26,2.299,1.0781,0.5633350787231084,GAZOLE,0.5597725231744046,0.5565691671240914,0.5549606985210275,0.5884714166490942,2026-09-01,1.0602,proxy_ma7_eur_l
2025-03-27,2.286,1.08,0.5591641774914141,GAZOLE,0.5613005148181166,0.5580491760126499,0.5562534494514991,0.5898422289849162,2026-09-01,1.0602,proxy_ma7_eur_l
2025-03-28,2.268,1.0826,0.5534289809239614,GAZOLE,0.5586427457128281,0.5583821455877177,0.5564912848622618,0.5900944258368265,2026-09-01,1.0602,proxy_ma7_eur_l
2025-03-29,2.268,1.0826,0.5534289809239614,GAZOLE,0.5553407131131124,0.5581519012604544,0.5567291202730246,0.5903466226887366,2026-09-01,1.0602,proxy_ma7_eur_l
2025-03-30,2.268,1.0826,0.5534289809239614,GAZOLE,0.5534289809239614,0.5565572397972813,0.5569669556837874,0.5905988195406469,2026-09-01,1.0602,proxy_ma7_eur_l
2025-03-31,2.31,1.0796,0.56524401717981,GAZOLE,0.5573673263425778,0.5569390274886217,0.558490357772292,0.592214210662104,2026-09-01,1.0602,proxy_ma7_eur_l
2025-04-01,2.298,1.08,0.5620994225176158,GAZOLE,0.5602574735404625,0.557526076493862,0.5585899483834046,0.5923198149475292,2026-09-01,1.0602,proxy_ma7_eur_l
2025-04-02,2.31,1.0868,0.5614993015709633,GAZOLE,0.5629475804227965,0.5591401406232623,0.5583276945045268,0.5920417251439877,2026-09-01,1.0602,proxy_ma7_eur_l
2025-04-03,2.186,1.1052,0.5225118588987626,GAZOLE,0.5487035276624475,0.5529567162182226,0.5530916489912908,0.5864895065291836,2026-09-01,1.0602,proxy_ma7_eur_l
2025-04-04,2.102,1.1014,0.5041671091854258,GAZOLE,0.5293927565517175,0.5431043418705155,0.5460542387429286,0.5790271496642179,2026-09-01,1.0602,proxy_ma7_eur_l
2025-04-05,2.102,1.1014,0.5041671091854258,GAZOLE,0.5102820257565382,0.5308889602716387,0.5390168284945663,0.5715647927992522,2026-09-01,1.0602,proxy_ma7_eur_l
2025-04-06,2.102,1.1014,0.5041671091854258,GAZOLE,0.5041671091854258,0.5193024976052006,0.5319794182462042,0.5641024359342866,2026-09-01,1.0602,proxy_ma7_eur_l
2025-04-07,2.082,1.0912,0.504037951805045,GAZOLE,0.504124056725299,0.507810227652017,0.5232356946212378,0.5548307317539999,2026-09-01,1.0602,proxy_ma7_eur_l
2025-04-08,2.028,1.0912,0.49096492135477,GAZOLE,0.4997233274484138,0.5015008401432185,0.5130736230265455,0.5440550341535121,2026-09-01,1.0602,proxy_ma7_eur_l
2025-04-09,2.122,1.104,0.5077654846956439,GAZOLE,0.5009227859518198,0.5022205152452621,0.5053973634729284,0.5359152517398715,2026-09-01,1.0602,proxy_ma7_eur_l
2025-04-10,2.059,1.1192,0.48599915636653646,GAZOLE,0.49490985413898364,0.49858692468148424,0.5001812631111818,0.5303841826435532,2026-09-01,1.0602,proxy_ma7_eur_l
2025-04-11,2.074,1.1325,0.4837905841861367,GAZOLE,0.49251840841610584,0.49451161968162644,0.49727033096842627,0.5272974769247845,2026-09-01,1.0602,proxy_ma7_eur_l
2025-04-12,2.074,1.1325,0.4837905841861367,GAZOLE,0.4845267749129368,0.4904621461578447,0.49435939882567065,0.5242107712060157,2026-09-01,1.0602,proxy_ma7_eur_l
2025-04-13,2.074,1.1325,0.4837905841861367,GAZOLE,0.4837905841861367,0.4890272787241181,0.4914484666829151,0.5211240654872469,2026-09-01,1.0602,proxy_ma7_eur_l
2025-04-14,2.097,1.1358,0.4877344548292281,GAZOLE,0.48510520773383403,0.48502107275083495,0.4891193956863698,0.5186543559880591,2026-09-01,1.0602,proxy_ma7_eur_l
2025-04-15,2.092,1.129,0.48950215547674625,GAZOLE,0.4870090648307039,0.4857216725728769,0.4889104291323664,0.5184327712084622,2026-09-01,1.0602,proxy_ma7_eur_l
2025-04-16,2.127,1.1382,0.4936689117604829,GAZOLE,0.49030184068881927,0.48769733808774607,0.4868966329987719,0.5162973741132498,2026-09-01,1.0602,proxy_ma7_eur_l
2025-04-17,2.153,1.1364,0.5004949214423561,GAZOLE,0.4945553295598619,0.49103820553899,0.4889674565810319,0.5184932421996397,2026-09-01,1.0602,proxy_ma7_eur_l
2025-04-18,2.153,1.139,0.49935243961992415,GAZOLE,0.49783875760758783,0.49415057662574746,0.4911905787858587,0.5208506053007474,2026-09-01,1.0602,proxy_ma7_eur_l
2025-04-19,2.153,1.139,0.49935243961992415,GAZOLE,0.49973326689406833,0.49647417358388674,0.49341370099068543,0.5232079684018552,2026-09-01,1.0602,proxy_ma7_eur_l
2025-04-20,2.153,1.139,0.49935243961992415,GAZOLE,0.49935243961992415,0.4984442304125222,0.4956368231955122,0.525565331502963,2026-09-01,1.0602,proxy_ma7_eur_l
2025-04-21,2.122,1.1508,0.4871160020020776,GAZOLE,0.49527362708064215,0.4971336484608412,0.4955484727916336,0.5254716461528643,2026-09-01,1.0602,proxy_ma7_eur_l
2025-04-22,2.148,1.1466,0.494890605673559,GAZOLE,0.4937863490985204,0.4960127853070818,0.4963182513911783,0.5262879070235664,2026-09-01,1.0602,proxy_ma7_eur_l
2025-04-23,2.127,1.135,0.49506075362623936,GAZOLE,0.4923557871006255,0.49515444810834486,0.49651708594342925,0.5264987479911407,2026-09-01,1.0602,proxy_ma7_eur_l
2025-04-24,2.144,1.1363,0.49844660763519333,GAZOLE,0.4961326556449974,0.4949732817113987,0.49622446968526307,0.5261884624079697,2026-09-01,1.0602,proxy_ma7_eur_l
2025-04-25,2.178,1.1381,0.5055502416624614,GAZOLE,0.49968586764129824,0.49621284211990613,0.49710986997705414,0.5271273266652051,2026-09-01,1.0602,proxy_ma7_eur_l
2025-04-26,2.178,1.1381,0.5055502416624614,GAZOLE,0.5031823636533722,0.4998996900519829,0.49799527026884516,0.5280661909224406,2026-09-01,1.0602,proxy_ma7_eur_l
2025-04-27,2.178,1.1381,0.5055502416624614,GAZOLE,0.5055502416624614,0.5020316172497634,0.4988806705606362,0.5290050551796759,2026-09-01,1.0602,proxy_ma7_eur_l
2025-04-28,2.175,1.1387,0.504587875541383,GAZOLE,0.5052294529554354,0.5039370416327922,0.5013766524948228,0.5316517543579343,2026-09-01,1.0602,proxy_ma7_eur_l
2025-04-29,2.108,1.1396,0.48865802594855823,GAZOLE,0.49959871438413445,0.5019793252954651,0.5004862839626797,0.5307076218583784,2026-09-01,1.0602,proxy_ma7_eur_l
2025-04-30,2.027,1.1349,0.4718272536170296,GAZOLE,0.48835771836899045,0.4952347276863788,0.49716721253279267,0.5271881317908648,2026-09-01,1.0602,proxy_ma7_eur_l
2025-05-01,2.004,1.1279,0.4693685547705732,GAZOLE,0.4766179447787205,0.4879983903080011,0.493013204980704,0.5227832888615127,2026-09-01,1.0602,proxy_ma7_eur_l
2025-05-02,2.005,1.133,0.46748893643255746,GAZOLE,0.46956158160672024,0.4803861292620203,0.48757587566214633,0.5170176321304927,2026-09-01,1.0602,proxy_ma7_eur_l
2025-05-03,2.005,1.133,0.46748893643255746,GAZOLE,0.4681154758785629,0.4729663414402552,0.4821385463435886,0.5112519753994728,2026-09-01,1.0602,proxy_ma7_eur_l
2025-05-04,2.005,1.133,0.46748893643255746,GAZOLE,0.46748893643255746,0.468732523537055,0.47670121702503093,0.5054863186684528,2026-09-01,1.0602,proxy_ma7_eur_l
2025-05-05,1.983,1.1315,0.46297231977570336,GAZOLE,0.4659833975469396,0.4669615367687898,0.47075613762993385,0.4991822519065223,2026-09-01,1.0602,proxy_ma7_eur_l
2025-05-06,2.007,1.1345,0.46733654392490426,GAZOLE,0.4659326000443886,0.46655513459965603,0.4677102116265547,0.4959524008648293,2026-09-01,1.0602,proxy_ma7_eur_l
2025-05-07,1.972,1.1348,0.4590652866146181,GAZOLE,0.46312471677174205,0.4648704046360681,0.465887073483353,0.49401917444224464,2026-09-01,1.0602,proxy_ma7_eur_l
2025-05-08,2.054,1.1249,0.4823623393578423,GAZOLE,0.46958805663245506,0.46784508522112506,0.46774332842439154,0.4959875173856746,2026-09-01,1.0602,proxy_ma7_eur_l
2025-05-09,2.07,1.127,0.48521397371904806,GAZOLE,0.47554719989716965,0.47139009267842324,0.47027547660817587,0.4986725666744767,2026-09-01,1.0602,proxy_ma7_eur_l
2025-05-10,2.07,1.127,0.48521397371904806,GAZOLE,0.48426342893197966,0.47583842346709215,0.4728076247919602,0.5013576159632788,2026-09-01,1.0602,proxy_ma7_eur_l
2025-05-11,2.07,1.127,0.48521397371904806,GAZOLE,0.48521397371904806,0.479413909425921,0.47533977297574465,0.504042665252081,2026-09-01,1.0602,proxy_ma7_eur_l
2025-05-12,2.112,1.1106,0.5023693270127945,GAZOLE,0.4909324248169637,0.48807471750555625,0.4809679168667576,0.5100106586928342,2026-09-01,1.0602,proxy_ma7_eur_l
2025-05-13,2.173,1.1176,0.5136416157607879,GAZOLE,0.5004083054975437,0.49433057278614534,0.48758292712902673,0.5170251093927847,2026-09-01,1.0602,proxy_ma7_eur_l
2025-05-14,2.198,1.1206,0.5181600670026862,GAZOLE,0.5113903365920897,0.5009197914428729,0.49602503861303643,0.5259769889001883,2026-09-01,1.0602,proxy_ma7_eur_l
2025-05-15,2.17,1.1189,0.5123365391162589,GAZOLE,0.5147127406265778,0.506344304522315,0.5003070671499531,0.5305175832268976,2026-09-01,1.0602,proxy_ma7_eur_l
2025-05-16,2.138,1.1141,0.5069561511010873,GAZOLE,0.5124842524066776,0.5106927399987229,0.5034130924902444,0.5338111626407557,2026-09-01,1.0602,proxy_ma7_eur_l
2025-05-17,2.138,1.1141,0.5069561511010873,GAZOLE,0.5087496137728112,0.5116101048163816,0.5065191178305357,0.5371047420546139,2026-09-01,1.0602,proxy_ma7_eur_l
2025-05-18,2.138,1.1141,0.5069561511010873,GAZOLE,0.5069561511010873,0.5102730118844414,0.5096251431708271,0.5403983214684721,2026-09-01,1.0602,proxy_ma7_eur_l
2025-05-19,2.13,1.1236,0.5007889564995159,GAZOLE,0.5049004195672303,0.5067987897838073,0.5093993759546445,0.5401589215363797,2026-09-01,1.0602,proxy_ma7_eur_l
2025-05-20,2.136,1.1254,0.5013963958032744,GAZOLE,0.5030471678012928,0.5046107611212105,0.5076500588178569,0.5383039737240439,2026-09-01,1.0602,proxy_ma7_eur_l
2025-05-21,2.133,1.1343,0.4967636319138945,GAZOLE,0.4996496614055617,0.5025722572837719,0.5045934252337437,0.5350627685356155,2026-09-01,1.0602,proxy_ma7_eur_l
2025-05-22,2.107,1.1281,0.49340529591225846,GAZOLE,0.49718844120980926,0.49986208624600614,0.5018889619188865,0.5321949990477745,2026-09-01,1.0602,proxy_ma7_eur_l
2025-05-23,2.108,1.135,0.4906384901946933,GAZOLE,0.4936024726736156,0.49659855406472725,0.4995578675036873,0.5297231439479252,2026-09-01,1.0602,proxy_ma7_eur_l
2025-05-24,2.108,1.135,0.4906384901946933,GAZOLE,0.4915607587672152,0.4945684608037628,0.49722677308848817,0.5272512888480761,2026-09-01,1.0602,proxy_ma7_eur_l
2025-05-25,2.108,1.135,0.4906384901946933,GAZOLE,0.4906384901946933,0.49241687968204656,0.49489567867328904,0.524779433748227,2026-09-01,1.0602,proxy_ma7_eur_l
2025-05-26,2.108,1.135,0.4906384901946933,GAZOLE,0.4906384901946933,0.4911918513382063,0.49344561205831433,0.523241806385742,2026-09-01,1.0602,proxy_ma7_eur_l
2025-05-27,2.082,1.1326,0.48561382042174195,GAZOLE,0.48896360027037633,0.489633556240103,0.49119095843238114,0.5208510078718259,2026-09-01,1.0602,proxy_ma7_eur_l
2025-05-28,2.078,1.1286,0.48639865745191596,GAZOLE,0.4875503226894506,0.4887855896915475,0.4897102477949557,0.5192808860798227,2026-09-01,1.0602,proxy_ma7_eur_l
2025-05-29,2.044,1.137,0.47490560687779715,GAZOLE,0.4823060282504852,0.48563901302816836,0.48706743507574685,0.5164784898940105,2026-09-01,1.0602,proxy_ma7_eur_l
2025-05-30,2.015,1.1347,0.4691166700464167,GAZOLE,0.47680697812537676,0.48133464899851297,0.48399288934027884,0.5132182909478057,2026-09-01,1.0602,proxy_ma7_eur_l
2025-05-31,2.015,1.1347,0.4691166700464167,GAZOLE,0.471046315656877,0.47703028496885763,0.4809183436048107,0.5099580920016009,2026-09-01,1.0602,proxy_ma7_eur_l
2025-06-01,2.015,1.1347,0.4691166700464167,GAZOLE,0.4691166700464167,0.4737308548937927,0.47784379786934267,0.5066978930553961,2026-09-01,1.0602,proxy_ma7_eur_l
2025-06-02,2.061,1.1432,0.47625839740215525,GAZOLE,0.471497245831663,0.4717028028838405,0.4757894988989801,0.5045195474022143,2026-09-01,1.0602,proxy_ma7_eur_l
2025-06-03,2.099,1.1373,0.48755573542579234,GAZOLE,0.4776436009581216,0.47423282859343957,0.4760669153281301,0.5048137153306796,2026-09-01,1.0602,proxy_ma7_eur_l
2025-06-04,2.068,1.1424,0.47821061298726447,GAZOLE,0.4806749152717375,0.4760516171816091,0.47489719469032277,0.5035733623423535,2026-09-01,1.0602,proxy_ma7_eur_l
2025-06-05,2.093,1.144,0.4833147776097943,GAZOLE,0.4830270420076172,0.47889123869428457,0.4760985047948938,0.5048472122941713,2026-09-01,1.0602,proxy_ma7_eur_l
2025-06-06,2.129,1.1397,0.493482758156092,GAZOLE,0.4850027162510504,0.48376445631621967,0.4795793745248474,0.5085382706819377,2026-09-01,1.0602,proxy_ma7_eur_l
2025-06-07,2.129,1.1397,0.493482758156092,GAZOLE,0.4900934313073262,0.48720932846700704,0.48306024425480104,0.5122293290697041,2026-09-01,1.0602,proxy_ma7_eur_l
2025-06-08,2.129,1.1397,0.493482758156092,GAZOLE,0.493482758156092,0.48839473301306696,0.4865411139847546,0.5159203874574705,2026-09-01,1.0602,proxy_ma7_eur_l
2025-06-09,2.149,1.1425,0.49689780351655227,GAZOLE,0.4946211066095789,0.4921321711189245,0.4894896005725256,0.5190469153069209,2026-09-01,1.0602,proxy_ma7_eur_l
2025-06-10,2.14,1.1423,0.4949034334644469,GAZOLE,0.49509466504569716,0.494449902289855,0.49053927172090483,0.520159969743656,2026-09-01,1.0602,proxy_ma7_eur_l
2025-06-11,2.201,1.149,0.5060423735772713,GAZOLE,0.4992812035194237,0.49696182537409095,0.4945152375194773,0.5243760200554523,2026-09-01,1.0602,proxy_ma7_eur_l
2025-06-12,2.223,1.1578,0.5072158165418587,GAZOLE,0.5027205411945258,0.49970843705124424,0.4979296716526293,0.5279966312027746,2026-09-01,1.0602,proxy_ma7_eur_l
2025-06-13,2.402,1.1557,0.5490536209779983,GAZOLE,0.5207706036990429,0.5108226096156254,0.505868366341473,0.5364146956212794,2026-09-01,1.0602,proxy_ma7_eur_l
2025-06-14,2.402,1.1557,0.5490536209779983,GAZOLE,0.535107686165952,0.5212537731079147,0.5138070610303168,0.5448327600397844,2026-09-01,1.0602,proxy_ma7_eur_l
2025-06-15,2.402,1.1557,0.5490536209779983,GAZOLE,0.5490536209779983,0.5320838106106249,0.5217457557191605,0.5532508244582894,2026-09-01,1.0602,proxy_ma7_eur_l
2025-06-16,2.398,1.1581,0.5470033516577498,GAZOLE,0.548370197871249,0.5402760062267207,0.5289036911679031,0.5608409843111041,2026-09-01,1.0602,proxy_ma7_eur_l
2025-06-17,2.514,1.1535,0.5757507929158084,GAZOLE,0.5572692551838524,0.5539830015015106,0.5404533139466691,0.5730880189146285,2026-09-01,1.0602,proxy_ma7_eur_l
2025-06-18,2.558,1.1521,0.586539458321451,GAZOLE,0.5697645342983366,0.5614801689702011,0.5519528974815519,0.585281992707154,2026-09-01,1.0602,proxy_ma7_eur_l
2025-06-19,2.558,1.1521,0.586539458321451,GAZOLE,0.5829432365195704,0.5689773364388917,0.5632848463072079,0.5972982093448376,2026-09-01,1.0602,proxy_ma7_eur_l
2025-06-20,2.556,1.152,0.5861317411696418,GAZOLE,0.5864035526041814,0.5763929604772204,0.5685817206202998,0.6029149298426031,2026-09-01,1.0602,proxy_ma7_eur_l
2025-06-21,2.556,1.152,0.5861317411696418,GAZOLE,0.5862676468869118,0.5842186383795989,0.5738785949333918,0.6085316503403689,2026-09-01,1.0602,proxy_ma7_eur_l
2025-06-22,2.556,1.152,0.5861317411696418,GAZOLE,0.5861317411696418,0.5862948280303655,0.5791754692464837,0.6141483708381344,2026-09-01,1.0602,proxy_ma7_eur_l
2025-06-23,2.34,1.1538,0.535762352676432,GAZOLE,0.5693419450052387,0.5761394069013617,0.5775696122491525,0.6124455458548992,2026-09-01,1.0602,proxy_ma7_eur_l
2025-06-24,2.317,1.1608,0.5272972478582271,GAZOLE,0.5497304472347672,0.5642909648087169,0.5706476772409267,0.6051056370810002,2026-09-01,1.0602,proxy_ma7_eur_l
2025-06-25,2.318,1.162,0.5269800493684923,GAZOLE,0.5300132166343839,0.552460626448487,0.5621391902476468,0.5960833740490062,2026-09-01,1.0602,proxy_ma7_eur_l
2025-06-26,2.389,1.1717,0.5386251029133878,GAZOLE,0.5309674667133693,0.5429592987972363,0.5552942823322092,0.5888251435678842,2026-09-01,1.0602,proxy_ma7_eur_l
2025-06-27,2.297,1.1724,0.5175735280336633,GAZOLE,0.527726226771848,0.5292476561700405,0.5455002518842124,0.578439710891666,2026-09-01,1.0602,proxy_ma7_eur_l
2025-06-28,2.297,1.1724,0.5175735280336633,GAZOLE,0.5245907196602383,0.5256098912414868,0.5357062214362154,0.5680542782154478,2026-09-01,1.0602,proxy_ma7_eur_l
2025-06-29,2.297,1.1724,0.5175735280336633,GAZOLE,0.5175735280336633,0.523665147276574,0.5259121909882184,0.5576688455392297,2026-09-01,1.0602,proxy_ma7_eur_l
2025-06-30,2.367,1.177,0.5312618928901761,GAZOLE,0.5221363163191678,0.5245215159809107,0.5252692681616105,0.5569871004938989,2026-09-01,1.0602,proxy_ma7_eur_l
2025-07-01,2.342,1.1776,0.5253829370098366,GAZOLE,0.5247394526445589,0.5218730828002005,0.524995795183269,0.5566971141373718,2026-09-01,1.0602,proxy_ma7_eur_l
2025-07-02,2.428,1.179,0.5440286201234812,GAZOLE,0.5335578166744982,0.527164101218164,0.5274313052911246,0.5592796899616644,2026-09-01,1.0602,proxy_ma7_eur_l
2025-07-03,2.382,1.1758,0.5351742037056554,GAZOLE,0.534861920279658,0.5306842363525626,0.5269383196900199,0.5587569359435101,2026-09-01,1.0602,proxy_ma7_eur_l
2025-07-04,2.382,1.1758,0.5351742037056554,GAZOLE,0.5381256758449309,0.5342043714869609,0.5294527019288758,0.5614231465094837,2026-09-01,1.0602,proxy_ma7_eur_l
2025-07-05,2.382,1.1758,0.5351742037056554,GAZOLE,0.5351742037056554,0.5349868336500568,0.531967084167732,0.5640893570754575,2026-09-01,1.0602,proxy_ma7_eur_l
2025-07-06,2.382,1.1758,0.5351742037056554,GAZOLE,0.5351742037056554,0.5369450869892205,0.5344814664065879,0.5667555676414311,2026-09-01,1.0602,proxy_ma7_eur_l
2025-07-07,2.43,1.1733,0.5471218675788807,GAZOLE,0.539156758330064,0.5375637364803005,0.5367471770764028,0.569158090867195,2026-09-01,1.0602,proxy_ma7_eur_l
2025-07-08,2.456,1.1707,0.5542039468622297,GAZOLE,0.5455000060489221,0.5413696851116153,0.5408644641981734,0.5735239960416632,2026-09-01,1.0602,proxy_ma7_eur_l
2025-07-09,2.423,1.1707,0.5467573954589506,GAZOLE,0.5493610699666872,0.5436863234622743,0.5412542892460975,0.5739373602651273,2026-09-01,1.0602,proxy_ma7_eur_l
2025-07-10,2.405,1.1688,0.543577845586368,GAZOLE,0.5481797293025163,0.5453670518384168,0.5424548095147708,0.5752103726876372,2026-09-01,1.0602,proxy_ma7_eur_l
2025-07-11,2.474,1.1696,0.5587907468656458,GAZOLE,0.5497086626369884,0.550090360470415,0.5458286013947694,0.5787878874420929,2026-09-01,1.0602,proxy_ma7_eur_l
2025-07-12,2.474,1.1696,0.5587907468656458,GAZOLE,0.5537197797725534,0.552424136327768,0.5492023932747679,0.5823654021965485,2026-09-01,1.0602,proxy_ma7_eur_l
2025-07-13,2.474,1.1696,0.5587907468656458,GAZOLE,0.5587907468656458,0.5533414963284512,0.5525761851547666,0.5859429169510042,2026-09-01,1.0602,proxy_ma7_eur_l
2025-07-14,2.396,1.1672,0.5422860156358152,GAZOLE,0.5532891697890358,0.5524472203638242,0.5518853491629001,0.5852103655543209,2026-09-01,1.0602,proxy_ma7_eur_l
2025-07-15,2.415,1.1619,0.5490795304629731,GAZOLE,0.5500520976548114,0.5535475573391452,0.551153289677292,0.5844341014265814,2026-09-01,1.0602,proxy_ma7_eur_l
2025-07-16,2.407,1.1629,0.5467900335592598,GAZOLE,0.5460518598860162,0.551147414677868,0.5511579522630504,0.5844390455576771,2026-09-01,1.0602,proxy_ma7_eur_l
2025-07-17,2.519,1.1597,0.5738116753386012,GAZOLE,0.5565604131202782,0.554151600372459,0.5554770707990838,0.5890189695240924,2026-09-01,1.0602,proxy_ma7_eur_l
2025-07-18,2.504,1.1645,0.5680436402789211,GAZOLE,0.5628817830589276,0.556002179055114,0.5567989127152659,0.5904206294742019,2026-09-01,1.0602,proxy_ma7_eur_l
2025-07-19,2.504,1.1645,0.5680436402789211,GAZOLE,0.5699663186321479,0.5611537039837352,0.5581207546314483,0.5918222894243119,2026-09-01,1.0602,proxy_ma7_eur_l
2025-07-20,2.504,1.1645,0.5680436402789211,GAZOLE,0.5680436402789211,0.5649465259469248,0.5594425965476304,0.5932239493744217,2026-09-01,1.0602,proxy_ma7_eur_l
2025-07-21,2.544,1.1705,0.574159505509722,GAZOLE,0.5700822620225215,0.5704204203370173,0.5639959522439028,0.5980522546656497,2026-09-01,1.0602,proxy_ma7_eur_l
2025-07-22,2.503,1.1749,0.5627905754127547,GAZOLE,0.568331240400466,0.5682162003518479,0.5659546729510144,0.6001292506626739,2026-09-01,1.0602,proxy_ma7_eur_l
2025-07-23,2.5,1.1748,0.5621638839763117,GAZOLE,0.5663713216329297,0.5670402490913261,0.5681509372963075,0.6024581341206463,2026-09-01,1.0602,proxy_ma7_eur_l
2025-07-24,2.459,1.1765,0.5521454116010939,GAZOLE,0.5590332903300536,0.5638606033557607,0.565055756762378,0.5991760543653766,2026-09-01,1.0602,proxy_ma7_eur_l
2025-07-25,2.448,1.173,0.5513155875300488,GAZOLE,0.5552082943691516,0.5605149928059862,0.5626660349411104,0.5966420317052021,2026-09-01,1.0602,proxy_ma7_eur_l
2025-07-26,2.448,1.173,0.5513155875300488,GAZOLE,0.5515921955537307,0.5559462092100517,0.560276313119843,0.5941080090450277,2026-09-01,1.0602,proxy_ma7_eur_l
2025-07-27,2.448,1.173,0.5513155875300488,GAZOLE,0.5513155875300488,0.5536512116335104,0.5578865912985755,0.5915739863848533,2026-09-01,1.0602,proxy_ma7_eur_l
2025-07-28,2.484,1.1609,0.5652540081468177,GAZOLE,0.5559617277356387,0.5542692364676116,0.5566143773895892,0.59022495117696,2026-09-01,1.0602,proxy_ma7_eur_l
2025-07-29,2.522,1.1534,0.5776330120055925,GAZOLE,0.5647342025608199,0.5593667565485113,0.5587347254742803,0.5924733342507753,2026-09-01,1.0602,proxy_ma7_eur_l
2025-07-30,2.477,1.147,0.5704918689547808,GAZOLE,0.5711262963690639,0.5632020128334577,0.5599244376140616,0.5937348859068973,2026-09-01,1.0602,proxy_ma7_eur_l
2025-07-31,2.45,1.1431,0.5661985200572686,GAZOLE,0.5714411336725475,0.5661785993389017,0.5619320245363724,0.5958636988541327,2026-09-01,1.0602,proxy_ma7_eur_l
2025-08-01,2.339,1.1555,0.5347455045138115,GAZOLE,0.5571452978419538,0.5628645827356542,0.5595648698197669,0.5933536059895015,2026-09-01,1.0602,proxy_ma7_eur_l
2025-08-02,2.339,1.1555,0.5347455045138115,GAZOLE,0.5452298430282974,0.556762882009053,0.5571977151031616,0.5908435131248704,2026-09-01,1.0602,proxy_ma7_eur_l
2025-08-03,2.339,1.1555,0.5347455045138115,GAZOLE,0.5347455045138115,0.5481853805106968,0.5548305603865563,0.5883334202602393,2026-09-01,1.0602,proxy_ma7_eur_l
2025-08-04,2.357,1.1568,0.538255123969706,GAZOLE,0.5359153776657766,0.5417380315136817,0.5509735769326832,0.5842435369168933,2026-09-01,1.0602,proxy_ma7_eur_l
2025-08-05,2.3,1.158,0.5246940590878596,GAZOLE,0.532564895857126,0.5334371393198001,0.5434108693730071,0.576224163214925,2026-09-01,1.0602,proxy_ma7_eur_l
2025-08-06,2.304,1.1647,0.5225829901546954,GAZOLE,0.5285107244040872,0.5310046364479768,0.5365667438301377,0.5689667623491158,2026-09-01,1.0602,proxy_ma7_eur_l
2025-08-07,2.311,1.1641,0.5244408667637498,GAZOLE,0.5239059720021018,0.5289437088979645,0.5306013647882065,0.5626411701675263,2026-09-01,1.0602,proxy_ma7_eur_l
2025-08-08,2.321,1.166,0.5258519155431068,GAZOLE,0.524291924153851,0.5271649911038235,0.5293308520781058,0.5612939388836243,2026-09-01,1.0602,proxy_ma7_eur_l
2025-08-09,2.321,1.166,0.5258519155431068,GAZOLE,0.525381565949988,0.5246843494185037,0.5280603393680051,0.5599467075997223,2026-09-01,1.0602,proxy_ma7_eur_l
2025-08-10,2.321,1.166,0.5258519155431068,GAZOLE,0.5258519155431068,0.5249159207095532,0.5267898266579045,0.5585994763158205,2026-09-01,1.0602,proxy_ma7_eur_l
2025-08-11,2.34,1.1607,0.5325774123529484,GAZOLE,0.5280937478130542,0.5269148051492037,0.5259787249983676,0.5577393971356079,2026-09-01,1.0602,proxy_ma7_eur_l
2025-08-12,2.29,1.1673,0.5182506638397669,GAZOLE,0.5255599972452742,0.5256767645644072,0.5250582399629259,0.5567633295793751,2026-09-01,1.0602,proxy_ma7_eur_l
2025-08-13,2.292,1.1715,0.5168436568543544,GAZOLE,0.5225572443490235,0.5238751128266568,0.5242383352057343,0.5558939157357142,2026-09-01,1.0602,proxy_ma7_eur_l
2025-08-14,2.291,1.1644,0.5197682685954294,GAZOLE,0.5182875297631837,0.5226583834371212,0.5235708211816885,0.555186094579351,2026-09-01,1.0602,proxy_ma7_eur_l
2025-08-15,2.28,1.1708,0.5144450626721714,GAZOLE,0.5170189960406519,0.520377012862934,0.5219412707715548,0.5534581454814993,2026-09-01,1.0602,proxy_ma7_eur_l
2025-08-16,2.28,1.1708,0.5144450626721714,GAZOLE,0.5162194646465909,0.5167505429267787,0.5203117203614213,0.5517301963836478,2026-09-01,1.0602,proxy_ma7_eur_l
2025-08-17,2.28,1.1708,0.5144450626721714,GAZOLE,0.5144450626721714,0.5159894226932595,0.5186821699512877,0.5500022472857964,2026-09-01,1.0602,proxy_ma7_eur_l
2025-08-18,2.297,1.1667,0.5201021721665098,GAZOLE,0.516330765836951,0.5166411257556908,0.5168999927817964,0.5481124552222411,2026-09-01,1.0602,proxy_ma7_eur_l
2025-08-19,2.307,1.166,0.5226800384135921,GAZOLE,0.519075757750758,0.5172234797193231,0.5175327605780571,0.5487834320363971,2026-09-01,1.0602,proxy_ma7_eur_l
2025-08-20,2.329,1.1649,0.5281626834424652,GAZOLE,0.5236482980075226,0.5199670038733819,0.5191497643763586,0.5504980769084563,2026-09-01,1.0602,proxy_ma7_eur_l
2025-08-21,2.375,1.1605,0.5406364707889724,GAZOLE,0.5304930642150101,0.5252052854967422,0.5221309361182934,0.5536592635707297,2026-09-01,1.0602,proxy_ma7_eur_l
2025-08-22,2.361,1.1713,0.5324939943802514,GAZOLE,0.5337643828705632,0.5288150718383582,0.5247093549337334,0.5563933774946171,2026-09-01,1.0602,proxy_ma7_eur_l
2025-08-23,2.361,1.1713,0.5324939943802514,GAZOLE,0.5352081531831586,0.5312934362811064,0.5272877737491733,0.5591274914185046,2026-09-01,1.0602,proxy_ma7_eur_l
2025-08-24,2.361,1.1713,0.5324939943802514,GAZOLE,0.5324939943802514,0.5332562274744383,0.5298661925646134,0.5618616053423922,2026-09-01,1.0602,proxy_ma7_eur_l
2025-08-25,2.4,1.167,0.5432844264434928,GAZOLE,0.5360908050679987,0.5362805760746439,0.533177943175611,0.5653733325310669,2026-09-01,1.0602,proxy_ma7_eur_l
2025-08-26,2.33,1.1657,0.5280268353731542,GAZOLE,0.5346017520656331,0.5337586489914802,0.5339417713126913,0.5661832836268867,2026-09-01,1.0602,proxy_ma7_eur_l
2025-08-27,2.333,1.1611,0.5308013075114635,GAZOLE,0.5340375231093702,0.5334201116177226,0.5343187176082624,0.5665829914280816,2026-09-01,1.0602,proxy_ma7_eur_l
2025-08-28,2.347,1.1672,0.531195859222562,GAZOLE,0.5300080007023934,0.5331604845861848,0.5329700588130609,0.5651528952899162,2026-09-01,1.0602,proxy_ma7_eur_l
2025-08-29,2.322,1.1695,0.5245040663322964,GAZOLE,0.5288337443554408,0.5315624989765937,0.5318286405204959,0.5639425536541842,2026-09-01,1.0602,proxy_ma7_eur_l
2025-08-30,2.322,1.1695,0.5245040663322964,GAZOLE,0.5267346639623851,0.5278064269543544,0.530687222227931,0.5627322120184524,2026-09-01,1.0602,proxy_ma7_eur_l
2025-08-31,2.322,1.1695,0.5245040663322964,GAZOLE,0.5245040663322964,0.527101873146183,0.529545803935366,0.5615218703827204,2026-09-01,1.0602,proxy_ma7_eur_l
2025-09-01,2.322,1.1695,0.5245040663322964,GAZOLE,0.5245040663322964,0.5258424249103495,0.5268628953480522,0.5586769571819763,2026-09-01,1.0602,proxy_ma7_eur_l
2025-09-02,2.42,1.1653,0.5486109728882855,GAZOLE,0.5325397018509596,0.5293254476434942,0.5298034864216424,0.5617951127549259,2026-09-01,1.0602,proxy_ma7_eur_l
2025-09-03,2.407,1.1676,0.5445890116701466,GAZOLE,0.539234683630243,0.5333424367110643,0.5317731584443114,0.5638837213511798,2026-09-01,1.0602,proxy_ma7_eur_l
2025-09-04,2.375,1.1648,0.5386406459053936,GAZOLE,0.5439468768212755,0.5361697526256838,0.5328366993990016,0.565011483107893,2026-09-01,1.0602,proxy_ma7_eur_l
2025-09-05,2.341,1.1759,0.5259178285316997,GAZOLE,0.5363824953690802,0.5364525050655644,0.5330386654274878,0.5652256446426017,2026-09-01,1.0602,proxy_ma7_eur_l
2025-09-06,2.341,1.1759,0.5259178285316997,GAZOLE,0.5301587676562646,0.536735257505445,0.533240631455974,0.5654398061773105,2026-09-01,1.0602,proxy_ma7_eur_l
2025-09-07,2.341,1.1759,0.5259178285316997,GAZOLE,0.5259178285316997,0.5321966286341279,0.5334425974844602,0.5656539677120191,2026-09-01,1.0602,proxy_ma7_eur_l
2025-09-08,2.37,1.1751,0.5327953060069882,GAZOLE,0.5282103210234627,0.5298378875014962,0.5346270602951304,0.5669099530638122,2026-09-01,1.0602,proxy_ma7_eur_l
2025-09-09,2.371,1.1723,0.5342932151677642,GAZOLE,0.5310021165688176,0.5289684013539702,0.5325816663350559,0.5647410501405992,2026-09-01,1.0602,proxy_ma7_eur_l
2025-09-10,2.385,1.1714,0.537860973940741,GAZOLE,0.534983165038498,0.5313570304357785,0.5316205180879979,0.5637218639674823,2026-09-01,1.0602,proxy_ma7_eur_l
2025-09-11,2.327,1.1732,0.5239757635845648,GAZOLE,0.5320433175643569,0.5309686174463515,0.5295255348993082,0.5615003774222371,2026-09-01,1.0602,proxy_ma7_eur_l
2025-09-12,2.343,1.1714,0.5283892083619103,GAZOLE,0.5300753152957388,0.5314628934123937,0.5298785891607668,0.5618747504939667,2026-09-01,1.0602,proxy_ma7_eur_l
2025-09-13,2.343,1.1714,0.5283892083619103,GAZOLE,0.5269180601027953,0.5305816738833781,0.5302316434222255,0.5622491235656965,2026-09-01,1.0602,proxy_ma7_eur_l
2025-09-14,2.343,1.1714,0.5283892083619103,GAZOLE,0.5283892083619103,0.5294008725222074,0.5305846976836841,0.5626234966374262,2026-09-01,1.0602,proxy_ma7_eur_l
2025-09-15,2.383,1.1772,0.5347621481222118,GAZOLE,0.5305135216153444,0.5287811073585015,0.5308656751287161,0.5629214406099724,2026-09-01,1.0602,proxy_ma7_eur_l
2025-09-16,2.446,1.1848,0.5453788319277778,GAZOLE,0.5361767294706334,0.5330617210271441,0.5324493346658609,0.5646007277627331,2026-09-01,1.0602,proxy_ma7_eur_l
2025-09-17,2.401,1.1845,0.535480876075909,GAZOLE,0.5385406187086331,0.5344800545699437,0.5321093206851707,0.5642401823954116,2026-09-01,1.0602,proxy_ma7_eur_l
2025-09-18,2.393,1.178,0.5366415291112472,GAZOLE,0.5391670790383115,0.5361305187198112,0.533918715760411,0.5661588358893295,2026-09-01,1.0602,proxy_ma7_eur_l
2025-09-19,2.352,1.1753,0.5286587825630605,GAZOLE,0.5335937292500724,0.5361844335600413,0.5339572263605753,0.5661996719115832,2026-09-01,1.0602,proxy_ma7_eur_l
2025-09-20,2.352,1.1753,0.5286587825630605,GAZOLE,0.5313196980791229,0.534963760448211,0.5339957369607395,0.5662405079338368,2026-09-01,1.0602,proxy_ma7_eur_l
2025-09-21,2.352,1.1753,0.5286587825630605,GAZOLE,0.5286587825630605,0.5316197505752676,0.5340342475609039,0.5662813439560905,2026-09-01,1.0602,proxy_ma7_eur_l
2025-09-22,2.347,1.1773,0.5266387555292401,GAZOLE,0.527985440218454,0.5298513264659338,0.5328737629047652,0.5650507846544724,2026-09-01,1.0602,proxy_ma7_eur_l
2025-09-23,2.388,1.18,0.5346125940942867,GAZOLE,0.529970044062196,0.5294455394625417,0.5313357289285522,0.5634198781141561,2026-09-01,1.0602,proxy_ma7_eur_l
2025-09-24,2.424,1.1742,0.5453526272493202,GAZOLE,0.5355346589576159,0.5327843083997936,0.5327459790961823,0.5649152847549985,2026-09-01,1.0602,proxy_ma7_eur_l
2025-09-25,2.478,1.1673,0.5607970065480098,GAZOLE,0.546920742630539,0.5392119531967834,0.5361967615871484,0.5685744391174938,2026-09-01,1.0602,proxy_ma7_eur_l
2025-09-26,2.475,1.1692,0.5592078597215339,GAZOLE,0.5551191645062881,0.545321768628478,0.5405609154669302,0.573202117839526,2026-09-01,1.0602,proxy_ma7_eur_l
2025-09-27,2.475,1.1692,0.5592078597215339,GAZOLE,0.5597375753303594,0.5518355894669369,0.5449250693467121,0.5778297965615583,2026-09-01,1.0602,proxy_ma7_eur_l
2025-09-28,2.475,1.1692,0.5592078597215339,GAZOLE,0.5592078597215339,0.5567546425923864,0.5492892232264941,0.5824574752835906,2026-09-01,1.0602,proxy_ma7_eur_l
2025-09-29,2.392,1.173,0.5387037930440673,GAZOLE,0.5523731708290452,0.5554248757513357,0.5510128000143265,0.5842851284430707,2026-09-01,1.0602,proxy_ma7_eur_l
2025-09-30,2.379,1.1735,0.5355477738048872,GAZOLE,0.5444864755234963,0.5503750292027112,0.5511463971158409,0.5844267926650559,2026-09-01,1.0602,proxy_ma7_eur_l
2025-10-01,2.351,1.1723,0.529786313310592,GAZOLE,0.5346792933865157,0.5444907199205229,0.5489226379817369,0.5820687541743664,2026-09-01,1.0602,proxy_ma7_eur_l
2025-10-02,2.298,1.1696,0.5190384544451309,GAZOLE,0.5281241805202036,0.5364568388652422,0.5429571305384684,0.5757430258380599,2026-09-01,1.0602,proxy_ma7_eur_l
2025-10-03,2.289,1.1747,0.5147610690795963,GAZOLE,0.5211952789451065,0.5275674807368548,0.5366075890181916,0.5690100739308935,2026-09-01,1.0602,proxy_ma7_eur_l
2025-10-04,2.289,1.1747,0.5147610690795963,GAZOLE,0.5161868642014413,0.5227789359439605,0.5302580474979148,0.5622771220237271,2026-09-01,1.0602,proxy_ma7_eur_l
2025-10-05,2.289,1.1747,0.5147610690795963,GAZOLE,0.5147610690795963,0.5186215949989024,0.523908505977638,0.5555441701165608,2026-09-01,1.0602,proxy_ma7_eur_l
2025-10-06,2.303,1.1707,0.5196790267197539,GAZOLE,0.5164003882929823,0.5166001376807348,0.5211906822170218,0.5526622334264948,2026-09-01,1.0602,proxy_ma7_eur_l
2025-10-07,2.327,1.1674,0.5265790353241488,GAZOLE,0.5203397103744999,0.5181082538565382,0.5199094338626307,0.5513036182377126,2026-09-01,1.0602,proxy_ma7_eur_l
2025-10-08,2.338,1.1606,0.5321680668734714,GAZOLE,0.5261420429724581,0.5215896534153133,0.5202496843716135,0.5516644144158388,2026-09-01,1.0602,proxy_ma7_eur_l
2025-10-09,2.325,1.1559,0.5313608631652351,GAZOLE,0.5300359884542853,0.524909612232441,0.5220100284744855,0.5535310550460091,2026-09-01,1.0602,proxy_ma7_eur_l
2025-10-10,2.251,1.1613,0.5120565657953949,GAZOLE,0.525195165278034,0.5243687115756008,0.5216236708624568,0.5531213676359102,2026-09-01,1.0602,proxy_ma7_eur_l
2025-10-11,2.251,1.1613,0.5120565657953949,GAZOLE,0.5184913315853419,0.522844219390729,0.5212373132504279,0.5527116802258113,2026-09-01,1.0602,proxy_ma7_eur_l
2025-10-12,2.251,1.1613,0.5120565657953949,GAZOLE,0.5120565657953949,0.5199397254849782,0.5208509556383991,0.5523019928157124,2026-09-01,1.0602,proxy_ma7_eur_l
2025-10-13,2.251,1.1613,0.5120565657953949,GAZOLE,0.5120565657953949,0.515917425269363,0.5197620326492051,0.5511473163570361,2026-09-01,1.0602,proxy_ma7_eur_l
2025-10-14,2.25,1.1608,0.5120495501428618,GAZOLE,0.5120542272445507,0.5120551626648883,0.5176863919090212,0.5489463402337075,2026-09-01,1.0602,proxy_ma7_eur_l
2025-10-15,2.24,1.1638,0.508459698644314,GAZOLE,0.5108552715275237,0.5113357892346722,0.5142994821619987,0.5453549155036238,2026-09-01,1.0602,proxy_ma7_eur_l
2025-10-16,2.206,1.1665,0.499582981141942,GAZOLE,0.5066974099763728,0.5088410723039816,0.5097597847300996,0.540541093216699,2026-09-01,1.0602,proxy_ma7_eur_l
2025-10-17,2.229,1.1674,0.5044025224484434,GAZOLE,0.5041484007449001,0.5073102636345912,0.5086663499662494,0.5393816325445988,2026-09-01,1.0602,proxy_ma7_eur_l
2025-10-18,2.229,1.1674,0.5044025224484434,GAZOLE,0.5027960086796098,0.5057794549652008,0.5075729152023992,0.5382221718724988,2026-09-01,1.0602,proxy_ma7_eur_l
2025-10-19,2.229,1.1674,0.5044025224484434,GAZOLE,0.5044025224484434,0.5042500494263173,0.506479480438549,0.5370627112003987,2026-09-01,1.0602,proxy_ma7_eur_l
2025-10-20,2.238,1.1656,0.5072212192669322,GAZOLE,0.5053420880546066,0.5040023535508409,0.5057887166487686,0.5363302363656487,2026-09-01,1.0602,proxy_ma7_eur_l
2025-10-21,2.262,1.1616,0.514425949065196,GAZOLE,0.5086832302601908,0.5069709471354916,0.506128202209102,0.536690221404506,2026-09-01,1.0602,proxy_ma7_eur_l
2025-10-22,2.331,1.1612,0.5303005976979366,GAZOLE,0.5173159220100217,0.5121505621853903,0.5092483306453339,0.5399987555149208,2026-09-01,1.0602,proxy_ma7_eur_l
2025-10-23,2.438,1.1612,0.5546430103764777,GAZOLE,0.5331231857132036,0.5221986597709971,0.5171140491074103,0.5483394371139542,2026-09-01,1.0602,proxy_ma7_eur_l
2025-10-24,2.447,1.1626,0.5560201377261217,GAZOLE,0.5469879152668455,0.5325221828265327,0.5244879941470787,0.5561586500696654,2026-09-01,1.0602,proxy_ma7_eur_l
2025-10-25,2.447,1.1626,0.5560201377261217,GAZOLE,0.5555610952762405,0.5422819665183707,0.5318619391867471,0.5639778630253768,2026-09-01,1.0602,proxy_ma7_eur_l
2025-10-26,2.447,1.1626,0.5560201377261217,GAZOLE,0.5560201377261217,0.5506008042505559,0.5392358842264153,0.571797075981088,2026-09-01,1.0602,proxy_ma7_eur_l
2025-10-27,2.493,1.1636,0.5659856707879547,GAZOLE,0.5593419820800661,0.5577378188685594,0.5476308058722757,0.5806989161415952,2026-09-01,1.0602,proxy_ma7_eur_l
2025-10-28,2.418,1.1659,0.5478754804031246,GAZOLE,0.5566270963057338,0.5563843128738888,0.5524093103491227,0.5857659655857237,2026-09-01,1.0602,proxy_ma7_eur_l
2025-10-29,2.471,1.1664,0.5596443255975521,GAZOLE,0.5578351589295439,0.557109150448175,0.5566012714776392,0.5902110538783004,2026-09-01,1.0602,proxy_ma7_eur_l
2025-10-30,2.475,1.1564,0.5653976388675349,GAZOLE,0.557639148289404,0.5589846506764576,0.5581376469763616,0.5918402017957072,2026-09-01,1.0602,proxy_ma7_eur_l
2025-10-31,2.447,1.1541,0.5601152518156046,GAZOLE,0.561719072093564,0.5598036734943542,0.5587226632748592,0.592460543688128,2026-09-01,1.0602,proxy_ma7_eur_l
2025-11-01,2.447,1.1541,0.5601152518156046,GAZOLE,0.5618760474995815,0.5586295896998841,0.5593076795733568,0.5930808855805487,2026-09-01,1.0602,proxy_ma7_eur_l
2025-11-02,2.447,1.1541,0.5601152518156046,GAZOLE,0.5601152518156046,0.5610775439823802,0.5598926958718543,0.5937012274729695,2026-09-01,1.0602,proxy_ma7_eur_l
2025-11-03,2.456,1.1531,0.5626628745049107,GAZOLE,0.5609644593787069,0.5616812537638519,0.5594180106885623,0.5931978789241108,2026-09-01,1.0602,proxy_ma7_eur_l
2025-11-04,2.488,1.1491,0.5719781274624257,GAZOLE,0.5649187512609806,0.56299735148283,0.5628612459827481,0.5968490303602857,2026-09-01,1.0602,proxy_ma7_eur_l
2025-11-05,2.48,1.1485,0.5704368218094977,GAZOLE,0.5683592745922783,0.5650616654816087,0.5644030311558833,0.5984839146096053,2026-09-01,1.0602,proxy_ma7_eur_l
2025-11-06,2.551,1.1539,0.5840219304667967,GAZOLE,0.575478959912907,0.5698430012118471,0.5670636442414921,0.6013051860182219,2026-09-01,1.0602,proxy_ma7_eur_l
2025-11-07,2.533,1.1578,0.5779476668018569,GAZOLE,0.5774688063593839,0.5734094842090975,0.569611132096671,0.6040065012483431,2026-09-01,1.0602,proxy_ma7_eur_l
2025-11-08,2.533,1.1578,0.5779476668018569,GAZOLE,0.579972421356837,0.5764664426684869,0.5721586199518499,0.6067078164784642,2026-09-01,1.0602,proxy_ma7_eur_l
2025-11-09,2.533,1.1578,0.5779476668018569,GAZOLE,0.5779476668018569,0.577660350536373,0.5747061078070288,0.6094091317085852,2026-09-01,1.0602,proxy_ma7_eur_l
2025-11-10,2.55,1.1545,0.5834895916095959,GAZOLE,0.5797949750711034,0.5802709044963927,0.5776813531076981,0.6125640340676702,2026-09-01,1.0602,proxy_ma7_eur_l
2025-11-11,2.55,1.1545,0.5834895916095959,GAZOLE,0.5816422833403498,0.5801644367249525,0.5793258479858653,0.6143078300395404,2026-09-01,1.0602,proxy_ma7_eur_l
2025-11-12,2.529,1.1592,0.5763380955950287,GAZOLE,0.5811057596047403,0.5798425224835869,0.580168887098084,0.6152017751819262,2026-09-01,1.0602,proxy_ma7_eur_l
2025-11-13,2.521,1.1649,0.5717037891620672,GAZOLE,0.5771771587888974,0.5785937469556289,0.5784091526259798,0.6133357809944366,2026-09-01,1.0602,proxy_ma7_eur_l
2025-11-14,2.586,1.1617,0.5880596775399602,GAZOLE,0.5787005207656856,0.5806161491032495,0.579853725588566,0.6148675829761112,2026-09-01,1.0602,proxy_ma7_eur_l
2025-11-15,2.586,1.1617,0.5880596775399602,GAZOLE,0.5826077147473295,0.5815301662893224,0.5812982985511521,0.6163993849577859,2026-09-01,1.0602,proxy_ma7_eur_l
2025-11-16,2.586,1.1617,0.5880596775399602,GAZOLE,0.5880596775399602,0.5824441834753953,0.5827428715137383,0.6179311869394606,2026-09-01,1.0602,proxy_ma7_eur_l
2025-11-17,2.591,1.1598,0.5901619138299384,GAZOLE,0.5887604229699531,0.5852089471223774,0.5836960604023587,0.6189419331366516,2026-09-01,1.0602,proxy_ma7_eur_l
2025-11-18,2.743,1.1579,0.6258087396307118,GAZOLE,0.6013434436668703,0.5960299372161062,0.5897416529768039,0.6253525824605555,2026-09-01,1.0602,proxy_ma7_eur_l
2025-11-19,2.702,1.154,0.6185380290049541,GAZOLE,0.6115028941552016,0.602125607509105,0.5957702148925075,0.6317451727473007,2026-09-01,1.0602,proxy_ma7_eur_l
2025-11-20,2.575,1.1534,0.5897720086892945,GAZOLE,0.611372925774987,0.6024680737389719,0.5983513891106828,0.6344822084560198,2026-09-01,1.0602,proxy_ma7_eur_l
2025-11-21,2.491,1.1506,0.5719212431984596,GAZOLE,0.5934104269642363,0.5992403868706717,0.5960458984904683,0.6320375032093879,2026-09-01,1.0602,proxy_ma7_eur_l
2025-11-22,2.491,1.1506,0.5719212431984596,GAZOLE,0.5778714983620715,0.5955922527443759,0.5937404078702541,0.6295927979627565,2026-09-01,1.0602,proxy_ma7_eur_l
2025-11-23,2.491,1.1506,0.5719212431984596,GAZOLE,0.5719212431984596,0.5848147534579256,0.5914349172500397,0.6271480927161247,2026-09-01,1.0602,proxy_ma7_eur_l
2025-11-24,2.468,1.1518,0.5660502042194048,GAZOLE,0.5699642302054415,0.5743171885008156,0.5879903873056778,0.6234955684536844,2026-09-01,1.0602,proxy_ma7_eur_l
2025-11-25,2.406,1.1553,0.5501583640385226,GAZOLE,0.5627099371521291,0.5663944595706611,0.5771831907925078,0.6120357907449944,2026-09-01,1.0602,proxy_ma7_eur_l
2025-11-26,2.376,1.1591,0.5415173810740752,GAZOLE,0.5525753164440009,0.5603136871457843,0.5661802410880965,0.6003684394944836,2026-09-01,1.0602,proxy_ma7_eur_l
2025-11-27,2.376,1.1591,0.5415173810740752,GAZOLE,0.5443977087288911,0.5542329147209075,0.5592867228573509,0.593058663415287,2026-09-01,1.0602,proxy_ma7_eur_l
2025-11-28,2.375,1.16,0.5408695037505195,GAZOLE,0.5413014219662234,0.5480225668313194,0.5548507600790737,0.5883548396899454,2026-09-01,1.0602,proxy_ma7_eur_l
2025-11-29,2.375,1.16,0.5408695037505195,GAZOLE,0.5410854628583716,0.5429864267375424,0.5504147973007967,0.5836510159646037,2026-09-01,1.0602,proxy_ma7_eur_l
2025-11-30,2.375,1.16,0.5408695037505195,GAZOLE,0.5408695037505195,0.5411286546799418,0.5459788345225195,0.578947192239262,2026-09-01,1.0602,proxy_ma7_eur_l
2025-12-01,2.394,1.1623,0.5441176059067429,GAZOLE,0.5419522044692608,0.5416486996464753,0.5428456061921392,0.5756247672113677,2026-09-01,1.0602,proxy_ma7_eur_l
2025-12-02,2.356,1.1596,0.5367276262123126,GAZOLE,0.5405715786231918,0.5406907486741227,0.5409269293598234,0.5735902330964049,2026-09-01,1.0602,proxy_ma7_eur_l
2025-12-03,2.35,1.166,0.5324222324542444,GAZOLE,0.5377558215244335,0.5390012944148678,0.5396276224141333,0.5722124688672802,2026-09-01,1.0602,proxy_ma7_eur_l
2025-12-04,2.37,1.1659,0.5369995403454942,GAZOLE,0.5353831330040172,0.5382273017338628,0.5389822165957646,0.5715280908973426,2026-09-01,1.0602,proxy_ma7_eur_l
2025-12-05,2.418,1.1635,0.5490056060180515,GAZOLE,0.5394757929392635,0.5398545221873692,0.5401445169196978,0.5727605755039453,2026-09-01,1.0602,proxy_ma7_eur_l
2025-12-06,2.418,1.1635,0.5490056060180515,GAZOLE,0.5450035841271993,0.5408321222096308,0.5413068172436309,0.5739930601105481,2026-09-01,1.0602,proxy_ma7_eur_l
2025-12-07,2.418,1.1635,0.5490056060180515,GAZOLE,0.5490056060180515,0.5432877181707786,0.5424691175675641,0.5752255447171507,2026-09-01,1.0602,proxy_ma7_eur_l
2025-12-08,2.348,1.1626,0.5335248399595153,GAZOLE,0.5438453506652062,0.5435082396718328,0.5409558652893887,0.573620916291645,2026-09-01,1.0602,proxy_ma7_eur_l
2025-12-09,2.316,1.1639,0.5256658417917963,GAZOLE,0.5360654292564545,0.5412414999610933,0.5393756103721721,0.5719452393432063,2026-09-01,1.0602,proxy_ma7_eur_l
2025-12-10,2.333,1.165,0.5290243760957599,GAZOLE,0.5294050192823573,0.5372452539766348,0.5388902023209601,0.5714305204373253,2026-09-01,1.0602,proxy_ma7_eur_l
2025-12-11,2.292,1.1756,0.5150411228350427,GAZOLE,0.5232437802408665,0.5304523573400332,0.5357532855337527,0.5681041842290175,2026-09-01,1.0602,proxy_ma7_eur_l
2025-12-12,2.252,1.1731,0.5071310731485382,GAZOLE,0.5170655240264471,0.5220774507661304,0.5297712094095365,0.5617608867293896,2026-09-01,1.0602,proxy_ma7_eur_l
2025-12-13,2.252,1.1731,0.5071310731485382,GAZOLE,0.5097677563773733,0.516798697403935,0.5237891332853203,0.5554175892297617,2026-09-01,1.0602,proxy_ma7_eur_l
2025-12-14,2.252,1.1731,0.5071310731485382,GAZOLE,0.5071310731485382,0.5130917436752834,0.5178070571611041,0.5490742917301338,2026-09-01,1.0602,proxy_ma7_eur_l
2025-12-15,2.229,1.1756,0.5008842333330323,GAZOLE,0.5050487932100365,0.5074637151227379,0.5131441133573208,0.5441297809687766,2026-09-01,1.0602,proxy_ma7_eur_l
2025-12-16,2.179,1.177,0.4890661869909986,GAZOLE,0.49902716449085655,0.5022687279539292,0.5079155912429212,0.5385855400453353,2026-09-01,1.0602,proxy_ma7_eur_l
2025-12-17,2.225,1.1748,0.5003258567389174,GAZOLE,0.49675875902098293,0.5009076846720049,0.5038158027633722,0.534238190150196,2026-09-01,1.0602,proxy_ma7_eur_l
2025-12-18,2.183,1.1729,0.4916766905088566,GAZOLE,0.4936895780795911,0.49781680814406865,0.5004780267167742,0.530698866007363,2026-09-01,1.0602,proxy_ma7_eur_l
2025-12-19,2.176,1.1721,0.4904345925529656,GAZOLE,0.49414571326691337,0.4944775120249541,0.49809281520312104,0.5281696260049846,2026-09-01,1.0602,proxy_ma7_eur_l
2025-12-20,2.176,1.1721,0.4904345925529656,GAZOLE,0.4908486252049295,0.49238758386894077,0.49570760368946776,0.5256403860026061,2026-09-01,1.0602,proxy_ma7_eur_l
2025-12-21,2.176,1.1721,0.4904345925529656,GAZOLE,0.4904345925529656,0.4926612649813341,0.49332239217581453,0.5231111460002278,2026-09-01,1.0602,proxy_ma7_eur_l
2025-12-22,2.206,1.175,0.49596897659751094,GAZOLE,0.4922793872344809,0.4917898889530529,0.49262021264216865,0.5223665660939248,2026-09-01,1.0602,proxy_ma7_eur_l
2025-12-23,2.245,1.1776,0.5036228409850911,GAZOLE,0.4966754700451894,0.49417911904829975,0.4946997346413247,0.5245716578419668,2026-09-01,1.0602,proxy_ma7_eur_l
2025-12-24,2.212,1.178,0.4960514259900037,GAZOLE,0.4985477478575355,0.49530248573570734,0.4940891016771941,0.5239241524484999,2026-09-01,1.0602,proxy_ma7_eur_l
2025-12-25,2.212,1.178,0.4960514259900037,GAZOLE,0.49857523098836626,0.496425852423115,0.49471406388878664,0.5245868523459666,2026-09-01,1.0602,proxy_ma7_eur_l
2025-12-26,2.142,1.1766,0.480925153961545,GAZOLE,0.49100933531385094,0.4945239647048309,0.49335557266144076,0.5231463300545827,2026-09-01,1.0602,proxy_ma7_eur_l
2025-12-27,2.142,1.1766,0.480925153961545,GAZOLE,0.48596724463769797,0.4915152001776377,0.49199708143409504,0.5217058077631987,2026-09-01,1.0602,proxy_ma7_eur_l
2025-12-28,2.142,1.1766,0.480925153961545,GAZOLE,0.480925153961545,0.4869756627729284,0.4906385902067492,0.5202652854718147,2026-09-01,1.0602,proxy_ma7_eur_l
2025-12-29,2.159,1.1756,0.4851543561085764,GAZOLE,0.4823348880105556,0.48479624879664296,0.4890936444226157,0.5186270497613258,2026-09-01,1.0602,proxy_ma7_eur_l
2025-12-30,2.183,1.1765,0.49017219744822604,GAZOLE,0.4854172358394493,0.48362040308828746,0.4871721239173493,0.5165895002612119,2026-09-01,1.0602,proxy_ma7_eur_l
2025-12-31,2.154,1.1736,0.4848556584691988,GAZOLE,0.48672740400866726,0.4844065039898182,0.4855727285572343,0.5148935270943603,2026-09-01,1.0602,proxy_ma7_eur_l
2026-01-01,2.154,1.1736,0.4848556584691988,GAZOLE,0.48662783812887467,0.4851926048913491,0.4839733331971193,0.5131975539275087,2026-09-01,1.0602,proxy_ma7_eur_l
2026-01-02,2.12,1.1738,0.47712110325376955,GAZOLE,0.4822774733973892,0.4844317947497939,0.4834298973817228,0.5126213033119309,2026-09-01,1.0602,proxy_ma7_eur_l
2026-01-03,2.12,1.1738,0.47712110325376955,GAZOLE,0.4796992883255795,0.4828251441788325,0.4828864615663263,0.5120450526963531,2026-09-01,1.0602,proxy_ma7_eur_l
2026-01-04,2.12,1.1738,0.47712110325376955,GAZOLE,0.47712110325376955,0.48021492533994126,0.48234302575092985,0.5114688020807754,2026-09-01,1.0602,proxy_ma7_eur_l
2026-01-05,2.15,1.1715,0.4848228020230637,GAZOLE,0.47968833617686774,0.48020835405071427,0.4822956608815709,0.5114185771335937,2026-09-01,1.0602,proxy_ma7_eur_l
2026-01-06,2.105,1.1689,0.475731174791601,GAZOLE,0.4792250266894782,0.4783834573151947,0.48023265764491013,0.5092310016161475,2026-09-01,1.0602,proxy_ma7_eur_l
2026-01-07,2.091,1.169,0.4725267420709054,GAZOLE,0.4776935729618568,0.4774645850786219,0.4784713838737254,0.5073633751806214,2026-09-01,1.0602,proxy_ma7_eur_l
2026-01-08,2.167,1.1655,0.49117188971266207,GAZOLE,0.4798099355250563,0.48027474237040035,0.4793737026227915,0.5083201794983813,2026-09-01,1.0602,proxy_ma7_eur_l
2026-01-09,2.154,1.1634,0.4891065848198828,GAZOLE,0.4842684055344835,0.482671838683623,0.48108591427509345,0.5101357812505746,2026-09-01,1.0602,proxy_ma7_eur_l
2026-01-10,2.154,1.1634,0.4891065848198828,GAZOLE,0.4897950197841427,0.4835285952429868,0.48279812592739535,0.5119513830027679,2026-09-01,1.0602,proxy_ma7_eur_l
2026-01-11,2.154,1.1634,0.4891065848198828,GAZOLE,0.4891065848198828,0.4862036772486432,0.4845103375796972,0.5137669847549611,2026-09-01,1.0602,proxy_ma7_eur_l
2026-01-12,2.181,1.1672,0.4936251252511324,GAZOLE,0.49061276496363276,0.4904233538846886,0.4857678123265642,0.5151003907919316,2026-09-01,1.0602,proxy_ma7_eur_l
2026-01-13,2.248,1.1646,0.5099251019243669,GAZOLE,0.4975522706651276,0.4941739963270296,0.4906526590598164,0.5202802038577783,2026-09-01,1.0602,proxy_ma7_eur_l
2026-01-14,2.237,1.1655,0.5070380790434819,GAZOLE,0.5035294354063272,0.49776029517174936,0.4955828500558988,0.5255080992520775,2026-09-01,1.0602,proxy_ma7_eur_l
2026-01-15,2.217,1.1605,0.5046699182059586,GAZOLE,0.5072110330579359,0.5008729618489645,0.4975111398406555,0.5275528267875046,2026-09-01,1.0602,proxy_ma7_eur_l
2026-01-16,2.239,1.1599,0.5099415684368431,GAZOLE,0.507216521895428,0.5050399585723566,0.5004875660716498,0.5307089813861503,2026-09-01,1.0602,proxy_ma7_eur_l
2026-01-17,2.239,1.1599,0.5099415684368431,GAZOLE,0.5081843516932151,0.5083032472094987,0.5034639923026442,0.533865135984796,2026-09-01,1.0602,proxy_ma7_eur_l
2026-01-18,2.239,1.1599,0.5099415684368431,GAZOLE,0.5099415684368431,0.5083065405119939,0.5064404185336385,0.5370212905834416,2026-09-01,1.0602,proxy_ma7_eur_l
2026-01-19,2.239,1.1599,0.5099415684368431,GAZOLE,0.5099415684368431,0.5088872383906662,0.5087713389887399,0.5394929612187955,2026-09-01,1.0602,proxy_ma7_eur_l
2026-01-20,2.281,1.1739,0.5133115694939404,GAZOLE,0.5110649021225424,0.5106155686482625,0.5092551200701076,0.540005954911969,2026-09-01,1.0602,proxy_ma7_eur_l
2026-01-21,2.334,1.1705,0.526764263309627,GAZOLE,0.516672467080137,0.5139801076228193,0.5120731463938426,0.5429941447915446,2026-09-01,1.0602,proxy_ma7_eur_l
2026-01-22,2.291,1.1738,0.5156058714879179,GAZOLE,0.5185605680971619,0.5151129682330343,0.5136354254341226,0.5446507604086231,2026-09-01,1.0602,proxy_ma7_eur_l
2026-01-23,2.335,1.1771,0.5240351221274968,GAZOLE,0.5221350856416808,0.517931678971165,0.5156487902470731,0.546785700138348,2026-09-01,1.0602,proxy_ma7_eur_l
2026-01-24,2.335,1.1771,0.5240351221274968,GAZOLE,0.521225371914304,0.5207503897092958,0.5176621550600236,0.548920639868073,2026-09-01,1.0602,proxy_ma7_eur_l
2026-01-25,2.335,1.1771,0.5240351221274968,GAZOLE,0.5240351221274968,0.522895100236007,0.5196755198729741,0.5510555795977979,2026-09-01,1.0602,proxy_ma7_eur_l
2026-01-26,2.317,1.1886,0.5149643659042823,GAZOLE,0.5210115367197589,0.5205351207549381,0.5203930623683225,0.5518164501420886,2026-09-01,1.0602,proxy_ma7_eur_l
2026-01-27,2.368,1.198,0.5221697996528343,GAZOLE,0.520389762561538,0.5218479063879213,0.5216585238195931,0.5531583251522084,2026-09-01,1.0602,proxy_ma7_eur_l
2026-01-28,2.394,1.1941,0.5296272450761305,GAZOLE,0.5222538035444159,0.5229663309776481,0.5220675212148079,0.5535920194249907,2026-09-01,1.0602,proxy_ma7_eur_l
2026-01-29,2.453,1.1943,0.5425890014523471,GAZOLE,0.5314620153937707,0.5266771068426181,0.5259222540668692,0.5576795162663014,2026-09-01,1.0602,proxy_ma7_eur_l
2026-01-30,2.482,1.1885,0.5516828220049849,GAZOLE,0.5412996895111544,0.5322066468181158,0.5298719254779389,0.5618676844316596,2026-09-01,1.0602,proxy_ma7_eur_l
2026-01-31,2.482,1.1885,0.5516828220049849,GAZOLE,0.5486515484874391,0.5395503380382564,0.5338215968890087,0.5660558525970175,2026-09-01,1.0602,proxy_ma7_eur_l
2026-02-01,2.482,1.1885,0.5516828220049849,GAZOLE,0.5516828220049849,0.5454529425086865,0.5377712683000784,0.5702440207623756,2026-09-01,1.0602,proxy_ma7_eur_l
2026-02-02,2.287,1.1807,0.5116977079216443,GAZOLE,0.5383544506438714,0.5418670350777892,0.5373046028739873,0.569749176235322,2026-09-01,1.0602,proxy_ma7_eur_l
2026-02-03,2.355,1.1819,0.5263771751446311,GAZOLE,0.5299192350237535,0.538624669816246,0.5379056565156725,0.5703865238690323,2026-09-01,1.0602,proxy_ma7_eur_l
2026-02-04,2.372,1.1803,0.5308956266995917,GAZOLE,0.5229901699219558,0.5344672307551674,0.5380868538904526,0.5705786626567232,2026-09-01,1.0602,proxy_ma7_eur_l
2026-02-05,2.34,1.1802,0.5237778363989725,GAZOLE,0.5270168794143985,0.5288862336339648,0.5353995445971134,0.5677290830179487,2026-09-01,1.0602,proxy_ma7_eur_l
2026-02-06,2.351,1.1812,0.5257945268320411,GAZOLE,0.5268226633102019,0.523708574599376,0.5317012167152644,0.5638074354964854,2026-09-01,1.0602,proxy_ma7_eur_l
2026-02-07,2.351,1.1812,0.5257945268320411,GAZOLE,0.5251222966876851,0.5265279383814555,0.5280028888334153,0.559885787975022,2026-09-01,1.0602,proxy_ma7_eur_l
2026-02-08,2.351,1.1812,0.5257945268320411,GAZOLE,0.5257945268320411,0.5264114087189375,0.5243045609515661,0.5559641404535585,2026-09-01,1.0602,proxy_ma7_eur_l
2026-02-09,2.375,1.1898,0.5273227637843356,GAZOLE,0.5263039391494727,0.5256968361358862,0.5265367117890934,0.558331077371857,2026-09-01,1.0602,proxy_ma7_eur_l
2026-02-10,2.358,1.1898,0.5235482429488267,GAZOLE,0.5255551778550679,0.5256509174458571,0.5261325786182642,0.5579025410445342,2026-09-01,1.0602,proxy_ma7_eur_l
2026-02-11,2.391,1.1884,0.5315006539787387,GAZOLE,0.5274572202373005,0.5267921428751967,0.5262190110867139,0.5579941926466901,2026-09-01,1.0602,proxy_ma7_eur_l
2026-02-12,2.325,1.187,0.5174389399601476,GAZOLE,0.5241626122959046,0.5251210255008179,0.525313454452596,0.557033954927595,2026-09-01,1.0602,proxy_ma7_eur_l
2026-02-13,2.434,1.187,0.5416973676830104,GAZOLE,0.5302123205406324,0.5283015936710118,0.5275852888598773,0.5594429716662718,2026-09-01,1.0602,proxy_ma7_eur_l
2026-02-14,2.434,1.187,0.5416973676830104,GAZOLE,0.5336112251087229,0.5311765144507467,0.5298571232671586,0.5618519884049488,2026-09-01,1.0602,proxy_ma7_eur_l
2026-02-15,2.434,1.187,0.5416973676830104,GAZOLE,0.5416973676830104,0.5348063393975835,0.53212895767444,0.5642610051436256,2026-09-01,1.0602,proxy_ma7_eur_l
2026-02-16,2.434,1.187,0.5416973676830104,GAZOLE,0.5416973676830104,0.5368456821384378,0.5341824725171078,0.5664385193203866,2026-09-01,1.0602,proxy_ma7_eur_l
2026-02-17,2.44,1.1831,0.5448227603363047,GAZOLE,0.5427391652341086,0.5423224462136693,0.5372216892867475,0.569661255998317,2026-09-01,1.0602,proxy_ma7_eur_l
2026-02-18,2.569,1.181,0.574646911522509,GAZOLE,0.5537223465139415,0.548912354981569,0.5433854403644289,0.5761971987024076,2026-09-01,1.0602,proxy_ma7_eur_l
2026-02-19,2.657,1.1762,0.5967566256721649,GAZOLE,0.5720754325103263,0.5599242065793998,0.5547165383232886,0.5882125130945981,2026-09-01,1.0602,proxy_ma7_eur_l
2026-02-20,2.633,1.1781,0.590412540411684,GAZOLE,0.5872720258687861,0.5696672411251346,0.5616758487130992,0.5955920541231913,2026-09-01,1.0602,proxy_ma7_eur_l
2026-02-21,2.633,1.1781,0.590412540411684,GAZOLE,0.592527235498511,0.5794102756708692,0.5686351591029096,0.6029715951517842,2026-09-01,1.0602,proxy_ma7_eur_l
2026-02-22,2.633,1.1781,0.590412540411684,GAZOLE,0.590412540411684,0.5885282316859451,0.5755944694927201,0.6103511361803771,2026-09-01,1.0602,proxy_ma7_eur_l
2026-02-23,2.743,1.1804,0.6138799895106752,GAZOLE,0.5982350234446813,0.5963748472835785,0.5859062726109581,0.6212856066849873,2026-09-01,1.0602,proxy_ma7_eur_l
2026-02-24,2.778,1.1789,0.6225039964805635,GAZOLE,0.6089321754676411,0.6015243214452581,0.5970035920601378,0.6330530260980557,2026-09-01,1.0602,proxy_ma7_eur_l
2026-02-25,2.727,1.1804,0.6102992094041602,GAZOLE,0.6155610651317999,0.6055016552437534,0.6020967774718022,0.6384537581543008,2026-09-01,1.0602,proxy_ma7_eur_l
2026-02-26,2.701,1.1792,0.6050955846500669,GAZOLE,0.6126329301782637,0.60843826409143,0.6032880573257883,0.6397169721894008,2026-09-01,1.0602,proxy_ma7_eur_l
2026-02-27,2.686,1.1822,0.6002081988106807,GAZOLE,0.605200997621636,0.6103973957712293,0.6046874370970735,0.6412008520364475,2026-09-01,1.0602,proxy_ma7_eur_l
2026-02-28,2.686,1.1822,0.6002081988106807,GAZOLE,0.6018373274238096,0.6076630376312304,0.6060868168683587,0.6426847318834942,2026-09-01,1.0602,proxy_ma7_eur_l
2026-03-01,2.686,1.1822,0.6002081988106807,GAZOLE,0.6002081988106807,0.6032038780972538,0.607486196639644,0.6441686117305409,2026-09-01,1.0602,proxy_ma7_eur_l
2026-03-02,2.995,1.169,0.6768137697285325,GAZOLE,0.6257433891166314,0.6165067901621283,0.6164767366707665,0.6537020360660926,2026-09-01,1.0602,proxy_ma7_eur_l
2026-03-03,3.224,1.1604,0.7339630272342903,GAZOLE,0.6703283319245013,0.642280278678973,0.6323994553498702,0.6705862313667118,2026-09-01,1.0602,proxy_ma7_eur_l
2026-03-04,3.383,1.1638,0.7679103395150508,GAZOLE,0.7262290454926247,0.675820706819847,0.6549153310799974,0.6944617045728579,2026-09-01,1.0602,proxy_ma7_eur_l
2026-03-05,3.521,1.1585,0.8028914944782396,GAZOLE,0.7682549537425271,0.7163573659533587,0.6831718896268794,0.7244245056901728,2026-09-01,1.0602,proxy_ma7_eur_l
2026-03-06,3.682,1.1606,0.8380850394474431,GAZOLE,0.8029622911469113,0.7639327340807112,0.717154295432131,0.7604589033306809,2026-09-01,1.0602,proxy_ma7_eur_l
2026-03-07,3.682,1.1606,0.8380850394474431,GAZOLE,0.8263538577910422,0.7961869880244933,0.7511367012373829,0.7964933009711892,2026-09-01,1.0602,proxy_ma7_eur_l
2026-03-08,3.682,1.1606,0.8380850394474431,GAZOLE,0.8380850394474431,0.817011390467124,0.7851191070426345,0.8325276986116974,2026-09-01,1.0602,proxy_ma7_eur_l
2026-03-09,3.358,1.1592,0.7652603104025728,GAZOLE,0.8138101297658199,0.8164813846446283,0.7977543271389261,0.8459258831850435,2026-09-01,1.0602,proxy_ma7_eur_l
2026-03-10,3.456,1.1648,0.7838071883153853,GAZOLE,0.7957175127218005,0.8126645234120575,0.8048749215790826,0.8534764472317401,2026-09-01,1.0602,proxy_ma7_eur_l
2026-03-11,3.801,1.1566,0.868163557853469,GAZOLE,0.8057436855238093,0.8186802270932627,0.8191968099131423,0.8686631477305231,2026-09-01,1.0602,proxy_ma7_eur_l
2026-03-12,4.01,1.1522,0.9193976132235508,GAZOLE,0.8571227864641352,0.8349427418484842,0.8358405411624724,0.8863118931871331,2026-09-01,1.0602,proxy_ma7_eur_l
2026-03-13,4.049,1.1444,0.9346667598725471,GAZOLE,0.9074093103165225,0.854259085933505,0.8496379297946302,0.9009424226211311,2026-09-01,1.0602,proxy_ma7_eur_l
2026-03-14,4.049,1.1444,0.9346667598725471,GAZOLE,0.9295770443228819,0.8881403758274999,0.8634353184267879,0.915572952055129,2026-09-01,1.0602,proxy_ma7_eur_l
2026-03-15,4.049,1.1444,0.9346667598725471,GAZOLE,0.9346667598725471,0.9183122901389323,0.8772327070589456,0.930203481489127,2026-09-01,1.0602,proxy_ma7_eur_l
2026-03-16,3.897,1.1487,0.896211794236706,GAZOLE,0.9218484379939335,0.9239219374155796,0.8959400618923932,0.9500404602696686,2026-09-01,1.0602,proxy_ma7_eur_l
2026-03-17,4.063,1.1525,0.9313067667949301,GAZOLE,0.9207284403013946,0.9263037681298554,0.9170114302466138,0.9723842010412024,2026-09-01,1.0602,proxy_ma7_eur_l
2026-03-18,4.428,1.1513,1.0160287048049,GAZOLE,0.9478490886121788,0.942576157116326,0.9381350226682469,0.9947833193755351,2026-09-01,1.0602,proxy_ma7_eur_l
2026-03-19,4.377,1.1515,1.0041520392284982,GAZOLE,0.9838291702761096,0.9564732129875162,0.9502427978118108,1.0076222097873968,2026-09-01,1.0602,proxy_ma7_eur_l
2026-03-20,4.712,1.1543,1.0783840515564371,GAZOLE,1.0328549318632785,0.9852166713242942,0.9707738394809379,1.0293929968152193,2026-09-01,1.0602,proxy_ma7_eur_l
2026-03-21,4.712,1.1543,1.0783840515564371,GAZOLE,1.0536400474471244,1.0216511227882406,0.9913048811500651,1.0511637838430417,2026-09-01,1.0602,proxy_ma7_eur_l
2026-03-22,4.712,1.1543,1.0783840515564371,GAZOLE,1.0783840515564371,1.0510665797405419,1.0118359228191922,1.0729345708708642,2026-09-01,1.0602,proxy_ma7_eur_l
2026-03-23,4.187,1.1587,0.9545942722219448,GAZOLE,1.0371207917782732,1.0387796932239508,1.0201762768170834,1.0817785483733682,2026-09-01,1.0602,proxy_ma7_eur_l
2026-03-24,4.175,1.1578,0.9525983059209446,GAZOLE,0.9951922098997756,1.0284689465624401,1.023217925263657,1.0850038635624868,2026-09-01,1.0602,proxy_ma7_eur_l
2026-03-25,4.076,1.157,0.9306527963801321,GAZOLE,0.9459484581743407,0.998922695527179,1.0110213669172616,1.0720708288674639,2026-09-01,1.0602,proxy_ma7_eur_l
2026-03-26,4.29,1.1542,0.981890577557145,GAZOLE,0.9550472266194076,0.9796240007273207,1.0078411581070683,1.0686985864928924,2026-09-01,1.0602,proxy_ma7_eur_l
2026-03-27,4.605,1.152,1.0560002613795778,GAZOLE,0.9895145451056185,0.9751472426919487,1.0046434737960883,1.0653078133777982,2026-09-01,1.0602,proxy_ma7_eur_l
2026-03-28,4.605,1.152,1.0560002613795778,GAZOLE,1.031297033438767,0.9954284405234756,1.0014457894851085,1.0619170402627043,2026-09-01,1.0602,proxy_ma7_eur_l
2026-03-29,4.605,1.152,1.0560002613795778,GAZOLE,1.0560002613795778,1.016108831615202,0.9982481051741285,1.0585262671476101,2026-09-01,1.0602,proxy_ma7_eur_l
2026-03-30,4.494,1.1454,1.036484375150619,GAZOLE,1.0494949659699249,1.0372751473692996,1.0099466913067963,1.0709312601004968,2026-09-01,1.0602,proxy_ma7_eur_l
2026-03-31,4.223,1.1518,0.9685696970901726,GAZOLE,1.0203514445401234,1.034610971275905,1.012228318616686,1.073350661075907,2026-09-01,1.0602,proxy_ma7_eur_l
2026-04-01,4.096,1.1614,0.9316761894773342,GAZOLE,0.9789100872393753,1.0097461568954564,1.012374517630572,1.073505688163489,2026-09-01,1.0602,proxy_ma7_eur_l
2026-04-02,4.509,1.1546,1.0316575299522703,GAZOLE,0.977301138839926,1.0048776106099946,1.0194840822584472,1.0810445563742899,2026-09-01,1.0602,proxy_ma7_eur_l
2026-04-03,4.509,1.1523,1.0337167266188416,GAZOLE,0.9990168153494823,1.0004209036578477,1.0163007201497705,1.0776689702926223,2026-09-01,1.0602,proxy_ma7_eur_l
2026-04-04,4.509,1.1523,1.0337167266188416,GAZOLE,1.0330303277299846,0.9998673739514921,1.0131173580410937,1.0742933842109545,2026-09-01,1.0602,proxy_ma7_eur_l
2026-04-05,4.509,1.1523,1.0337167266188416,GAZOLE,1.0337167266188416,1.012896779857226,1.0099339959324174,1.0709177981292877,2026-09-01,1.0602,proxy_ma7_eur_l
2026-04-06,4.394,1.1545,1.0054326531500253,GAZOLE,1.0242887021292364,1.027648072591764,1.005498035646618,1.0662139770469297,2026-09-01,1.0602,proxy_ma7_eur_l
2026-04-07,4.358,1.1571,0.9949544587129986,GAZOLE,1.011367946160622,1.0203074583439098,1.0092672873070219,1.0702108310047251,2026-09-01,1.0602,proxy_ma7_eur_l
2026-04-08,3.928,1.1686,0.8879580880222548,GAZOLE,0.9627817332950931,0.9911557306245923,1.0030218442420105,1.063588263428565,2026-09-01,1.0602,proxy_ma7_eur_l
2026-04-09,3.981,1.1706,0.8984016234732519,GAZOLE,0.9271047234028353,0.9640927099954745,0.9839852861735794,1.0434022028219183,2026-09-01,1.0602,proxy_ma7_eur_l
2026-04-10,3.775,1.1723,0.8506777255412525,GAZOLE,0.8790124790122533,0.9274849097799567,0.9578368574482096,1.0156748287282678,2026-09-01,1.0602,proxy_ma7_eur_l
2026-04-11,3.775,1.1723,0.8506777255412525,GAZOLE,0.8665856915185858,0.896533924258202,0.9316884287228397,0.987947454634617,2026-09-01,1.0602,proxy_ma7_eur_l
2026-04-12,3.775,1.1723,0.8506777255412525,GAZOLE,0.8506777255412525,0.8676785776238528,0.9055399999974698,0.9602200805409661,2026-09-01,1.0602,proxy_ma7_eur_l
2026-04-13,3.838,1.171,0.865834617378799,GAZOLE,0.8557300228204349,0.8632538834951617,0.8855974234587232,0.9390732924915335,2026-09-01,1.0602,proxy_ma7_eur_l
2026-04-14,3.696,1.1791,0.8280721783697028,GAZOLE,0.8481948404299183,0.8491879944744518,0.8617570976953951,0.9137933937298558,2026-09-01,1.0602,proxy_ma7_eur_l
2026-04-15,3.79,1.1799,0.8485567238218346,GAZOLE,0.847487839856779,0.8487637941305683,0.8561283313810495,0.9078247402813915,2026-09-01,1.0602,proxy_ma7_eur_l
2026-04-16,3.854,1.1783,0.8640576167260495,GAZOLE,0.8468955063058625,0.8514397723675277,0.8512220447028775,0.9026221926420994,2026-09-01,1.0602,proxy_ma7_eur_l
2026-04-17,3.483,1.1801,0.7796892283394891,GAZOLE,0.8307678562957913,0.837242072927175,0.8410808308169114,0.8918686122211432,2026-09-01,1.0602,proxy_ma7_eur_l
2026-04-18,3.483,1.1801,0.7796892283394891,GAZOLE,0.8078120244683428,0.820012995119313,0.8309396169309452,0.8811150318001868,2026-09-01,1.0602,proxy_ma7_eur_l
2026-04-19,3.483,1.1801,0.7796892283394891,GAZOLE,0.7796892283394891,0.8103364051132702,0.820798403044979,0.8703614513792304,2026-09-01,1.0602,proxy_ma7_eur_l
2026-04-20,3.598,1.1785,0.8065261301524124,GAZOLE,0.7886348622771303,0.8019302863793858,0.8123257620126381,0.8613771988288275,2026-09-01,1.0602,proxy_ma7_eur_l
2026-04-21,3.847,1.1752,0.8647633470233126,GAZOLE,0.8169929018384049,0.8020714324388385,0.8175673575345822,0.8669353025837787,2026-09-01,1.0602,proxy_ma7_eur_l
2026-04-22,3.972,1.1714,0.8957584018836995,GAZOLE,0.8556826263531417,0.8252852671476806,0.8243104544005629,0.874085574262297,2026-09-01,1.0602,proxy_ma7_eur_l
2026-04-23,4.08,1.1704,0.9209005242833608,GAZOLE,0.8938074243967912,0.8535275263364548,0.8324308697658933,0.8826963323692227,2026-09-01,1.0602,proxy_ma7_eur_l
2026-04-24,4.029,1.1718,0.9083027811494965,GAZOLE,0.9083205691055191,0.8792502368984563,0.850804234453037,0.9021791533597333,2026-09-01,1.0602,proxy_ma7_eur_l
2026-04-25,4.029,1.1718,0.9083027811494965,GAZOLE,0.9125020288607848,0.8996055670978732,0.869177599140181,0.9216619743502442,2026-09-01,1.0602,proxy_ma7_eur_l
2026-04-26,4.029,1.1718,0.9083027811494965,GAZOLE,0.9083027811494965,0.90831345392311,0.8875509638273249,0.941144795340755,2026-09-01,1.0602,proxy_ma7_eur_l
2026-04-27,4.014,1.1731,0.9039183515178653,GAZOLE,0.9068413046056195,0.909945443849943,0.901464138308104,0.9558981022300714,2026-09-01,1.0602,proxy_ma7_eur_l
2026-04-28,4.035,1.1715,0.9098883749595638,GAZOLE,0.907369835875642,0.9077430139851836,0.9079105708704256,0.962733795842956,2026-09-01,1.0602,proxy_ma7_eur_l
2026-04-29,4.264,1.1695,0.9631719805516417,GAZOLE,0.9256595690096905,0.9187168538656127,0.917541082108703,0.972945835373949,2026-09-01,1.0602,proxy_ma7_eur_l
2026-04-30,4.217,1.1729,0.9497941382848595,GAZOLE,0.9409514979320219,0.9270151252926853,0.9216687412517742,0.9773227388733157,2026-09-01,1.0602,proxy_ma7_eur_l
2026-05-01,4.016,1.1755,0.9025222988263072,GAZOLE,0.9384961392209363,0.9258590288280475,0.9208429580627472,0.9764470916348955,2026-09-01,1.0602,proxy_ma7_eur_l
2026-05-02,4.016,1.1755,0.9025222988263072,GAZOLE,0.9182795786458248,0.9255798182897358,0.9200171748737201,0.9755714443964751,2026-09-01,1.0602,proxy_ma7_eur_l
2026-05-03,4.016,1.1755,0.9025222988263072,GAZOLE,0.9025222988263072,0.9241066030630846,0.9191913916846931,0.9746957971580548,2026-09-01,1.0602,proxy_ma7_eur_l
2026-05-04,4.091,1.1698,0.9238569552036119,GAZOLE,0.9096338509520757,0.9162435979934787,0.9220397636397998,0.977716165058038,2026-09-01,1.0602,proxy_ma7_eur_l
2026-05-05,4.114,1.1707,0.9283367416088003,GAZOLE,0.9182386652129066,0.9119521186582666,0.9246752445896906,0.9805107867533529,2026-09-01,1.0602,proxy_ma7_eur_l
2026-05-06,3.843,1.1753,0.8637906893664293,GAZOLE,0.9053281287262808,0.9042057967662911,0.9104779172775175,0.9654561687627622,2026-09-01,1.0602,proxy_ma7_eur_l
2026-05-07,3.926,1.1764,0.8816214532115698,GAZOLE,0.8912496280622667,0.9000256276433436,0.9007389622670475,0.9551291371964433,2026-09-01,1.0602,proxy_ma7_eur_l
2026-05-08,3.927,1.1773,0.8811718759963042,GAZOLE,0.8755280061914347,0.8957555430773432,0.8976889018627615,0.9518949021023928,2026-09-01,1.0602,proxy_ma7_eur_l
2026-05-09,3.927,1.1773,0.8811718759963042,GAZOLE,0.8813217350680597,0.8872185272358817,0.8946388414584753,0.9486606670083421,2026-09-01,1.0602,proxy_ma7_eur_l
2026-05-10,3.927,1.1773,0.8811718759963042,GAZOLE,0.8811718759963042,0.8777855541133823,0.8915887810541892,0.9454264319142914,2026-09-01,1.0602,proxy_ma7_eur_l
2026-05-11,4.051,1.178,0.9084558438903729,GAZOLE,0.8902665319609939,0.8867185850181711,0.889388622295155,0.9430934188824998,2026-09-01,1.0602,proxy_ma7_eur_l
2026-05-12,4.205,1.1733,0.9467684992465816,GAZOLE,0.9121320730444199,0.8997479942251735,0.8920217305291238,0.9458855245879371,2026-09-01,1.0602,proxy_ma7_eur_l
2026-05-13,4.04,1.1711,0.9113270357159249,GAZOLE,0.92218379295096,0.9057790261690976,0.8988126371504803,0.9530864929636281,2026-09-01,1.0602,proxy_ma7_eur_l
2026-05-14,4.005,1.1678,0.9059848173440526,GAZOLE,0.9213601174355199,0.9107416144386473,0.902293117740835,0.9567771387140102,2026-09-01,1.0602,proxy_ma7_eur_l
2026-05-15,4.163,1.1627,0.9458572752790676,GAZOLE,0.9210563761130152,0.9236786942952,0.9115338890669439,0.9665759042981277,2026-09-01,1.0602,proxy_ma7_eur_l
2026-05-16,4.163,1.1627,0.9458572752790676,GAZOLE,0.9325664559673962,0.9311589805729389,0.920774660393053,0.9763746698822453,2026-09-01,1.0602,proxy_ma7_eur_l
2026-05-17,4.163,1.1627,0.9458572752790676,GAZOLE,0.9458572752790676,0.9309767357794361,0.930015431719162,0.9861734354663629,2026-09-01,1.0602,proxy_ma7_eur_l
2026-05-18,4.151,1.1649,0.9413496345941059,GAZOLE,0.9443547283840806,0.9369812555550723,0.9347145446768382,0.9911562994179317,2026-09-01,1.0602,proxy_ma7_eur_l
2026-05-19,4.288,1.1602,0.9763573181449239,GAZOLE,0.954521409339366,0.9510557557152465,0.9389415188051728,0.9956385149334974,2026-09-01,1.0602,proxy_ma7_eur_l
2026-05-20,4.036,1.162,0.9175545639565292,GAZOLE,0.9450871722318532,0.945395213450739,0.9398311656966877,0.9965818822169148,2026-09-01,1.0602,proxy_ma7_eur_l
2026-05-21,3.974,1.1589,0.9058760342318422,GAZOLE,0.9332626387777653,0.9373989652412937,0.9398156252520863,0.9965654033789101,2026-09-01,1.0602,proxy_ma7_eur_l
2026-05-22,3.957,1.1603,0.9009125322599268,GAZOLE,0.9081143768160996,0.9284100166374657,0.9333949476779233,0.9897570199420574,2026-09-01,1.0602,proxy_ma7_eur_l
2026-05-23,3.957,1.1603,0.9009125322599268,GAZOLE,0.9025670329172323,0.9203225961706298,0.9269742701037603,0.9829486365052047,2026-09-01,1.0602,proxy_ma7_eur_l
2026-05-24,3.957,1.1603,0.9009125322599268,GAZOLE,0.9009125322599268,0.9052336389936304,0.9205535925295975,0.9761402530683522,2026-09-01,1.0602,proxy_ma7_eur_l
2026-05-25,3.957,1.1603,0.9009125322599268,GAZOLE,0.9009125322599268,0.9019052326543099,0.9147768636247147,0.9700147024639334,2026-09-01,1.0602,proxy_ma7_eur_l
2026-05-26,3.777,1.162,0.8586728414429661,GAZOLE,0.8868326353209403,0.8924645940965347,0.897964795524435,0.9521874553126691,2026-09-01,1.0602,proxy_ma7_eur_l
2026-05-27,3.671,1.1631,0.8337852327459057,GAZOLE,0.8644568688162665,0.8790391341937305,0.8859977482086316,0.9394977904304438,2026-09-01,1.0602,proxy_ma7_eur_l
2026-05-28,3.62,1.1649,0.8209312640883315,GAZOLE,0.8377964460924012,0.8630428805594115,0.8738627810452729,0.9266300660372696,2026-09-01,1.0602,proxy_ma7_eur_l
2026-05-29,3.525,1.1679,0.7973340907290635,GAZOLE,0.8173501958544338,0.8423271922532388,0.8590658608265782,0.9109396493530889,2026-09-01,1.0602,proxy_ma7_eur_l
2026-05-30,3.525,1.1679,0.7973340907290635,GAZOLE,0.805199815182153,0.8216115039470662,0.8442689406078835,0.8952492326689083,2026-09-01,1.0602,proxy_ma7_eur_l
2026-05-31,3.525,1.1679,0.7973340907290635,GAZOLE,0.7973340907290635,0.8093437538042855,0.8294720203891887,0.8795588159847274,2026-09-01,1.0602,proxy_ma7_eur_l
2026-06-01,3.656,1.1624,0.8308783752764888,GAZOLE,0.8085155189115388,0.8087623823104021,0.8194671408201261,0.8689498022850181,2026-09-01,1.0602,proxy_ma7_eur_l
2026-06-02,3.688,1.1642,0.8368549468277371,GAZOLE,0.8216891376110967,0.8119471188582832,0.8163502987322362,0.8656447529656336,2026-09-01,1.0602,proxy_ma7_eur_l
2026-06-03,3.851,1.1605,0.8766278101087717,GAZOLE,0.8481203774043328,0.8278058627342249,0.8224706669269314,0.8721346931569747,2026-09-01,1.0602,proxy_ma7_eur_l
2026-06-04,3.666,1.1629,0.8327927972697327,GAZOLE,0.8487585180687472,0.8348976040423587,0.8241651716671315,0.8739315187838013,2026-09-01,1.0602,proxy_ma7_eur_l
2026-06-05,3.597,1.1533,0.8239199447951616,GAZOLE,0.8444468507245556,0.8402147748555784,0.8279631508194312,0.8779588349128782,2026-09-01,1.0602,proxy_ma7_eur_l
2026-06-06,3.597,1.1533,0.8239199447951616,GAZOLE,0.8268775622866856,0.838823088759313,0.831761129971731,0.8819861510419552,2026-09-01,1.0602,proxy_ma7_eur_l
2026-06-07,3.597,1.1533,0.8239199447951616,GAZOLE,0.8239199447951616,0.8362360883527978,0.8355591091240308,0.8860134671710322,2026-09-01,1.0602,proxy_ma7_eur_l
2026-06-08,3.587,1.1545,0.8207753588641649,GAZOLE,0.8228717494848296,0.8250655981038765,0.8341158210651274,0.8844830276805978,2026-09-01,1.0602,proxy_ma7_eur_l
2026-06-09,3.526,1.1556,0.8060493740176803,GAZOLE,0.8169148925590024,0.819716913453466,0.8297150249494049,0.8798164941197445,2026-09-01,1.0602,proxy_ma7_eur_l
2026-06-10,3.644,1.155,0.833457107180167,GAZOLE,0.8200939466873377,0.8216243459304671,0.8235477816738899,0.8732768483451268,2026-09-01,1.0602,proxy_ma7_eur_l
2026-06-11,3.47,1.1515,0.7960720987258142,GAZOLE,0.8118595266412206,0.8160547767165977,0.8183019675961872,0.8677142713013642,2026-09-01,1.0602,proxy_ma7_eur_l
2026-06-12,3.407,1.1573,0.7777017042981177,GAZOLE,0.8024103034013667,0.8068111286171888,0.8116993618108953,0.8607129741096876,2026-09-01,1.0602,proxy_ma7_eur_l
2026-06-13,3.407,1.1573,0.7777017042981177,GAZOLE,0.7838251691073501,0.7981963977039793,0.8050967560256034,0.8537116769180108,2026-09-01,1.0602,proxy_ma7_eur_l
2026-06-14,3.407,1.1573,0.7777017042981177,GAZOLE,0.7777017042981177,0.7925268637600669,0.7984941502403113,0.8467103797263339,2026-09-01,1.0602,proxy_ma7_eur_l
2026-06-15,3.278,1.1599,0.7465781426243733,GAZOLE,0.767327183740203,0.7751510708489081,0.787894547920341,0.8354707315678731,2026-09-01,1.0602,proxy_ma7_eur_l
2026-06-16,3.207,1.1615,0.7294014394426017,GAZOLE,0.7512270954550312,0.7618169389922655,0.7769448429810443,0.8238598402116208,2026-09-01,1.0602,proxy_ma7_eur_l
2026-06-17,3.172,1.1593,0.7228101009920183,GAZOLE,0.7329298943529979,0.7508386183310457,0.7611381278113087,0.807098653170282,2026-09-01,1.0602,proxy_ma7_eur_l
2026-06-18,3.128,1.147,0.7204273581310273,GAZOLE,0.7242129661885494,0.7393837490976277,0.7503317362977677,0.7956397290702769,2026-09-01,1.0602,proxy_ma7_eur_l
2026-06-19,3.128,1.147,0.7204273581310273,GAZOLE,0.7212216057513579,0.7279288798642096,0.7421496868453261,0.7869636151667104,2026-09-01,1.0602,proxy_ma7_eur_l
2026-06-20,3.128,1.147,0.7204273581310273,GAZOLE,0.7204273581310273,0.7226987229655404,0.7339676373928847,0.7782875012631442,2026-09-01,1.0602,proxy_ma7_eur_l
2026-06-21,3.128,1.147,0.7204273581310273,GAZOLE,0.7204273581310273,0.7209039067032255,0.7257855879404432,0.7696113873595779,2026-09-01,1.0602,proxy_ma7_eur_l
2026-06-22,3.094,1.1432,0.7149652991568503,GAZOLE,0.7186066718063019,0.7193349463361919,0.7212694674450828,0.7648225656777087,2026-09-01,1.0602,proxy_ma7_eur_l
2026-06-23,3.173,1.1383,0.7363769850939162,GAZOLE,0.7239232141272648,0.7225248717287697,0.7222659739666991,0.7658792451976069,2026-09-01,1.0602,proxy_ma7_eur_l
2026-06-24,3.158,1.1348,0.7351562754203672,GAZOLE,0.7288328532237115,0.7254706551866377,0.7240297131707489,0.767749485938569,2026-09-01,1.0602,proxy_ma7_eur_l
2026-06-25,3.299,1.1385,0.7654840586117977,GAZOLE,0.7456724397086939,0.7344819952827917,0.730466384668002,0.7745748290747366,2026-09-01,1.0602,proxy_ma7_eur_l
2026-06-26,3.219,1.1403,0.7457422051573092,GAZOLE,0.748794179729825,0.7395449646880481,0.7340827913860422,0.7784096087090709,2026-09-01,1.0602,proxy_ma7_eur_l
2026-06-27,3.219,1.1403,0.7457422051573092,GAZOLE,0.7523228229754721,0.7457003458881399,0.7376991981040825,0.7822443883434056,2026-09-01,1.0602,proxy_ma7_eur_l
2026-06-28,3.219,1.1403,0.7457422051573092,GAZOLE,0.7457422051573092,0.7475733899008186,0.7413156048221227,0.7860791679777399,2026-09-01,1.0602,proxy_ma7_eur_l
2026-06-29,3.316,1.1425,0.7667348145467134,GAZOLE,0.7527397416204441,0.7538890977260877,0.7487112498778175,0.7939213912821235,2026-09-01,1.0602,proxy_ma7_eur_l
2026-06-30,3.286,1.1417,0.7603305282025714,GAZOLE,0.7576025159688649,0.7528583916442424,0.7521331846076252,0.7975499559417422,2026-09-01,1.0602,proxy_ma7_eur_l
2026-07-01,3.22,1.1384,0.7472189112730481,GAZOLE,0.7580947513407779,0.7531537328673903,0.7538564183008655,0.799377245289224,2026-09-01,1.0602,proxy_ma7_eur_l
2026-07-02,3.189,1.1448,0.735888080861404,GAZOLE,0.7478125067790081,0.7511829080082093,0.7496284214793806,0.7948939453262577,2026-09-01,1.0602,proxy_ma7_eur_l
2026-07-03,3.189,1.1448,0.735888080861404,GAZOLE,0.7396650243319521,0.7492120831490282,0.7482206894371084,0.7934012088651246,2026-09-01,1.0602,proxy_ma7_eur_l
2026-07-04,3.189,1.1448,0.735888080861404,GAZOLE,0.735888080861404,0.7430427364119663,0.7468129573948362,0.7919084724039914,2026-09-01,1.0602,proxy_ma7_eur_l
2026-07-05,3.189,1.1448,0.735888080861404,GAZOLE,0.735888080861404,0.7381542469437328,0.7454052253525641,0.7904157359428585,2026-09-01,1.0602,proxy_ma7_eur_l
2026-07-06,3.306,1.1426,0.7643556844880437,GAZOLE,0.7453772820702841,0.7415816015867319,0.745065349629897,0.7900553371821254,2026-09-01,1.0602,proxy_ma7_eur_l
2026-07-07,3.37,1.1423,0.779357276063171,GAZOLE,0.7598670138042065,0.7502754406270854,0.7477834564671255,0.7929375740420871,2026-09-01,1.0602,proxy_ma7_eur_l
2026-07-08,3.718,1.1396,0.8618740704348857,GAZOLE,0.8018623436620338,0.7754726385417816,0.7641627649188167,0.8103059298085162,2026-09-01,1.0602,proxy_ma7_eur_l
2026-07-09,3.582,1.1439,0.827226411003486,GAZOLE,0.8228192525005146,0.7937403045701981,0.777211097796257,0.8241421725438299,2026-09-01,1.0602,proxy_ma7_eur_l
2026-07-10,3.573,1.1438,0.8252200936139747,GAZOLE,0.8381068583507824,0.8116067071207123,0.7899728139037671,0.8376744914569961,2026-09-01,1.0602,proxy_ma7_eur_l
2026-07-11,3.573,1.1438,0.8252200936139747,GAZOLE,0.8258888660771454,0.8237795889458985,0.8027345300112773,0.8512068103701625,2026-09-01,1.0602,proxy_ma7_eur_l
2026-07-12,3.573,1.1438,0.8252200936139747,GAZOLE,0.8252200936139747,0.8329521524560592,0.8154962461187871,0.8647391292833284,2026-09-01,1.0602,proxy_ma7_eur_l
2026-07-13,3.866,1.1402,0.895710537113315,GAZOLE,0.848716908113755,0.8397194457917451,0.8342612250652547,0.8846372117483515,2026-09-01,1.0602,proxy_ma7_eur_l
2026-07-14,4.045,1.1428,0.9350507103506391,GAZOLE,0.8853271136926432,0.8612843056611756,0.8565031442491787,0.9082221858303721,2026-09-01,1.0602,proxy_ma7_eur_l
2026-07-15,3.993,1.1436,0.9223845794561792,GAZOLE,0.9177152756400447,0.8807172028296165,0.8651475026807919,0.917388524754607,2026-09-01,1.0602,proxy_ma7_eur_l
2026-07-16,4.067,1.1447,0.9385758163192012,GAZOLE,0.9320037020420068,0.9033883473706619,0.8810545605830369,0.9342561136188274,2026-09-01,1.0602,proxy_ma7_eur_l
2026-07-17,4.088,1.144,0.9439994318532438,GAZOLE,0.9349866092095417,0.9271442150185157,0.8980230374743611,0.9522492141414884,2026-09-01,1.0602,proxy_ma7_eur_l
2026-07-18,4.088,1.144,0.9439994318532438,GAZOLE,0.9421915600085632,0.9368019939665014,0.9149915143656852,0.9702423146641492,2026-09-01,1.0602,proxy_ma7_eur_l
2026-07-19,4.088,1.144,0.9439994318532438,GAZOLE,0.9439994318532438,0.9385917382670224,0.9319599912570096,0.9882354151868102,2026-09-01,1.0602,proxy_ma7_eur_l
2026-07-20,4.118,1.1411,0.9533437136191879,GAZOLE,0.9471141924418921,0.9447835650996241,0.9401933021864197,0.9969658859377204,2026-09-01,1.0602,proxy_ma7_eur_l
2026-07-21,4.139,1.1408,0.9584573323197548,GAZOLE,0.9519334925973958,0.9487598682997348,0.9435371053248648,1.000511601112003,2026-09-01,1.0602,proxy_ma7_eur_l
2026-07-22,4.135,1.1414,0.9570277172778551,GAZOLE,0.9562762544055995,0.951365525384657,0.9484861250136757,1.0057594621498391,2026-09-01,1.0602,proxy_ma7_eur_l
2026-07-23,4.36,1.1373,1.0127408320421412,GAZOLE,0.9760752938799172,0.9651138054224365,0.95908112725981,1.016994232463843,2026-09-01,1.0602,proxy_ma7_eur_l
2026-07-24,4.233,1.1385,0.9822049166728521,GAZOLE,0.9839911553309498,0.9727549023863581,0.9645390536626113,1.022781730012377,2026-09-01,1.0602,proxy_ma7_eur_l
2026-07-25,4.233,1.1385,0.9822049166728521,GAZOLE,0.992383555129282,0.978527142997091,0.9699969800654126,1.0285692275609104,2026-09-01,1.0602,proxy_ma7_eur_l
2026-07-26,4.233,1.1385,0.9822049166728521,GAZOLE,0.9822049166728521,0.9832766598677104,0.9754549064682135,1.0343567251094437,2026-09-01,1.0602,proxy_ma7_eur_l
2026-07-27,4.103,1.1376,0.9527935397551714,GAZOLE,0.9724011243669587,0.9824298243631737,0.9753763102019255,1.0342733828902755,2026-09-01,1.0602,proxy_ma7_eur_l
2026-07-28,4.162,1.1401,0.9643751266683745,GAZOLE,0.9664578610321329,0.9727566832884206,0.9762217093945855,1.0351698306240782,2026-09-01,1.0602,proxy_ma7_eur_l
2026-07-29,4.425,1.1384,1.026845864094173,GAZOLE,0.9813381768392399,0.9816848727726846,0.9861957303683452,1.0457461223646611,2026-09-01,1.0602,proxy_ma7_eur_l
2026-07-30,4.235,1.1522,0.9709847610976904,GAZOLE,0.9874019172867462,0.9794408416576523,0.9802305773762809,1.039420769882722,2026-09-01,1.0602,proxy_ma7_eur_l
2026-07-31,4.161,1.1519,0.9542667851916448,GAZOLE,0.9840324701278362,0.9738532153614109,0.9762394157361084,1.035188606144412,2026-09-01,1.0602,proxy_ma7_eur_l
2026-08-01,4.161,1.1519,0.9542667851916448,GAZOLE,0.9598394438269935,0.9741478644487055,0.972248254095936,1.0309564424061024,2026-09-01,1.0602,proxy_ma7_eur_l
2026-08-02,4.161,1.1519,0.9542667851916448,GAZOLE,0.9542667851916448,0.9721261961533596,0.9682570924557634,1.0267242786677924,2026-09-01,1.0602,proxy_ma7_eur_l
2026-08-03,3.898,1.1509,0.8947281780276849,GAZOLE,0.9344205828036584,0.945702658940062,0.9599620407804081,1.017928339020926,2026-09-01,1.0602,proxy_ma7_eur_l
2026-08-04,3.757,1.1527,0.8610170909252741,GAZOLE,0.9033373513815347,0.9237091249055787,0.9451966071028224,1.0022713101595246,2026-09-01,1.0602,proxy_ma7_eur_l
2026-08-05,3.819,1.1547,0.8737101134110754,GAZOLE,0.8764851274546782,0.9075977905494648,0.9233200712909513,0.9790737827402047,2026-09-01,1.0602,proxy_ma7_eur_l
2026-08-06,3.965,1.1521,0.9091590900095986,GAZOLE,0.8812954314486495,0.8985762515130556,0.9144878325640811,0.9697082185666773,2026-09-01,1.0602,proxy_ma7_eur_l
2026-08-07,3.91,1.1559,0.8936004193445458,GAZOLE,0.8921565409217401,0.8864429783436357,0.9058212088716383,0.960518269917254,2026-09-01,1.0602,proxy_ma7_eur_l
2026-08-08,3.91,1.1559,0.8936004193445458,GAZOLE,0.8987866428995636,0.886217426607008,0.8971545851791956,0.9513283212678305,2026-09-01,1.0602,proxy_ma7_eur_l
2026-08-09,3.91,1.1559,0.8936004193445458,GAZOLE,0.8936004193445458,0.8927340922908623,0.8884879614867529,0.9421383726184073,2026-09-01,1.0602,proxy_ma7_eur_l
2026-08-10,4.212,1.1552,0.9632035011534981,GAZOLE,0.9168014466141967,0.9106327698393468,0.8982701505047263,0.9525112488323034,2026-09-01,1.0602,proxy_ma7_eur_l
2026-08-11,4.325,1.1543,0.9898155821268231,GAZOLE,0.9488731675416225,0.9267640682627917,0.9166699349620905,0.9720220849230736,2026-09-01,1.0602,proxy_ma7_eur_l
2026-08-12,4.345,1.154,0.9946512716604462,GAZOLE,0.982556784980256,0.9469742387259718,0.933947243283429,0.9903426653368523,2026-09-01,1.0602,proxy_ma7_eur_l
2026-08-13,4.305,1.1531,0.9862637112148372,GAZOLE,0.990243521667369,0.96550689710003,0.9449621891698916,1.0020227371462511,2026-09-01,1.0602,proxy_ma7_eur_l
2026-08-14,4.332,1.1581,0.988164520175718,GAZOLE,0.9896931676836672,0.9844197172662646,0.9584713464314879,1.0163476306615091,2026-09-01,1.0602,proxy_ma7_eur_l
2026-08-15,4.332,1.1581,0.988164520175718,GAZOLE,0.9875309171887579,0.9894119210707085,0.9719805036930839,1.0306725241767671,2026-09-01,1.0602,proxy_ma7_eur_l
2026-08-16,4.332,1.1581,0.988164520175718,GAZOLE,0.988164520175718,0.9890817086804875,0.9854896609546798,1.044997417692025,2026-09-01,1.0602,proxy_ma7_eur_l
2026-08-17,4.532,1.1591,1.032894263900551,GAZOLE,1.0030744347506626,0.9967303071285084,0.9954454842042588,1.055554412857991,2026-09-01,1.0602,proxy_ma7_eur_l
2026-08-18,4.55,1.158,1.0379817255868526,GAZOLE,1.0196801698877074,1.0070739100029116,1.0023263618414058,1.0628507850546385,2026-09-01,1.0602,proxy_ma7_eur_l
2026-08-19,4.522,1.1664,1.024164969790421,GAZOLE,1.031680319759275,1.014273999925852,1.0065426044314023,1.06732162101921,2026-09-01,1.0602,proxy_ma7_eur_l
2026-08-20,4.568,1.1679,1.0332545039575494,GAZOLE,1.0318003997782745,1.0232919966822185,1.0132555748232182,1.0744399470681054,2026-09-01,1.0602,proxy_ma7_eur_l
2026-08-21,4.473,1.1684,1.0113330967117407,GAZOLE,1.0229175234865704,1.027925711989423,1.0165653714712215,1.0779496023057853,2026-09-01,1.0602,proxy_ma7_eur_l
2026-08-22,4.473,1.1684,1.0113330967117407,GAZOLE,1.0186402324603436,1.0236134785516608,1.0198751681192246,1.0814592575434652,2026-09-01,1.0602,proxy_ma7_eur_l
2026-08-23,4.473,1.1684,1.0113330967117407,GAZOLE,1.0113330967117407,1.0182837527766384,1.023184964767228,1.0849689127811453,2026-09-01,1.0602,proxy_ma7_eur_l
2026-08-24,4.268,1.1665,0.9665549245302849,GAZOLE,0.9964070393179223,1.0067617437246112,1.0137079162857614,1.0749196026941366,2026-09-01,1.0602,proxy_ma7_eur_l
2026-08-25,4.186,1.1673,0.9473350562590673,GAZOLE,0.9750743591670311,0.9895778541849148,1.0007583920960779,1.0611881351052728,2026-09-01,1.0602,proxy_ma7_eur_l
2026-08-26,4.231,1.1651,0.9593270564992927,GAZOLE,0.9577390124295485,0.9791766461424253,0.9914958330544881,1.051366266177389,2026-09-01,1.0602,proxy_ma7_eur_l
2026-08-27,4.273,1.1654,0.9686006347403193,GAZOLE,0.9584209158328933,0.970630153748141,0.9822595660234553,1.041572276875469,2026-09-01,1.0602,proxy_ma7_eur_l
2026-08-28,4.351,1.1598,0.991043800491726,GAZOLE,0.9729904972437794,0.9665722945041381,0.9793610951348816,1.0384987848706102,2026-09-01,1.0602,proxy_ma7_eur_l
2026-08-29,4.351,1.1598,0.991043800491726,GAZOLE,0.9835627452412572,0.9714700696964262,0.9764626242463083,1.035425292865752,2026-09-01,1.0602,proxy_ma7_eur_l
2026-08-30,4.351,1.1598,0.991043800491726,GAZOLE,0.991043800491726,0.9802118185429579,0.9735641533577347,1.0323518008608936,2026-09-01,1.0602,proxy_ma7_eur_l
2026-08-31,4.491,1.1617,1.0212590919690492,GAZOLE,1.0011155643175005,0.9925982256369092,0.9813790344204153,1.0406385752976344,2026-09-01,1.0602,proxy_ma7_eur_l
2026-09-01,4.724,1.1593,1.0764675022340147,GAZOLE,1.02959013156493,1.0141715991356484,0.9998265267025506,1.0602,2026-09-01,1.0602,proxy_ma7_eur_l
2026-09-02,4.666,1.1592,1.0633426469143554,GAZOLE,1.05368974703914,1.0286313684201742,1.014685896761845,1.0759566374927267,2026-09-01,1.0602,proxy_ma7_eur_l
2026-09-03,4.592,1.1623,1.0436875715638108,GAZOLE,1.0611659069040604,1.0391601226345912,1.025412602022344,1.0873310635691056,2026-09-01,1.0602,proxy_ma7_eur_l
2026-09-04,4.549,1.1618,1.0343593270590612,GAZOLE,1.0471298485124094,1.0478232279480584,1.0316005343891061,1.0938926477239868,2026-09-01,1.0602,proxy_ma7_eur_l
2026-09-05,4.549,1.1618,1.0343593270590612,GAZOLE,1.0374687418939779,1.0504432749660606,1.0377884667558683,1.100454231878868,2026-09-01,1.0602,proxy_ma7_eur_l
2026-09-06,4.549,1.1618,1.0343593270590612,GAZOLE,1.0343593270590612,1.04202163993107,1.0439763991226305,1.1070158160337489,2026-09-01,1.0602,proxy_ma7_eur_l
2026-09-07,4.549,1.1618,1.0343593270590612,GAZOLE,1.0343593270590612,1.036224975960011,1.0458478612783464,1.109000284463521,2026-09-01,1.0602,proxy_ma7_eur_l
2026-09-08,4.644,1.1627,1.0551432107605068,GAZOLE,1.0412872882928765,1.0385161037993502,1.0428015339249883,1.1057700078367527,2026-09-01,1.0602,proxy_ma7_eur_l
2026-09-09,4.85,1.1627,1.1019475822972562,GAZOLE,1.0638167067056081,1.0520337548469894,1.048316524693974,1.1116180155232085,2026-09-01,1.0602,proxy_ma7_eur_l
2026-09-10,5.17,1.1629,1.1744513807650077,GAZOLE,1.1105140579409236,1.0800521655881785,1.0669970688655737,1.131426564708283,2026-09-01,1.0602,proxy_ma7_eur_l
2026-09-11,5.048,1.1604,1.149207618324658,GAZOLE,1.1418688604623075,1.1030218238412979,1.0834039676178018,1.1488241767865301,2026-09-01,1.0602,proxy_ma7_eur_l
2026-09-12,5.048,1.1604,1.149207618324658,GAZOLE,1.1576222058047747,1.1259914820944172,1.09981086637003,1.1662217888647775,2026-09-01,1.0602,proxy_ma7_eur_l
2026-09-13,5.048,1.1604,1.149207618324658,GAZOLE,1.149207618324658,1.1448043636072476,1.116217765122258,1.1836194009430248,2026-09-01,1.0602,proxy_ma7_eur_l
2026-09-14,5.078,1.1604,1.1560372990991705,GAZOLE,1.1514841785828291,1.1556223069676306,1.1336003325565593,1.2020515964306013,2026-09-01,1.0602,proxy_ma7_eur_l
2026-09-15,5.338,1.1604,1.2152278658116136,GAZOLE,1.1734909277451475,1.1637776039769516,1.1564695689924316,1.2263017676570795,2026-09-01,1.0602,proxy_ma7_eur_l
2019-12-09,1.698,1.1067,0.405316838261621,SP95,0.405316838261621,0.405316838261621,0.405316838261621,0.4835208628025349,2026-09-01,0.8707,proxy_eur_l
2019-12-10,1.7,1.109,0.4049526501432392,SP95,0.4051347442024301,0.4051347442024301,0.4051347442024301,0.483086406257434,2026-09-01,0.8707,proxy_eur_l
2019-12-11,1.675,1.1092,0.398925520825729,SP95,0.40306500307686305,0.40306500307686305,0.40306500307686305,0.4758963699877246,2026-09-01,0.8707,proxy_eur_l
2019-12-12,1.677,1.1115,0.39857537724211867,SP95,0.40081784940369564,0.401942596618177,0.401942596618177,0.4754786678059495,2026-09-01,0.8707,proxy_eur_l
2019-12-13,1.702,1.1128,0.40404460200716086,SP95,0.40051516669166953,0.4023629976959738,0.4023629976959738,0.482003154399194,2026-09-01,0.8707,proxy_eur_l
2019-12-14,1.702,1.1128,0.40404460200716086,SP95,0.40222152708548015,0.40210855044508176,0.4026432650811716,0.482003154399194,2026-09-01,0.8707,proxy_eur_l
2019-12-15,1.702,1.1128,0.40404460200716086,SP95,0.40404460200716086,0.401926940817866,0.4028434560705986,0.482003154399194,2026-09-01,0.8707,proxy_eur_l
2019-12-16,1.708,1.1139,0.4050685568073593,SP95,0.4043859202738937,0.40315554801419207,0.4028079872914184,0.4832246765806712,2026-09-01,0.8707,proxy_eur_l
2019-12-17,1.727,1.1148,0.4092439311289221,SP95,0.4061190299811474,0.40528925879155275,0.4034210274322302,0.48820567022293987,2026-09-01,0.8707,proxy_eur_l
2019-12-18,1.734,1.1113,0.4121968314487801,SP95,0.40883643979502055,0.40691970467987665,0.405316928949809,0.4917283191130065,2026-09-01,0.8707,proxy_eur_l
2019-12-19,1.751,1.1128,0.41567690841042226,SP95,0.4123725569960415,0.409246165960529,0.4077600048309952,0.49587986095945286,2026-09-01,0.8707,proxy_eur_l
2019-12-20,1.746,1.1076,0.41643590052124163,SP95,0.4147698801268147,0.4117244256633451,0.40953019033300675,0.49678529711615854,2026-09-01,0.8707,proxy_eur_l
2019-12-21,1.746,1.1076,0.41643590052124163,SP95,0.4161829031509685,0.4139978944061215,0.4113003758350183,0.49678529711615854,2026-09-01,0.8707,proxy_eur_l
2019-12-22,1.746,1.1076,0.41643590052124163,SP95,0.41643590052124163,0.4154362882845855,0.41307056133702985,0.49678529711615854,2026-09-01,0.8707,proxy_eur_l
2019-12-23,1.752,1.1091,0.41730180843158965,SP95,0.4167245364913576,0.4164572836811473,0.41481816871191984,0.4978182779854329,2026-09-01,0.8707,proxy_eur_l
2019-12-24,1.768,1.1084,0.42137873382281343,SP95,0.41837214759188157,0.4175976487636256,0.41655171195390434,0.5026818274278907,2026-09-01,0.8707,proxy_eur_l
2019-12-25,1.768,1.1084,0.42137873382281343,SP95,0.4200197586924055,0.4185862154239399,0.4178634122930519,0.5026818274278907,2026-09-01,0.8707,proxy_eur_l
2019-12-26,1.791,1.1102,0.42616838927530515,SP95,0.42297528564031067,0.4205327131747527,0.41936219527374957,0.5083956249272702,2026-09-01,0.8707,proxy_eur_l
2019-12-27,1.785,1.1174,0.42200386026426967,SP95,0.42318366112079603,0.42164630512335827,0.4201576180941821,0.5034275691484419,2026-09-01,0.8707,proxy_eur_l
2019-12-28,1.785,1.1174,0.42200386026426967,SP95,0.4233920366012815,0.42258671548989424,0.42095304091461466,0.5034275691484419,2026-09-01,0.8707,proxy_eur_l
2019-12-29,1.785,1.1174,0.42200386026426967,SP95,0.42200386026426967,0.4227117407781855,0.4217484637350472,0.5034275691484419,2026-09-01,0.8707,proxy_eur_l
2019-12-30,1.766,1.1217,0.4159114241459304,SP95,0.41997304822482323,0.4216182788428089,0.4215498374085245,0.4961596254302802,2026-09-01,0.8707,proxy_eur_l
2019-12-31,1.738,1.1227,0.4089525492103518,SP95,0.4156226112068506,0.41817511082981823,0.4197746681781728,0.4878580674999036,2026-09-01,0.8707,proxy_eur_l
2020-01-01,1.738,1.1227,0.4089525492103518,SP95,0.411272174188878,0.4155648486190347,0.4179994989478212,0.4878580674999036,2026-09-01,0.8707,proxy_eur_l
2020-01-02,1.744,1.1166,0.4126061788577922,SP95,0.41017042575949864,0.41368531233773914,0.41606204031674787,0.4922166482266955,2026-09-01,0.8707,proxy_eur_l
2020-01-03,1.792,1.1173,0.4236966954495677,SP95,0.4150851411725705,0.41402387937479873,0.4163038739146477,0.5054470291168172,2026-09-01,0.8707,proxy_eur_l
2020-01-04,1.792,1.1173,0.4236966954495677,SP95,0.4199998565856425,0.41558093363552623,0.4165457075125473,0.5054470291168172,2026-09-01,0.8707,proxy_eur_l
2020-01-05,1.792,1.1173,0.4236966954495677,SP95,0.4236966954495677,0.4185297628833694,0.416787541110447,0.5054470291168172,2026-09-01,0.8707,proxy_eur_l
2020-01-06,1.783,1.1187,0.42104118115185357,SP95,0.4228115240169963,0.4209474892716698,0.4175203635398646,0.5022791455176009,2026-09-01,0.8707,proxy_eur_l
2020-01-07,1.758,1.1138,0.4169639684374439,SP95,0.4205672816796217,0.4218190471876001,0.41866485200087783,0.49741525331426656,2026-09-01,0.8707,proxy_eur_l
2020-01-08,1.698,1.1117,0.4034938786580337,SP95,0.413833009415777,0.4177784838292933,0.41788504192197523,0.4813461715063107,2026-09-01,0.8707,proxy_eur_l
2020-01-09,1.696,1.1106,0.4034177929042137,SP95,0.4079585466665638,0.41372270332022254,0.41657241535717826,0.48125540535533645,2026-09-01,0.8707,proxy_eur_l
2020-01-10,1.698,1.1119,0.4034213012898066,SP95,0.403444324284018,0.4096676244882703,0.41367593047721235,0.48125959066783464,2026-09-01,0.8707,proxy_eur_l
2020-01-11,1.698,1.1119,0.4034213012898066,SP95,0.4034201318279423,0.4061436485158609,0.41077944559724655,0.48125959066783464,2026-09-01,0.8707,proxy_eur_l
2020-01-12,1.698,1.1119,0.4034213012898066,SP95,0.4034213012898066,0.40343511508633345,0.4078829607172807,0.48125959066783464,2026-09-01,0.8707,proxy_eur_l
2020-01-13,1.698,1.1138,0.40273311627234337,SP95,0.4031919062839855,0.4032829626091954,0.4052675228773506,0.4804386235083188,2026-09-01,0.8707,proxy_eur_l
2020-01-14,1.695,1.113,0.4023105379578271,SP95,0.40282165183999236,0.4030615116199181,0.40317417566597685,0.4799345106466058,2026-09-01,0.8707,proxy_eur_l
2020-01-15,1.686,1.116,0.39909863823999836,SP95,0.4013807641567229,0.4021969790099564,0.402546284177686,0.4761028896128965,2026-09-01,0.8707,proxy_eur_l
2020-01-16,1.703,1.1131,0.404173034916833,SP95,0.4018607370382195,0.4023473257353617,0.40265417589377456,0.482156367849598,2026-09-01,0.8707,proxy_eur_l
2020-01-17,1.686,1.1093,0.40150913213363226,SP95,0.40159360176348785,0.4019648919041268,0.40238100887146394,0.4789784772451029,2026-09-01,0.8707,proxy_eur_l
2020-01-18,1.686,1.1093,0.40150913213363226,SP95,0.40239709972803256,0.4017200950763846,0.4021078418491532,0.4789784772451029,2026-09-01,0.8707,proxy_eur_l
2020-01-19,1.686,1.1093,0.40150913213363226,SP95,0.40150913213363226,0.40155981391154566,0.4018346748268426,0.4789784772451029,2026-09-01,0.8707,proxy_eur_l
2020-01-20,1.686,1.1093,0.40150913213363226,SP95,0.40150913213363226,0.40204191269027245,0.4016598199498839,0.4789784772451029,2026-09-01,0.8707,proxy_eur_l
2020-01-21,1.677,1.1096,0.3992578693264374,SP95,0.4007587111979006,0.4010588795721933,0.401223724431114,0.4762928436069872,2026-09-01,0.8707,proxy_eur_l
2020-01-22,1.618,1.1085,0.3855934873391828,SP95,0.3954534962664175,0.3978757506133034,0.3992944171595689,0.45999198180100387,2026-09-01,0.8707,proxy_eur_l
2020-01-23,1.603,1.1041,0.3835411646862711,SP95,0.38946417378396375,0.3942821571238312,0.39634700712663146,0.4575436729072971,2026-09-01,0.8707,proxy_eur_l
2020-01-24,1.559,1.1026,0.3735209773502207,SP95,0.38088520979189155,0.3886845261671489,0.3923486993004298,0.44559013639262895,2026-09-01,0.8707,proxy_eur_l
2020-01-25,1.559,1.1026,0.3735209773502207,SP95,0.3768610397955708,0.38308689521046657,0.3883503914742282,0.44559013639262895,2026-09-01,0.8707,proxy_eur_l
2020-01-26,1.559,1.1026,0.3735209773502207,SP95,0.3735209773502207,0.3779395168152232,0.38435208364802653,0.44559013639262895,2026-09-01,0.8707,proxy_eur_l
2020-01-27,1.517,1.1019,0.3636890856042391,SP95,0.3702436801015601,0.3735586364682345,0.3789492198581132,0.43386122623832246,2026-09-01,0.8707,proxy_eur_l
2020-01-28,1.543,1.1008,0.37029203923385084,SP95,0.36916736739610356,0.37090881137775045,0.37481124413060085,0.44173818947954413,2026-09-01,0.8707,proxy_eur_l
2020-01-29,1.571,1.1004,0.377148577112551,SP95,0.37037656731688035,0.3716343313302165,0.37360482838393916,0.44991766488739143,2026-09-01,0.8707,proxy_eur_l
2020-01-30,1.562,1.1032,0.3740362090132595,SP95,0.3738256084532205,0.3717373776628242,0.37224697757350894,0.4462047796414123,2026-09-01,0.8707,proxy_eur_l
2020-01-31,1.534,1.1082,0.3656740013692471,SP95,0.3722862624983525,0.3701679824666295,0.37112598100479843,0.43622912239433537,2026-09-01,0.8707,proxy_eur_l
2020-02-01,1.534,1.1082,0.3656740013692471,SP95,0.3684614039172513,0.37056496561963115,0.3700049844360879,0.43622912239433537,2026-09-01,0.8707,proxy_eur_l
2020-02-02,1.534,1.1082,0.3656740013692471,SP95,0.3656740013692471,0.36964135804671033,0.3688839878673774,0.43622912239433537,2026-09-01,0.8707,proxy_eur_l
2020-02-03,1.505,1.1062,0.3594096355080576,SP95,0.3635858794155173,0.3660935697258117,0.3682726378536372,0.42875607587817266,2026-09-01,0.8707,proxy_eur_l
2020-02-04,1.48,1.1043,0.3540474848230188,SP95,0.3597103739001078,0.36209582488776354,0.36595198722351835,0.422359322817463,2026-09-01,0.8707,proxy_eur_l
2020-02-05,1.534,1.1006,0.3681990989618387,SP95,0.36055207309763837,0.3626008444062819,0.3646734903448451,0.4392414259834658,2026-09-01,0.8707,proxy_eur_l
2020-02-06,1.531,1.0979,0.36838274174362434,SP95,0.36354310850949395,0.3631425924811573,0.3638658521634687,0.43946050179753093,2026-09-01,0.8707,proxy_eur_l
2020-02-07,1.563,1.095,0.3770784637769735,SP95,0.37122010149414547,0.3654234849627026,0.36549506107885815,0.4498340235053611,2026-09-01,0.8707,proxy_eur_l
2020-02-08,1.563,1.095,0.3770784637769735,SP95,0.3741798897658571,0.36895725061648577,0.3671242699942477,0.4498340235053611,2026-09-01,0.8707,proxy_eur_l
2020-02-09,1.563,1.095,0.3770784637769735,SP95,0.3770784637769735,0.3735634464072767,0.36875347890963717,0.4498340235053611,2026-09-01,0.8707,proxy_eur_l
2020-02-10,1.562,1.0916,0.37801094337067415,SP95,0.37738929030820706,0.37552581528904383,0.3714108086042967,0.4509464207588916,2026-09-01,0.8707,proxy_eur_l
2020-02-11,1.55,1.0917,0.3750725301411835,SP95,0.37672064576294373,0.37686377296855567,0.3744143865068916,0.4474410541768188,2026-09-01,0.8707,proxy_eur_l
2020-02-12,1.62,1.0893,0.392874988359681,SP95,0.38198615395717955,0.38002307788509715,0.37793951356372624,0.46867841503932955,2026-09-01,0.8707,proxy_eur_l
2020-02-13,1.616,1.0848,0.3935306384686282,SP95,0.3871593856564976,0.38331351282342807,0.3815320702387268,0.469460569828986,2026-09-01,0.8707,proxy_eur_l
2020-02-14,1.625,1.0839,0.3960509134440365,SP95,0.3941521800907819,0.38710800275684065,0.38424242019116434,0.4724671202990715,2026-09-01,0.8707,proxy_eur_l
2020-02-15,1.625,1.0839,0.3960509134440365,SP95,0.39521082178556705,0.39071599677151314,0.3869527701436019,0.4724671202990715,2026-09-01,0.8707,proxy_eur_l
2020-02-16,1.625,1.0839,0.3960509134440365,SP95,0.3960509134440365,0.3949116734320837,0.38966312009603943,0.4724671202990715,2026-09-01,0.8707,proxy_eur_l
2020-02-17,1.625,1.0839,0.3960509134440365,SP95,0.3960509134440365,0.3955468584489548,0.3922402586779484,0.4724671202990715,2026-09-01,0.8707,proxy_eur_l
2020-02-18,1.65,1.0815,0.40303641829953296,SP95,0.39837941506253527,0.3974480144151358,0.39623509984342686,0.4808004462702486,2026-09-01,0.8707,proxy_eur_l
2020-02-19,1.705,1.0794,0.41728122037302495,SP95,0.4054561840388648,0.4016940758009335,0.3997217044167617,0.49779371755541635,2026-09-01,0.8707,proxy_eur_l
2020-02-20,1.705,1.0797,0.41716527671634995,SP95,0.4124943051296359,0.4059169484553961,0.40309808130929337,0.4976554031020805,2026-09-01,0.8707,proxy_eur_l
2020-02-21,1.69,1.0855,0.4112858300186742,SP95,0.4152441090360164,0.4089639317703237,0.40527449796281306,0.4906415441362047,2026-09-01,0.8707,proxy_eur_l
2020-02-22,1.69,1.0855,0.4112858300186742,SP95,0.4132456455845661,0.41201091508525123,0.40745091461633276,0.4906415441362047,2026-09-01,0.8707,proxy_eur_l
2020-02-23,1.69,1.0855,0.4112858300186742,SP95,0.4112858300186742,0.4136607974290795,0.40962733126985246,0.4906415441362047,2026-09-01,0.8707,proxy_eur_l
2020-02-24,1.65,1.0857,0.40147728321907045,SP95,0.4080163144188063,0.4105000099982886,0.41040252695200014,0.47894048322858407,2026-09-01,0.8707,proxy_eur_l
2020-02-25,1.583,1.0868,0.38478501921507996,SP95,0.3991827108176082,0.4040239584980346,0.4077951842256497,0.45902752346122416,2026-09-01,0.8707,proxy_eur_l
2020-02-26,1.523,1.0887,0.36955454738813265,SP95,0.3852722832740944,0.3956777019719263,0.40097708808495086,0.44085840196545784,2026-09-01,0.8707,proxy_eur_l
2020-02-27,1.47,1.0977,0.35376962463922584,SP95,0.36936973041414617,0.3841744608960366,0.3919205663596474,0.42202785078589816,2026-09-01,0.8707,proxy_eur_l
2020-02-28,1.458,1.1001,0.3501162188329974,SP95,0.3578134636201186,0.37194053865890125,0.38318205047597925,0.41766953708945326,2026-09-01,0.8707,proxy_eur_l
2020-02-29,1.458,1.1001,0.3501162188329974,SP95,0.35133402076840686,0.3616683257816867,0.3744435345923111,0.41766953708945326,2026-09-01,0.8707,proxy_eur_l
2020-03-01,1.458,1.1001,0.3501162188329974,SP95,0.3501162188329974,0.3547345657052701,0.36570501870864297,0.41766953708945326,2026-09-01,0.8707,proxy_eur_l
2020-03-02,1.523,1.1164,0.36038519862187385,SP95,0.3535392120959562,0.35290069595201834,0.35983472090904345,0.4299198694193783,2026-09-01,0.8707,proxy_eur_l
2020-03-03,1.51,1.1175,0.3569573145957979,SP95,0.35581957735022307,0.3535382339433328,0.35585933453486035,0.42583059089597913,2026-09-01,0.8707,proxy_eur_l
2020-03-04,1.542,1.113,0.36599578143420025,SP95,0.3611127648839573,0.35671414646357336,0.35535093939858425,0.4366129884466467,2026-09-01,0.8707,proxy_eur_l
2020-03-05,1.5,1.1202,0.3537386882139106,SP95,0.35889726141463624,0.35743864033975603,0.3553465199092535,0.42199094531924,2026-09-01,0.8707,proxy_eur_l
2020-03-06,1.383,1.1319,0.3227758180151244,SP95,0.3475034292210784,0.35197056017618145,0.3514407483638431,0.3850539313585801,2026-09-01,0.8707,proxy_eur_l
2020-03-07,1.383,1.1319,0.3227758180151244,SP95,0.3330967747480531,0.3444486840548315,0.3475349768184327,0.3850539313585801,2026-09-01,0.8707,proxy_eur_l
2020-03-08,1.383,1.1319,0.3227758180151244,SP95,0.3227758180151244,0.3376123847386968,0.3436292052730222,0.3850539313585801,2026-09-01,0.8707,proxy_eur_l
2020-03-09,1.129,1.142,0.2611648398531958,SP95,0.30223882529448154,0.3166461964224959,0.32945486830606824,0.3115553976022917,2026-09-01,0.8707,proxy_eur_l
2020-03-10,1.175,1.1342,0.2736749792989106,SP95,0.28587187905574357,0.3006334546394959,0.31755739183508436,0.3264793110634631,2026-09-01,0.8707,proxy_eur_l
2020-03-11,1.092,1.128,0.255741029410548,SP95,0.2635269495208848,0.2872264969185806,0.3018067129745626,0.3050850878166082,2026-09-01,0.8707,proxy_eur_l
2020-03-12,0.895,1.1081,0.21336881767037527,SP95,0.2475949421266113,0.2653450968496308,0.2817538743254861,0.254537352204806,2026-09-01,0.8707,proxy_eur_l
2020-03-13,0.929,1.1066,0.22177465808848715,SP95,0.2302948350564701,0.24514486486430337,0.26732513719310935,0.2645650609695783,2026-09-01,0.8707,proxy_eur_l
2020-03-14,0.929,1.1066,0.22177465808848715,SP95,0.21897271128244986,0.23726682851136163,0.2528964000607326,0.2645650609695783,2026-09-01,0.8707,proxy_eur_l
2020-03-15,0.929,1.1066,0.22177465808848715,SP95,0.22177465808848715,0.22688676426927695,0.2384676629283559,0.2645650609695783,2026-09-01,0.8707,proxy_eur_l
2020-03-16,0.692,1.1139,0.16411442699689266,SP95,0.20255458105795565,0.20856144378654587,0.22460331823459828,0.1957795528066888,2026-09-01,0.8707,proxy_eur_l
2020-03-17,0.712,1.0971,0.17144335181752046,SP95,0.1857774789676334,0.2001763506159749,0.2099988000229711,0.2045225600498212,2026-09-01,0.8707,proxy_eur_l
2020-03-18,0.657,1.0833,0.16021511898763366,SP95,0.16525763260068227,0.18786444279580422,0.19635224139112623,0.19112789120522142,2026-09-01,0.8707,proxy_eur_l
2020-03-19,0.667,1.0699,0.16469086729870547,SP95,0.16544977936795321,0.17644768463784788,0.18939824848088768,0.19646721462030134,2026-09-01,0.8707,proxy_eur_l
2020-03-20,0.606,1.0682,0.14986731298355918,SP95,0.15825776642329945,0.16206621561686227,0.1791257706087551,0.17878352350349322,2026-09-01,0.8707,proxy_eur_l
2020-03-21,0.606,1.0682,0.14986731298355918,SP95,0.1548084977552746,0.1592167928141956,0.16885329273662256,0.17878352350349322,2026-09-01,0.8707,proxy_eur_l
2020-03-22,0.606,1.0682,0.14986731298355918,SP95,0.14986731298355918,0.15490158504740334,0.15858081486448997,0.17878352350349322,2026-09-01,0.8707,proxy_eur_l
2020-03-23,0.449,1.076,0.11023536385577011,SP95,0.13665666327429615,0.14490563402103063,0.15088380584432962,0.13150477160410723,2026-09-01,0.8707,proxy_eur_l
2020-03-24,0.434,1.0794,0.10621703791313361,SP95,0.12210657158415432,0.13321086814391625,0.14156576100084578,0.12671112810501506,2026-09-01,0.8707,proxy_eur_l
2020-03-25,0.542,1.0835,0.1321469795829409,SP95,0.1161997937839482,0.12966680146379259,0.13755602680017537,0.15764413306572161,2026-09-01,0.8707,proxy_eur_l
2020-03-26,0.518,1.1025,0.12411893253652688,SP95,0.12082765001086714,0.12451712537438613,0.13176003611986414,0.1480671111705792,2026-09-01,0.8707,proxy_eur_l
2020-03-27,0.55,1.1059,0.13138134442262558,SP95,0.12921575218069778,0.1208199316621994,0.12911918346830217,0.15673077211359493,2026-09-01,0.8707,proxy_eur_l
2020-03-28,0.55,1.1059,0.13138134442262558,SP95,0.1289605404605927,0.1250491277755705,0.12647833081674026,0.15673077211359493,2026-09-01,0.8707,proxy_eur_l
2020-03-29,0.55,1.1059,0.13138134442262558,SP95,0.13138134442262558,0.13008198907746887,0.12383747816517832,0.15673077211359493,2026-09-01,0.8707,proxy_eur_l
2020-03-30,0.551,1.1018,0.13211000258607716,SP95,0.13162423047710944,0.13007459367809615,0.1269624265552222,0.157600021526946,2026-09-01,0.8707,proxy_eur_l
2020-03-31,0.543,1.1016,0.1302155268976712,SP95,0.131235624635458,0.13129391255032502,0.13039078212444186,0.1553400154454192,2026-09-01,0.8707,proxy_eur_l
2020-04-01,0.503,1.0934,0.121527841902459,SP95,0.12795112379540244,0.1293232120462917,0.12887376245580157,0.1449760814853644,2026-09-01,0.8707,proxy_eur_l
2020-04-02,0.512,1.0862,0.12452227104342846,SP95,0.1254218799478529,0.12795139737045227,0.1289313822425018,0.14854827199206141,2026-09-01,0.8707,proxy_eur_l
2020-04-03,0.533,1.0797,0.13041002492071233,SP95,0.12548671262219993,0.12775713347006962,0.12879262231365704,0.15557204096974128,2026-09-01,0.8707,proxy_eur_l
2020-04-04,0.533,1.0797,0.13041002492071233,SP95,0.12844744029495103,0.12741713793699666,0.1286538623848123,0.15557204096974128,2026-09-01,0.8707,proxy_eur_l
2020-04-05,0.533,1.0797,0.13041002492071233,SP95,0.13041002492071233,0.1274560375416049,0.12851510245596756,0.15557204096974128,2026-09-01,0.8707,proxy_eur_l
2020-04-06,0.637,1.0808,0.15569725883802787,SP95,0.13883910289315085,0.13428992092871866,0.1318847104919605,0.18573833066555157,2026-09-01,0.8707,proxy_eur_l
2020-04-07,0.576,1.0886,0.13977870857825966,SP95,0.14196199744566662,0.13734120843568492,0.13325087930347312,0.16674836915992947,2026-09-01,0.8707,proxy_eur_l
2020-04-08,0.635,1.0864,0.15440837007310776,SP95,0.14996144582979842,0.142140877466164,0.13794809761356583,0.18420075672625125,2026-09-01,0.8707,proxy_eur_l
2020-04-09,0.592,1.0931,0.14307003475987912,SP95,0.14575237113708217,0.14467287943399734,0.14059777814448735,0.1706747416292469,2026-09-01,0.8707,proxy_eur_l
2020-04-10,0.592,1.0951,0.14280874349011402,SP95,0.14676238277436696,0.1471526231478777,0.14236902365440188,0.1703630354076612,2026-09-01,0.8707,proxy_eur_l
2020-04-11,0.592,1.0951,0.14280874349011402,SP95,0.1428958405800357,0.14457492007829492,0.14414026916431638,0.1703630354076612,2026-09-01,0.8707,proxy_eur_l
2020-04-12,0.592,1.0951,0.14280874349011402,SP95,0.14280874349011402,0.1451809270606658,0.14591151467423094,0.1703630354076612,2026-09-01,0.8707,proxy_eur_l
2020-04-13,0.614,1.0906,0.14872697611214297,SP95,0.144781487697457,0.14404464826847282,0.1449157599991045,0.17742316386406268,2026-09-01,0.8707,proxy_eur_l
2020-04-14,0.609,1.0971,0.14664185569785107,SP95,0.1460591917667027,0.14475901245606723,0.14589620958761756,0.17493572903137794,2026-09-01,0.8707,proxy_eur_l
2020-04-15,0.597,1.0909,0.1445693603976667,SP95,0.14664606406922026,0.14511113583757776,0.1444906367768403,0.17246335527064977,2026-09-01,0.8707,proxy_eur_l
2020-04-16,0.6,1.084,0.14622069318716702,SP95,0.14581063642756162,0.14579352577698837,0.1449407308378814,0.17443330514635152,2026-09-01,0.8707,proxy_eur_l
2020-04-17,0.623,1.0883,0.15122593826989475,SP95,0.14733866395157616,0.1474769647329445,0.14614318723499295,0.18040428930609798,2026-09-01,0.8707,proxy_eur_l
2020-04-18,0.623,1.0883,0.15122593826989475,SP95,0.14955752324231883,0.14797675716449485,0.14734564363210448,0.18040428930609798,2026-09-01,0.8707,proxy_eur_l
2020-04-19,0.623,1.0883,0.15122593826989475,SP95,0.15122593826989475,0.1488935736789036,0.148548100029216,0.18040428930609798,2026-09-01,0.8707,proxy_eur_l
2020-04-20,0.573,1.0874,0.1392041438304387,SP95,0.14721867345674275,0.147820530365458,0.14718769541754395,0.16606294477984734,2026-09-01,0.8707,proxy_eur_l
2020-04-21,0.471,1.0854,0.1146351913218057,SP95,0.1350217578073797,0.14150342999238572,0.14261531479239462,0.13675352559539006,2026-09-01,0.8707,proxy_eur_l
2020-04-22,0.585,1.0829,0.14270999227030828,SP95,0.1321831091408509,0.13980024079246844,0.14234969077420057,0.17024523059301777,2026-09-01,0.8707,proxy_eur_l
2020-04-23,0.594,1.0815,0.14509311058783186,SP95,0.13414609805998196,0.13857367525605588,0.1421886075457241,0.1730881606572895,2026-09-01,0.8707,proxy_eur_l
2020-04-24,0.617,1.0798,0.15094846851729724,SP95,0.14625052379181247,0.13851818130553634,0.14214896900963875,0.1800732830376366,2026-09-01,0.8707,proxy_eur_l
2020-04-25,0.617,1.0798,0.15094846851729724,SP95,0.14899668254080878,0.14086704624290808,0.1421093304735534,0.1800732830376366,2026-09-01,0.8707,proxy_eur_l
2020-04-26,0.617,1.0798,0.15094846851729724,SP95,0.15094846851729724,0.1481297016820064,0.14206969193746805,0.1800732830376366,2026-09-01,0.8707,proxy_eur_l
2020-04-27,0.598,1.0829,0.14588132543187068,SP95,0.14925942082215504,0.14876396831431885,0.1430235750233869,0.17402845793952926,2026-09-01,0.8707,proxy_eur_l
2020-04-28,0.622,1.0836,0.151638073612743,SP95,0.14948928918730364,0.15007296091930106,0.14830970106494937,0.1808959442726671,2026-09-01,0.8707,proxy_eur_l
2020-04-29,0.683,1.0853,0.16624851355442313,SP95,0.15458930419967895,0.15313296992672626,0.15167234696268003,0.1983254015753165,2026-09-01,0.8707,proxy_eur_l
2020-04-30,0.672,1.0934,0.16235926393330508,SP95,0.16008195036682374,0.15541512900992782,0.15413894029774763,0.19368573908183875,2026-09-01,0.8707,proxy_eur_l
2020-05-01,0.686,1.0998,0.16477725760837408,SP95,0.16446167836536743,0.15818088682814319,0.15611448159647293,0.1965702735439027,2026-09-01,0.8707,proxy_eur_l
2020-05-02,0.686,1.0998,0.16477725760837408,SP95,0.1639712597166844,0.1619600732634439,0.1580900228951982,0.1965702735439027,2026-09-01,0.8707,proxy_eur_l
2020-05-03,0.686,1.0998,0.16477725760837408,SP95,0.16477725760837408,0.1645879100625701,0.16006556419392345,0.1965702735439027,2026-09-01,0.8707,proxy_eur_l
2020-05-04,0.769,1.0911,0.18618669990231523,SP95,0.17191373837302112,0.1685755473321485,0.16582347483255838,0.2221105695120796,2026-09-01,0.8707,proxy_eur_l
2020-05-05,0.827,1.0844,0.2014665135560575,SP95,0.18414349035558228,0.176396997256699,0.17294182339588904,0.2403385531137641,2026-09-01,0.8707,proxy_eur_l
2020-05-06,0.807,1.0806,0.19728562488712362,SP95,0.1949796127818321,0.1828986707124489,0.17737569644341766,0.23535098115609623,2026-09-01,0.8707,proxy_eur_l
2020-05-07,0.844,1.0815,0.2061592345726096,SP95,0.2016371243385969,0.191175066105296,0.18363283510617542,0.24593671312247867,2026-09-01,0.8707,proxy_eur_l
2020-05-08,0.877,1.0854,0.21345023946756606,SP95,0.2056316996424331,0.2009096624771344,0.19058611822891716,0.2546344839642401,2026-09-01,0.8707,proxy_eur_l
2020-05-09,0.877,1.0854,0.21345023946756606,SP95,0.21101990450258057,0.2063623703901846,0.1975394013516589,0.2546344839642401,2026-09-01,0.8707,proxy_eur_l
2020-05-10,0.877,1.0854,0.21345023946756606,SP95,0.21345023946756606,0.2087591155724863,0.20449268447440058,0.2546344839642401,2026-09-01,0.8707,proxy_eur_l
2020-05-11,0.856,1.0818,0.2090324244948928,SP95,0.21197763447667498,0.21110847549404013,0.20775635941619738,0.24936427185943205,2026-09-01,0.8707,proxy_eur_l
2020-05-12,0.82,1.0864,0.19939348576369817,SP95,0.207292049908719,0.20975532573225783,0.20746021258871747,0.2378655441189386,2026-09-01,0.8707,proxy_eur_l
2020-05-13,0.753,1.0837,0.18355777007076288,SP95,0.19732789344311796,0.2037768318528972,0.20549909047209453,0.21897439972981408,2026-09-01,0.8707,proxy_eur_l
2020-05-14,0.835,1.08,0.20424413307319805,SP95,0.19573179630255302,0.2019356105740236,0.20522550454360716,0.24365210157433426,2026-09-01,0.8707,proxy_eur_l
2020-05-15,0.875,1.0816,0.2137116732742048,SP95,0.2005045254727219,0.20198789733535136,0.20526285223026983,0.2549463602245353,2026-09-01,0.8707,proxy_eur_l
2020-05-16,0.875,1.0816,0.2137116732742048,SP95,0.21055582654053587,0.20292374709121375,0.20530019991693252,0.2549463602245353,2026-09-01,0.8707,proxy_eur_l
2020-05-17,0.875,1.0816,0.2137116732742048,SP95,0.2137116732742048,0.20578738459331505,0.2053375476035952,0.2549463602245353,2026-09-01,0.8707,proxy_eur_l
2020-05-18,0.954,1.0904,0.23112631873594422,SP95,0.2195165550947846,0.2153010943263513,0.20849381820945964,0.2757210816379728,2026-09-01,0.8707,proxy_eur_l
2020-05-19,0.964,1.0937,0.2328443434883927,SP95,0.22589411183284724,0.22102113640939028,0.21327251217013035,0.2777705913849225,2026-09-01,0.8707,proxy_eur_l
2020-05-20,0.974,1.098,0.23433841438691852,SP95,0.2327696922037518,0.225146484631933,0.22052688992958114,0.2795529364092293,2026-09-01,0.8707,proxy_eur_l
2020-05-21,0.973,1.0953,0.23467488993378838,SP95,0.23395254926969986,0.2293391279638497,0.22487414090966545,0.2799543333692772,2026-09-01,0.8707,proxy_eur_l
2020-05-22,0.959,1.0894,0.23255094383281102,SP95,0.23385474938450598,0.23310698207557096,0.22756546527518062,0.27742058161177496,2026-09-01,0.8707,proxy_eur_l
2020-05-23,0.959,1.0894,0.23255094383281102,SP95,0.23325892586647015,0.23339190709494434,0.2302567896406958,0.27742058161177496,2026-09-01,0.8707,proxy_eur_l
2020-05-24,0.959,1.0894,0.23255094383281102,SP95,0.23255094383281102,0.23333322716382804,0.232948114006211,0.27742058161177496,2026-09-01,0.8707,proxy_eur_l
2020-05-25,0.959,1.0894,0.23255094383281102,SP95,0.23255094383281102,0.2329757330530065,0.23315163187719198,0.27742058161177496,2026-09-01,0.8707,proxy_eur_l
2020-05-26,0.973,1.097,0.23431121872787458,SP95,0.23313770213116555,0.23290299881182372,0.2333611854828322,0.2795204934725336,2026-09-01,0.8707,proxy_eur_l
2020-05-27,0.917,1.0969,0.2208458127563334,SP95,0.22923599177233966,0.23056197259652816,0.2314336709641772,0.26345699919168797,2026-09-01,0.8707,proxy_eur_l
2020-05-28,0.915,1.1069,0.21837331999973422,SP95,0.22451011716131405,0.22772644782991286,0.22910487525931233,0.26050745030032857,2026-09-01,0.8707,proxy_eur_l
2020-05-29,0.948,1.1107,0.22547502082967918,SP95,0.2215647178619156,0.22631126322928646,0.2280940291160078,0.2689793917261719,2026-09-01,0.8707,proxy_eur_l
2020-05-30,0.948,1.1107,0.22547502082967918,SP95,0.2231077872196975,0.2248960786286601,0.22708318297270322,0.2689793917261719,2026-09-01,0.8707,proxy_eur_l
2020-05-31,0.948,1.1107,0.22547502082967918,SP95,0.22547502082967918,0.22312883904902106,0.22607233682939867,0.2689793917261719,2026-09-01,0.8707,proxy_eur_l
2020-06-01,0.995,1.1123,0.23631321774373612,SP95,0.22908775313436483,0.22622232004650158,0.2266098045309594,0.28190876901428247,2026-09-01,0.8707,proxy_eur_l
2020-06-02,1.017,1.1166,0.240608075629802,SP95,0.2341321047344058,0.23066927117251512,0.22750935551694904,0.2870323000266911,2026-09-01,0.8707,proxy_eur_l
2020-06-03,1.007,1.1246,0.2365474450690516,SP95,0.23782291281419657,0.23288375602038963,0.22975244584733737,0.2821881894274935,2026-09-01,0.8707,proxy_eur_l
2020-06-04,1.046,1.1322,0.2440593241181975,SP95,0.24040494827235037,0.23660061667809326,0.2334218750071178,0.29114945107822926,2026-09-01,0.8707,proxy_eur_l
2020-06-05,1.131,1.1297,0.26447604781540757,SP95,0.24836093900088554,0.244400822075239,0.2389934502907933,0.31550548795055855,2026-09-01,0.8707,proxy_eur_l
2020-06-06,1.131,1.1297,0.26447604781540757,SP95,0.2576704732496709,0.25003338808957326,0.24456502557446877,0.31550548795055855,2026-09-01,0.8707,proxy_eur_l
2020-06-07,1.131,1.1297,0.26447604781540757,SP95,0.26447604781540757,0.25480698252669437,0.25013660085814426,0.31550548795055855,2026-09-01,0.8707,proxy_eur_l
2020-06-08,1.122,1.1293,0.26246439630376567,SP95,0.2638054973115269,0.2599903727736372,0.25387248350957703,0.3131056975082496,2026-09-01,0.8707,proxy_eur_l
2020-06-09,1.124,1.1348,0.2616579017012327,SP95,0.26286611527346865,0.26351008829024425,0.25687960151978145,0.3121435934719731,2026-09-01,0.8707,proxy_eur_l
2020-06-10,1.125,1.1355,0.2617292460615737,SP95,0.2619505146888574,0.2629607279394774,0.26047700166157034,0.31222870339934783,2026-09-01,0.8707,proxy_eur_l
2020-06-11,1.032,1.1378,0.23960762702901142,SP95,0.25433159159727264,0.2579870437821982,0.25984104493454374,0.2858388194579623,2026-09-01,0.8707,proxy_eur_l
2020-06-12,1.056,1.1253,0.24790339224225075,SP95,0.24974675511094532,0.25467251266756685,0.25747352270980706,0.29573521451205487,2026-09-01,0.8707,proxy_eur_l
2020-06-13,1.056,1.1253,0.24790339224225075,SP95,0.24513813717117097,0.2517603118552639,0.25510600048507037,0.29573521451205487,2026-09-01,0.8707,proxy_eur_l
2020-06-14,1.056,1.1253,0.24790339224225075,SP95,0.24790339224225075,0.2490094099634675,0.2527384782603337,0.29573521451205487,2026-09-01,0.8707,proxy_eur_l
2020-06-15,1.097,1.127,0.25713996578251,SP95,0.2509822500890038,0.24809155390765475,0.25197784532872575,0.3067539425438829,2026-09-01,0.8707,proxy_eur_l
2020-06-16,1.141,1.1259,0.26771499399648935,SP95,0.2575861173404167,0.2537130273011503,0.2528431442280481,0.3193693739385292,2026-09-01,0.8707,proxy_eur_l
2020-06-17,1.151,1.1219,0.27102418420913527,SP95,0.26529304799604486,0.25833718569452724,0.2541709925348426,0.32331705722170795,2026-09-01,0.8707,proxy_eur_l
2020-06-18,1.198,1.1216,0.2821666536421735,SP95,0.2736352772825994,0.2651898379745118,0.26025085347958005,0.33660941501547903,2026-09-01,0.8707,proxy_eur_l
2020-06-19,1.198,1.1189,0.2828475455581927,SP95,0.2786794611365005,0.2721786686377002,0.2652428753818575,0.3374216819030845,2026-09-01,0.8707,proxy_eur_l
2020-06-20,1.198,1.1189,0.2828475455581927,SP95,0.28262058158618636,0.2773201845928367,0.2702348972841349,0.3374216819030845,2026-09-01,0.8707,proxy_eur_l
2020-06-21,1.198,1.1189,0.2828475455581927,SP95,0.2828475455581927,0.2803466949051774,0.27522691918641234,0.3374216819030845,2026-09-01,0.8707,proxy_eur_l
2020-06-22,1.244,1.126,0.29185615731219955,SP95,0.2858504161428616,0.28451308952579024,0.2801863751192251,0.3481684639677834,2026-09-01,0.8707,proxy_eur_l
2020-06-23,1.255,1.1322,0.2928245236790993,SP95,0.2891760755164972,0.28664466353317536,0.2837734507881694,0.3493236721827702,2026-09-01,0.8707,proxy_eur_l
2020-06-24,1.15,1.1272,0.2695154898969754,SP95,0.28473205696275805,0.2839782524009319,0.2835579230292894,0.32151726726319163,2026-09-01,0.8707,proxy_eur_l
2020-06-25,1.168,1.1221,0.2749781277553848,SP95,0.2791060471104865,0.28240436884037035,0.28253099075974814,0.3280338960363862,2026-09-01,0.8707,proxy_eur_l
2020-06-26,1.094,1.1215,0.2576943604813325,SP95,0.2673959927112309,0.2773737318249983,0.27893767860591095,0.30741530515654286,2026-09-01,0.8707,proxy_eur_l
2020-06-27,1.094,1.1215,0.2576943604813325,SP95,0.26345561623934993,0.27054137245882487,0.2753443664520738,0.30741530515654286,2026-09-01,0.8707,proxy_eur_l
2020-06-28,1.094,1.1215,0.2576943604813325,SP95,0.2576943604813325,0.2635153398192715,0.27175105429823665,0.30741530515654286,2026-09-01,0.8707,proxy_eur_l
2020-06-29,1.148,1.1237,0.2698847700517526,SP95,0.2617578303381392,0.26358919585022694,0.26861228468960135,0.32195779832975074,2026-09-01,0.8707,proxy_eur_l
2020-06-30,1.16,1.1237,0.27270586520908796,SP95,0.266761665247391,0.2631347433409676,0.2657381906224569,0.32532321085584565,2026-09-01,0.8707,proxy_eur_l
2020-07-01,1.178,1.1259,0.2763963741699075,SP95,0.27299566981024936,0.26687514607868257,0.2667211740900186,0.32972578659034824,2026-09-01,0.8707,proxy_eur_l
2020-07-02,1.207,1.1237,0.2837551545753183,SP95,0.2776191313181046,0.2720873048974798,0.2679750350642948,0.33850440991638425,2026-09-01,0.8707,proxy_eur_l
2020-07-03,1.207,1.1237,0.2837551545753183,SP95,0.2813022277735147,0.2772994637162769,0.2716980056491499,0.33850440991638425,2026-09-01,0.8707,proxy_eur_l
2020-07-04,1.207,1.1237,0.2837551545753183,SP95,0.2837551545753183,0.28007354062099005,0.2754209762340051,0.33850440991638425,2026-09-01,0.8707,proxy_eur_l
2020-07-05,1.207,1.1237,0.2837551545753183,SP95,0.2837551545753183,0.2822833984942361,0.2791439468188602,0.33850440991638425,2026-09-01,0.8707,proxy_eur_l
2020-07-06,1.205,1.1307,0.28153119580045005,SP95,0.28301383498369553,0.28331036282034466,0.28080772192581693,0.3358513484983746,2026-09-01,0.8707,proxy_eur_l
2020-07-07,1.23,1.1299,0.28757555925349376,SP95,0.284287303209754,0.2840744437559798,0.28293196393216064,0.34306194415100666,2026-09-01,0.8707,proxy_eur_l
2020-07-08,1.263,1.1329,0.2945090494556814,SP95,0.2878719348365417,0.2862252227320524,0.2855194889729855,0.35133321948013757,2026-09-01,0.8707,proxy_eur_l
2020-07-09,1.215,1.1298,0.2840936834972122,SP95,0.2887260974021291,0.2862929285164312,0.2855678502475418,0.33890825644074724,2026-09-01,0.8707,proxy_eur_l
2020-07-10,1.244,1.1318,0.2903605169937592,SP95,0.28965441664888425,0.2876140010001193,0.2865114734501762,0.34638424671118934,2026-09-01,0.8707,proxy_eur_l
2020-07-11,1.244,1.1318,0.2903605169937592,SP95,0.2882715724949102,0.2893798652387812,0.2874550966528106,0.34638424671118934,2026-09-01,0.8707,proxy_eur_l
2020-07-12,1.244,1.1318,0.2903605169937592,SP95,0.2903605169937592,0.28993685678683423,0.288398719855445,0.34638424671118934,2026-09-01,0.8707,proxy_eur_l
2020-07-13,1.232,1.1364,0.2863956076251662,SP95,0.2890388805375615,0.2883141684207312,0.2890936358304045,0.3416543262690524,2026-09-01,0.8707,proxy_eur_l
2020-07-14,1.229,1.1406,0.2846461970438054,SP95,0.28713410722091026,0.2884246711300499,0.2886751555147347,0.33956737494148515,2026-09-01,0.8707,proxy_eur_l
2020-07-15,1.238,1.1406,0.2867306687878202,SP95,0.2859241578189306,0.28769870148886206,0.2875639582764688,0.34205403594593864,2026-09-01,0.8707,proxy_eur_l
2020-07-16,1.207,1.1433,0.2788906386742632,SP95,0.28342250150196296,0.28540472582496285,0.28682066615890467,0.3327013079883154,2026-09-01,0.8707,proxy_eur_l
2020-07-17,1.197,1.1438,0.27645912456085303,SP95,0.2806934773409788,0.28262444733838166,0.2848347529542038,0.32980064438135764,2026-09-01,0.8707,proxy_eur_l
2020-07-18,1.197,1.1438,0.27645912456085303,SP95,0.2772696292653231,0.280637150725519,0.2828488397495029,0.32980064438135764,2026-09-01,0.8707,proxy_eur_l
2020-07-19,1.197,1.1438,0.27645912456085303,SP95,0.27645912456085303,0.2789997362289285,0.280862926544802,0.32980064438135764,2026-09-01,0.8707,proxy_eur_l
2020-07-20,1.204,1.1442,0.27797863226639635,SP95,0.27696562712936745,0.2772493289246437,0.2796605014935492,0.331613334127904,2026-09-01,0.8707,proxy_eur_l
2020-07-21,1.26,1.1495,0.28956658196717444,SP95,0.2813347795981413,0.279384517583226,0.280363413625459,0.3454371255634229,2026-09-01,0.8707,proxy_eur_l
2020-07-22,1.259,1.1587,0.2870394527650892,SP95,0.28486155566622,0.2815005832240732,0.2804075256222118,0.34242239837506705,2026-09-01,0.8707,proxy_eur_l
2020-07-23,1.223,1.1623,0.2779681838028181,SP95,0.28485807284502723,0.28180239507246624,0.28027574635486247,0.33160086968121094,2026-09-01,0.8707,proxy_eur_l
2020-07-24,1.245,1.1635,0.2826765837437858,SP95,0.2825614067705644,0.28304588690905275,0.28116395480956713,0.33721773379087966,2026-09-01,0.8707,proxy_eur_l
2020-07-25,1.245,1.1635,0.2826765837437858,SP95,0.28110711709679653,0.28398547720453066,0.2820521632642718,0.33721773379087966,2026-09-01,0.8707,proxy_eur_l
2020-07-26,1.245,1.1635,0.2826765837437858,SP95,0.2826765837437858,0.28260747755985294,0.2829403717189765,0.33721773379087966,2026-09-01,0.8707,proxy_eur_l
2020-07-27,1.239,1.175,0.27856099818871993,SP95,0.28130472189209715,0.28091178664457905,0.283023566850737,0.3323080648833209,2026-09-01,0.8707,proxy_eur_l
2020-07-28,1.227,1.1733,0.27626277017254597,SP95,0.2791667840350172,0.2805707039185247,0.2811230223086472,0.3295664043146077,2026-09-01,0.8707,proxy_eur_l
2020-07-29,1.203,1.177,0.27000762870590705,SP95,0.27494379902239097,0.2780369129109489,0.2786899045859069,0.32210436199760695,2026-09-01,0.8707,proxy_eur_l
2020-07-30,1.183,1.1791,0.2650458298190905,SP95,0.2704387428991812,0.27451076212600983,0.27684385401680295,0.31618520677796214,2026-09-01,0.8707,proxy_eur_l
2020-07-31,1.147,1.1822,0.2563063306164746,SP95,0.2637865963804907,0.2692367115005476,0.27307667499861565,0.3057594612968842,2026-09-01,0.8707,proxy_eur_l
2020-08-01,1.147,1.1822,0.2563063306164746,SP95,0.25921949701734653,0.26478577798609854,0.26930949598042836,0.3057594612968842,2026-09-01,0.8707,proxy_eur_l
2020-08-02,1.147,1.1822,0.2563063306164746,SP95,0.2563063306164746,0.26079449007488426,0.265542316962241,0.3057594612968842,2026-09-01,0.8707,proxy_eur_l
2020-08-03,1.169,1.175,0.2628230886865323,SP95,0.2584785833064938,0.25935758207100934,0.2632940441762142,0.3135335979407603,2026-09-01,0.8707,proxy_eur_l
2020-08-04,1.179,1.1766,0.2647109040712706,SP95,0.2612801077914259,0.25929059692144535,0.26164377759031776,0.31578565864358116,2026-09-01,0.8707,proxy_eur_l
2020-08-05,1.194,1.1898,0.2651045810351565,SP95,0.2642128579309865,0.26105024700518176,0.26094334220878196,0.31625529377164535,2026-09-01,0.8707,proxy_eur_l
2020-08-06,1.205,1.1856,0.26849470571151224,SP95,0.2661033969393131,0.2634879220241893,0.2614360387648422,0.32029952745201773,2026-09-01,0.8707,proxy_eur_l
2020-08-07,1.182,1.1776,0.2651591082603018,SP95,0.26625279833565685,0.26525847755295473,0.26270072128538896,0.31632034177473733,2026-09-01,0.8707,proxy_eur_l
2020-08-08,1.182,1.1776,0.2651591082603018,SP95,0.26627097407737194,0.2657256814677086,0.2639654038059357,0.31632034177473733,2026-09-01,0.8707,proxy_eur_l
2020-08-09,1.182,1.1776,0.2651591082603018,SP95,0.2651591082603018,0.2658153223055148,0.26523008632648243,0.31632034177473733,2026-09-01,0.8707,proxy_eur_l
2020-08-10,1.207,1.1756,0.27122802585597583,SP95,0.2671820807921932,0.2670400112696787,0.26643079163640293,0.3235602291791774,2026-09-01,0.8707,proxy_eur_l
2020-08-11,1.173,1.1764,0.2634085493166509,SP95,0.2665985611443095,0.2660227799907064,0.26624474095717154,0.3142320205136443,2026-09-01,0.8707,proxy_eur_l
2020-08-12,1.223,1.1796,0.2738915056239535,SP95,0.26950936026552674,0.26776925946343677,0.26750001589842826,0.3267376151496028,2026-09-01,0.8707,proxy_eur_l
2020-08-13,1.223,1.1818,0.2733816382078318,SP95,0.2702272310494787,0.26941376545294277,0.2681981491121882,0.32612937115457064,2026-09-01,0.8707,proxy_eur_l
2020-08-14,1.234,1.1833,0.27549084138422647,SP95,0.2742546617386706,0.2714801120777277,0.2696741109870346,0.3286455354078256,2026-09-01,0.8707,proxy_eur_l
2020-08-15,1.234,1.1833,0.27549084138422647,SP95,0.2747877736587616,0.27233267518337784,0.271150072861881,0.3286455354078256,2026-09-01,0.8707,proxy_eur_l
2020-08-16,1.234,1.1833,0.27549084138422647,SP95,0.27549084138422647,0.2747491335968929,0.27262603473672736,0.3286455354078256,2026-09-01,0.8707,proxy_eur_l
2020-08-17,1.258,1.1869,0.2799970021623984,SP95,0.27699289497695045,0.27597023290458195,0.27387874563764486,0.3340211392360146,2026-09-01,0.8707,proxy_eur_l
2020-08-18,1.27,1.1928,0.2812697069876329,SP95,0.27891918351141926,0.27754784666054216,0.2764303395906423,0.3355394066187111,2026-09-01,0.8707,proxy_eur_l
2020-08-19,1.277,1.1898,0.2835331239379354,SP95,0.28159994436265556,0.2791563031712839,0.2778077136354969,0.3382395394860897,2026-09-01,0.8707,proxy_eur_l
2020-08-20,1.292,1.1862,0.28773418618000995,SP95,0.2841790057018594,0.2816049721304406,0.2798580776315223,0.34325117741528893,2026-09-01,0.8707,proxy_eur_l
2020-08-21,1.271,1.1775,0.2851487715899844,SP95,0.2854720272359766,0.28353655817159223,0.28123778194663057,0.34016691894077544,2026-09-01,0.8707,proxy_eur_l
2020-08-22,1.271,1.1775,0.2851487715899844,SP95,0.2860105764533263,0.2845669120571094,0.2826174862617388,0.34016691894077544,2026-09-01,0.8707,proxy_eur_l
2020-08-23,1.271,1.1775,0.2851487715899844,SP95,0.2851487715899844,0.28534272497757973,0.28399719057684714,0.34016691894077544,2026-09-01,0.8707,proxy_eur_l
2020-08-24,1.365,1.1803,0.3055111848418814,SP95,0.2919362426739501,0.28973833715836894,0.28764207381677326,0.3644581664165191,2026-09-01,0.8707,proxy_eur_l
2020-08-25,1.375,1.1818,0.3073587510513235,SP95,0.2993395691610631,0.2936632501326316,0.29136908011158624,0.3666622120503144,2026-09-01,0.8707,proxy_eur_l
2020-08-26,1.339,1.1813,0.2994382274676718,SP95,0.3041027211202922,0.2965211413081691,0.29364123775869144,0.3572134597768076,2026-09-01,0.8707,proxy_eur_l
2020-08-27,1.25,1.1824,0.2792752583285568,SP95,0.2953574122825174,0.2953464386558836,0.29243281949419814,0.3331601382404521,2026-09-01,0.8707,proxy_eur_l
2020-08-28,1.284,1.1901,0.2850154736810878,SP95,0.2879096531591055,0.2953197790741043,0.2924137769357843,0.3400079018118649,2026-09-01,0.8707,proxy_eur_l
2020-08-29,1.284,1.1901,0.2850154736810878,SP95,0.2831020685635775,0.29122063684194555,0.29239473437737057,0.3400079018118649,2026-09-01,0.8707,proxy_eur_l
2020-08-30,1.284,1.1901,0.2850154736810878,SP95,0.2850154736810878,0.2867519813678984,0.2923756918189567,0.3400079018118649,2026-09-01,0.8707,proxy_eur_l
2020-08-31,1.239,1.195,0.27389888943242335,SP95,0.28130994559819966,0.28164411376084875,0.2878596496176055,0.3267464236300435,2026-09-01,0.8707,proxy_eur_l
2020-09-01,1.28,1.1949,0.2829862139245376,SP95,0.28063352567934957,0.2823863048800449,0.28437785859949327,0.3375871056945709,2026-09-01,0.8707,proxy_eur_l
2020-09-02,1.251,1.184,0.2791209776182801,SP95,0.2786686936584137,0.2812074056674833,0.28147539433529445,0.3329760897748943,2026-09-01,0.8707,proxy_eur_l
2020-09-03,1.255,1.1832,0.2802027769687933,SP95,0.28076998950387033,0.28024486632502443,0.2816078969981854,0.33426661734730606,2026-09-01,0.8707,proxy_eur_l
2020-09-04,1.221,1.182,0.2728883891110823,SP95,0.2774040478993853,0.2778194494110234,0.2798754563453275,0.32554095190739657,2026-09-01,0.8707,proxy_eur_l
2020-09-05,1.221,1.182,0.2728883891110823,SP95,0.27532651839698596,0.27761734934675514,0.2781430156924695,0.32554095190739657,2026-09-01,0.8707,proxy_eur_l
2020-09-06,1.221,1.182,0.2728883891110823,SP95,0.2728883891110823,0.27559778438406407,0.2764105750396116,0.32554095190739657,2026-09-01,0.8707,proxy_eur_l
2020-09-07,1.221,1.182,0.2728883891110823,SP95,0.2728883891110823,0.2743512666826245,0.2762662178508486,0.32554095190739657,2026-09-01,0.8707,proxy_eur_l
2020-09-08,1.155,1.1789,0.2588164564201047,SP95,0.26819774488075643,0.2700740025728868,0.2728133953502153,0.3087539043590565,2026-09-01,0.8707,proxy_eur_l
2020-09-09,1.169,1.181,0.2614878316737303,SP95,0.2643975590683058,0.2677938910854164,0.2702943745009939,0.3119407092128649,2026-09-01,0.8707,proxy_eur_l
2020-09-10,1.139,1.188,0.253276067033612,SP95,0.25786011837581563,0.26387142666992236,0.26644770165311094,0.30214452225712224,2026-09-01,0.8707,proxy_eur_l
2020-09-11,1.155,1.1831,0.25789765909361967,SP95,0.25755385260032065,0.2608732806664298,0.26430616879347335,0.3076578293034331,2026-09-01,0.8707,proxy_eur_l
2020-09-12,1.155,1.1831,0.25789765909361967,SP95,0.2563571284069504,0.2578751346629372,0.2621646359338358,0.3076578293034331,2026-09-01,0.8707,proxy_eur_l
2020-09-13,1.155,1.1831,0.25789765909361967,SP95,0.25789765909361967,0.2576913751976403,0.26002310307419835,0.3076578293034331,2026-09-01,0.8707,proxy_eur_l
2020-09-14,1.163,1.1874,0.258743554735158,SP95,0.25817962430746577,0.2571425198099258,0.25800241244906624,0.3086669366284377,2026-09-01,0.8707,proxy_eur_l
2020-09-15,1.192,1.1846,0.2658222914155942,SP95,0.26082116841479064,0.25965176468632223,0.25900324601985053,0.3171114830774733,2026-09-01,0.8707,proxy_eur_l
2020-09-16,1.251,1.1835,0.2792388994508185,SP95,0.26793491520052354,0.263920012757762,0.2615391128451488,0.33311676408405144,2026-09-01,0.8707,proxy_eur_l
2020-09-17,1.281,1.1823,0.28622549189781626,SP95,0.27709556092140963,0.26958557931860133,0.2662461735400351,0.3414513874925207,2026-09-01,0.8707,proxy_eur_l
2020-09-18,1.288,1.1857,0.2869643277703426,SP95,0.28414290637299244,0.2753989130539459,0.270398554779567,0.342332778357222,2026-09-01,0.8707,proxy_eur_l
2020-09-19,1.288,1.1857,0.2869643277703426,SP95,0.28671804914616716,0.28104306766098286,0.27455093601909886,0.342332778357222,2026-09-01,0.8707,proxy_eur_l
2020-09-20,1.288,1.1857,0.2869643277703426,SP95,0.2869643277703426,0.28527147493193256,0.2787033172586307,0.342332778357222,2026-09-01,0.8707,proxy_eur_l
2020-09-21,1.242,1.1737,0.27954476359275826,SP95,0.2844911397111478,0.28533264776032047,0.2816749185240021,0.3334816433090187,2026-09-01,0.8707,proxy_eur_l
2020-09-22,1.226,1.1703,0.27674522446474403,SP95,0.28108477194261494,0.283436594273706,0.28323533753102353,0.3301419459492136,2026-09-01,0.8707,proxy_eur_l
2020-09-23,1.232,1.1677,0.2787188220478195,SP95,0.27833627003510725,0.28178749312920137,0.28316104075916654,0.3324963401320126,2026-09-01,0.8707,proxy_eur_l
2020-09-24,1.233,1.1666,0.279208075225096,SP95,0.27822404057921984,0.28023624262015207,0.28215855266306367,0.3330799924653828,2026-09-01,0.8707,proxy_eur_l
2020-09-25,1.256,1.1618,0.28559140795475507,SP95,0.2811727684092235,0.27996165865703454,0.28196242126083687,0.3406949599615226,2026-09-01,0.8707,proxy_eur_l
2020-09-26,1.256,1.1618,0.28559140795475507,SP95,0.28346363037820205,0.2811709875294339,0.2817662898586101,0.3406949599615226,2026-09-01,0.8707,proxy_eur_l
2020-09-27,1.256,1.1618,0.28559140795475507,SP95,0.28559140795475507,0.28294022422743614,0.2815701584563833,0.3406949599615226,2026-09-01,0.8707,proxy_eur_l
2020-09-28,1.291,1.166,0.29249238387167203,SP95,0.2878917332603941,0.2856949365922067,0.2834198184962281,0.34892744752320004,2026-09-01,0.8707,proxy_eur_l
2020-09-29,1.236,1.1717,0.27866916165799394,SP95,0.28558431782814037,0.28558715387878625,0.28369466666669235,0.33243709799778853,2026-09-01,0.8707,proxy_eur_l
2020-09-30,1.248,1.1723,0.28123067588754525,SP95,0.2841307404724038,0.2847150074653443,0.2840535029295103,0.33549284464691786,2026-09-01,0.8707,proxy_eur_l
2020-10-01,1.217,1.1752,0.27356823325380075,SP95,0.2778226902664467,0.2823103725251534,0.2832478112193253,0.32635196885864964,2026-09-01,0.8707,proxy_eur_l
2020-10-02,1.187,1.1706,0.26787307889041706,SP95,0.2742239960105877,0.2787667067122858,0.2807166213529913,0.3195579605875216,2026-09-01,0.8707,proxy_eur_l
2020-10-03,1.187,1.1706,0.26787307889041706,SP95,0.26977146367821164,0.2738428457160348,0.2781854314866573,0.3195579605875216,2026-09-01,0.8707,proxy_eur_l
2020-10-04,1.187,1.1706,0.26787307889041706,SP95,0.26787307889041706,0.2716836291625194,0.2756542416203233,0.3195579605875216,2026-09-01,0.8707,proxy_eur_l
2020-10-05,1.263,1.1784,0.283137561208708,SP95,0.2729612396631807,0.272065006226752,0.27431783838275703,0.3377676547429123,2026-09-01,0.8707,proxy_eur_l
2020-10-06,1.285,1.1778,0.2882162398371716,SP95,0.2797422933120988,0.27499460754342614,0.2756817066940681,0.34382624111416604,2026-09-01,0.8707,proxy_eur_l
2020-10-07,1.253,1.1766,0.2813254985592044,SP95,0.28422643320169466,0.2776850914771836,0.27569525279001944,0.3356059629180721,2026-09-01,0.8707,proxy_eur_l
2020-10-08,1.283,1.1753,0.2883797695699008,SP95,0.285973835988759,0.28178642961308037,0.2778111865494623,0.3440213231586284,2026-09-01,0.8707,proxy_eur_l
2020-10-09,1.252,1.1819,0.2798404345142582,SP95,0.28318190088112116,0.2841799007378486,0.2795208087814396,0.33383436257842397,2026-09-01,0.8707,proxy_eur_l
2020-10-10,1.252,1.1819,0.2798404345142582,SP95,0.28268687953280575,0.28352047539895864,0.2812304310134169,0.33383436257842397,2026-09-01,0.8707,proxy_eur_l
2020-10-11,1.252,1.1819,0.2798404345142582,SP95,0.2798404345142582,0.281845314334376,0.2829400532453942,0.33383436257842397,2026-09-01,0.8707,proxy_eur_l
2020-10-12,1.227,1.1819,0.2742525664129352,SP95,0.2779778118138172,0.28043072790512213,0.2816707682745695,0.3271683409614427,2026-09-01,0.8707,proxy_eur_l
2020-10-13,1.229,1.1737,0.276618771703301,SP95,0.2769039242101648,0.2780785283318022,0.280013987112588,0.3299910947075555,2026-09-01,0.8707,proxy_eur_l
2020-10-14,1.248,1.1755,0.2804650968464221,SP95,0.2771121449875528,0.278203460798235,0.27989107258219054,0.334579550641924,2026-09-01,0.8707,proxy_eur_l
2020-10-15,1.232,1.1701,0.2781471399925125,SP95,0.27841033618074523,0.2778648018938858,0.27842926835684934,0.33181435464674064,2026-09-01,0.8707,proxy_eur_l
2020-10-16,1.215,1.1717,0.27393449143564935,SP95,0.277515576091528,0.27668361327816404,0.27758556220276237,0.3267888948764669,2026-09-01,0.8707,proxy_eur_l
2020-10-17,1.215,1.1717,0.27393449143564935,SP95,0.2753387076212704,0.2766199982827069,0.2767418560486754,0.3267888948764669,2026-09-01,0.8707,proxy_eur_l
2020-10-18,1.215,1.1717,0.27393449143564935,SP95,0.27393449143564935,0.27608314222917657,0.27589814989458844,0.3267888948764669,2026-09-01,0.8707,proxy_eur_l
2020-10-19,1.201,1.1788,0.2691471283357111,SP95,0.27233870373566993,0.27381954852703433,0.2751688015978421,0.3210778320285498,2026-09-01,0.8707,proxy_eur_l
2020-10-20,1.225,1.1824,0.2736897531619857,SP95,0.2722571243111154,0.272928071160929,0.2747503703776542,0.32649693547564307,2026-09-01,0.8707,proxy_eur_l
2020-10-21,1.179,1.187,0.26239161729592,SP95,0.26840949959787225,0.2706194963329831,0.27216844472758245,0.3130188761247157,2026-09-01,0.8707,proxy_eur_l
2020-10-22,1.188,1.1824,0.2654232055154604,SP95,0.267168191991122,0.2689172391489453,0.27035073980228935,0.31663539538372565,2026-09-01,0.8707,proxy_eur_l
2020-10-23,1.168,1.1844,0.26051414822215246,SP95,0.26277632367784426,0.2662331705062459,0.2684335479146469,0.31077915800610356,2026-09-01,0.8707,proxy_eur_l
2020-10-24,1.168,1.1844,0.26051414822215246,SP95,0.2621505006532551,0.2645065744835342,0.26651635602700446,0.31077915800610356,2026-09-01,0.8707,proxy_eur_l
2020-10-25,1.168,1.1844,0.26051414822215246,SP95,0.26051414822215246,0.26187145349556756,0.2645991641393621,0.31077915800610356,2026-09-01,0.8707,proxy_eur_l
2020-10-26,1.141,1.1816,0.2550950505591125,SP95,0.2587077823344725,0.2604121401482061,0.26259172445699086,0.30431447030923325,2026-09-01,0.8707,proxy_eur_l
2020-10-27,1.168,1.1834,0.2607342886211909,SP95,0.2587811624674853,0.25947435676935215,0.26074094380830587,0.3110417734852366,2026-09-01,0.8707,proxy_eur_l
2020-10-28,1.111,1.1751,0.24976185019990033,SP95,0.2551970631267346,0.2573238971649017,0.2589366913660173,0.2979522534069081,2026-09-01,0.8707,proxy_eur_l
2020-10-29,1.08,1.1658,0.24472964191696717,SP95,0.25174192691268615,0.25416699590386466,0.255980467994804,0.29194910362117094,2026-09-01,0.8707,proxy_eur_l
2020-10-30,1.078,1.1647,0.24450714556717096,SP95,0.24633287922801284,0.25096559537286833,0.25369375332980665,0.2916836776213894,2026-09-01,0.8707,proxy_eur_l
2020-10-31,1.078,1.1647,0.24450714556717096,SP95,0.24458131101710304,0.24884801437448006,0.25140703866480935,0.2916836776213894,2026-09-01,0.8707,proxy_eur_l
2020-11-01,1.078,1.1647,0.24450714556717096,SP95,0.24450714556717096,0.24560258576367605,0.24912032399981196,0.2916836776213894,2026-09-01,0.8707,proxy_eur_l
2020-11-02,1.085,1.1634,0.24636984425699762,SP95,0.2451280451304465,0.24492418457509552,0.24787386595665267,0.2939057754782389,2026-09-01,0.8707,proxy_eur_l
2020-11-03,1.125,1.1724,0.2534916060243236,SP95,0.24812286528283076,0.24667657739656682,0.24683919701424303,0.3024016485073008,2026-09-01,0.8707,proxy_eur_l
2020-11-04,1.135,1.173,0.25561404895694667,SP95,0.251825166412756,0.24889795807452195,0.24767522540810685,0.3049336070670107,2026-09-01,0.8707,proxy_eur_l
2020-11-05,1.145,1.1809,0.25614107879590137,SP95,0.25508224459239054,0.25122474472026807,0.24930543067652597,0.3055623248956284,2026-09-01,0.8707,proxy_eur_l
2020-11-06,1.121,1.1886,0.24914762804432472,SP95,0.2536342519323909,0.25215284121569875,0.24996835674469084,0.2972195199041745,2026-09-01,0.8707,proxy_eur_l
2020-11-07,1.121,1.1886,0.24914762804432472,SP95,0.25147877829485027,0.25270839797316424,0.2506312828128557,0.2972195199041745,2026-09-01,0.8707,proxy_eur_l
2020-11-08,1.121,1.1886,0.24914762804432472,SP95,0.24914762804432472,0.2518396023771644,0.2512942088810205,0.2972195199041745,2026-09-01,0.8707,proxy_eur_l
2020-11-09,1.186,1.1811,0.26526801633795954,SP95,0.2545210908088697,0.253770395853367,0.25399394774972933,0.3164502631663605,2026-09-01,0.8707,proxy_eur_l
2020-11-10,1.225,1.181,0.27401419486768147,SP95,0.2628099464166552,0.257345019067723,0.25692574615592334,0.326883976720068,2026-09-01,0.8707,proxy_eur_l
2020-11-11,1.212,1.181,0.27110628912622853,SP95,0.2701295001106232,0.2617367512841038,0.25913892332296357,0.32341500390589584,2026-09-01,0.8707,proxy_eur_l
2020-11-12,1.183,1.1814,0.2645298272724645,SP95,0.26988343708879153,0.26481319112973173,0.2603373159624726,0.31556964390713993,2026-09-01,0.8707,proxy_eur_l
2020-11-13,1.158,1.1824,0.258720599315575,SP95,0.264785571904756,0.2667277853839818,0.2617048832869369,0.3086395520659548,2026-09-01,0.8707,proxy_eur_l
2020-11-14,1.158,1.1824,0.258720599315575,SP95,0.26065700863453817,0.2654183019795049,0.2630724506114012,0.3086395520659548,2026-09-01,0.8707,proxy_eur_l
2020-11-15,1.158,1.1824,0.258720599315575,SP95,0.258720599315575,0.26235958286908356,0.2644400179358656,0.3086395520659548,2026-09-01,0.8707,proxy_eur_l
2020-11-16,1.184,1.1844,0.26408283518409975,SP95,0.26050801127174994,0.26095489208065786,0.26427070634245703,0.3150364067459132,2026-09-01,0.8707,proxy_eur_l
2020-11-17,1.19,1.1862,0.2650183293763249,SP95,0.26260725462533324,0.2610525925014299,0.26298558270083466,0.31615240025092395,2026-09-01,0.8707,proxy_eur_l
2020-11-18,1.18,1.1869,0.262636297735795,SP95,0.26391248743207324,0.26183573218547396,0.26177558393077277,0.3133107665329867,2026-09-01,0.8707,proxy_eur_l
2020-11-19,1.191,1.1843,0.26566656620666623,SP95,0.26444039777292866,0.2632249255636922,0.2619379752070873,0.3169257114038761,2026-09-01,0.8707,proxy_eur_l
2020-11-20,1.202,1.1857,0.2678036661335029,SP95,0.26536884335865474,0.2650415389272778,0.26323555618107697,0.31947515495759377,2026-09-01,0.8707,proxy_eur_l
2020-11-21,1.202,1.1857,0.2678036661335029,SP95,0.267091299491224,0.26578570511715843,0.26453313715506666,0.31947515495759377,2026-09-01,0.8707,proxy_eur_l
2020-11-22,1.202,1.1857,0.2678036661335029,SP95,0.2678036661335029,0.266342772468594,0.2658307181290564,0.31947515495759377,2026-09-01,0.8707,proxy_eur_l
2020-11-23,1.225,1.1826,0.27364346705456777,SP95,0.2697502664405245,0.26854420633234855,0.2671965226819804,0.32644171867613764,2026-09-01,0.8707,proxy_eur_l
2020-11-24,1.281,1.1874,0.2849961252069969,SP95,0.2754810861316892,0.27241011813241467,0.27005049351493354,0.3399848201384598,2026-09-01,0.8707,proxy_eur_l
2020-11-25,1.311,1.1908,0.29083772307821004,SP95,0.2831591051132582,0.27701692952135615,0.27407926856384995,0.3469535275204395,2026-09-01,0.8707,proxy_eur_l
2020-11-26,1.311,1.1908,0.29083772307821004,SP95,0.28889052378780566,0.28162374091029757,0.2776751481169276,0.3469535275204395,2026-09-01,0.8707,proxy_eur_l
2020-11-27,1.311,1.1908,0.29083772307821004,SP95,0.29083772307821004,0.28623055229923894,0.28096572768045724,0.3469535275204395,2026-09-01,0.8707,proxy_eur_l
2020-11-28,1.311,1.1908,0.29083772307821004,SP95,0.29083772307821004,0.2896694035039674,0.2842563072439868,0.3469535275204395,2026-09-01,0.8707,proxy_eur_l
2020-11-29,1.311,1.1908,0.29083772307821004,SP95,0.29083772307821004,0.29083772307821004,0.28754688680751644,0.3469535275204395,2026-09-01,0.8707,proxy_eur_l
2020-11-30,1.271,1.1948,0.28101998539270723,SP95,0.2875651438497091,0.28887417554110945,0.2886006751415363,0.335241502387649,2026-09-01,0.8707,proxy_eur_l
2020-12-01,1.254,1.2039,0.2751655068171095,SP95,0.2823410717626756,0.2857397322888894,0.28719630108583816,0.3282574290284643,2026-09-01,0.8707,proxy_eur_l
2020-12-02,1.276,1.2093,0.27874269313569616,SP95,0.27830939511517094,0.2833207263003866,0.285468439665479,0.3325248170367859,2026-09-01,0.8707,proxy_eur_l
2020-12-03,1.288,1.2152,0.27999802784504213,SP95,0.27796874259928256,0.28115278725375303,0.28391991177502646,0.3340223628194191,2026-09-01,0.8707,proxy_eur_l
2020-12-04,1.287,1.2142,0.28001106192137787,SP95,0.2795839276340387,0.2789874550223866,0.282373245895479,0.3340379117609896,2026-09-01,0.8707,proxy_eur_l
2020-12-05,1.287,1.2142,0.28001106192137787,SP95,0.28000671722926596,0.27878567032812074,0.2808265800159315,0.3340379117609896,2026-09-01,0.8707,proxy_eur_l
2020-12-06,1.287,1.2142,0.28001106192137787,SP95,0.28001106192137787,0.27975478134897436,0.2792799141363841,0.3340379117609896,2026-09-01,0.8707,proxy_eur_l
2020-12-07,1.282,1.2138,0.27901513521432386,SP95,0.2796790863523599,0.27980926976469994,0.27899350696804365,0.33284982556464954,2026-09-01,0.8707,proxy_eur_l
2020-12-08,1.294,1.2111,0.28225467405783505,SP95,0.2804269570645123,0.28026059900725847,0.2800062451452901,0.3367144185665465,2026-09-01,0.8707,proxy_eur_l
2020-12-09,1.312,1.208,0.2869153416340155,SP95,0.2827283836353915,0.281641454949786,0.2811737663593357,0.34227434057061573,2026-09-01,0.8707,proxy_eur_l
2020-12-10,1.344,1.2118,0.2929916144325396,SP95,0.2873872100414634,0.2842375654520184,0.28302999301469256,0.34952300233055367,2026-09-01,0.8707,proxy_eur_l
2020-12-11,1.338,1.2112,0.2918281093586547,SP95,0.29057835514173663,0.28660097493947373,0.2847181426485892,0.3481350042902729,2026-09-01,0.8707,proxy_eur_l
2020-12-12,1.338,1.2112,0.2918281093586547,SP95,0.292215944383283,0.2891635697683399,0.2864062922824859,0.3481350042902729,2026-09-01,0.8707,proxy_eur_l
2020-12-13,1.338,1.2112,0.2918281093586547,SP95,0.2918281093586547,0.29107825682850386,0.2880944419163826,0.3481350042902729,2026-09-01,0.8707,proxy_eur_l
2020-12-14,1.351,1.2145,0.29386285939551954,SP95,0.292506359370943,0.2924677603808047,0.2902155453708391,0.35056235001228137,2026-09-01,0.8707,proxy_eur_l
2020-12-15,1.355,1.2158,0.29441777508248984,SP95,0.29336958127888807,0.2927529925107947,0.2919531312315041,0.35122433413536225,2026-09-01,0.8707,proxy_eur_l
2020-12-16,1.385,1.2175,0.3005160513478731,SP95,0.2962655619419608,0.2944905809086384,0.2938960897620552,0.35849924483014833,2026-09-01,0.8707,proxy_eur_l
2020-12-17,1.421,1.2258,0.30623958753542907,SP95,0.30039113798859735,0.29737287654399325,0.2957886573481822,0.3653271110682203,2026-09-01,0.8707,proxy_eur_l
2020-12-18,1.43,1.2236,0.3087332746585095,SP95,0.30516297118060387,0.30075390960396425,0.2982036809624472,0.36830194368184377,2026-09-01,0.8707,proxy_eur_l
2020-12-19,1.43,1.2236,0.3087332746585095,SP95,0.30790204561748274,0.30372799265656225,0.3006187045767122,0.36830194368184377,2026-09-01,0.8707,proxy_eur_l
2020-12-20,1.43,1.2236,0.3087332746585095,SP95,0.3087332746585095,0.30659109257176614,0.3030337281909771,0.36830194368184377,2026-09-01,0.8707,proxy_eur_l
2020-12-21,1.387,1.223,0.29959659576512826,SP95,0.30568771502738246,0.30640720145521716,0.3038528333866356,0.3574023845107396,2026-09-01,0.8707,proxy_eur_l
2020-12-22,1.372,1.2172,0.2977686952311696,SP95,0.3020328552182691,0.30471302299436526,0.3043315362650184,0.3552217989542954,2026-09-01,0.8707,proxy_eur_l
2020-12-23,1.415,1.2194,0.30654703467835004,SP95,0.301304108558216,0.3042757749983334,0.3051931053122294,0.365693878726946,2026-09-01,0.8707,proxy_eur_l
2020-12-24,1.413,1.2194,0.30611375265053614,SP95,0.30347649418668526,0.3037518705967387,0.30517512890010184,0.36517699691955813,2026-09-01,0.8707,proxy_eur_l
2020-12-25,1.413,1.2194,0.30611375265053614,SP95,0.3062581799931408,0.3032279661951441,0.30480091147039134,0.36517699691955813,2026-09-01,0.8707,proxy_eur_l
2020-12-26,1.413,1.2194,0.30611375265053614,SP95,0.30611375265053614,0.3045313975722256,0.30442669404068085,0.36517699691955813,2026-09-01,0.8707,proxy_eur_l
2020-12-27,1.413,1.2194,0.30611375265053614,SP95,0.30611375265053614,0.3062004090560989,0.30405247661097035,0.36517699691955813,2026-09-01,0.8707,proxy_eur_l
2020-12-28,1.396,1.2213,0.3019603578907518,SP95,0.30472928773060803,0.3052830736985793,0.30439015691463084,0.36022222369468115,2026-09-01,0.8707,proxy_eur_l
2020-12-29,1.417,1.2252,0.30552709614062706,SP95,0.30453373556063834,0.3051657423965975,0.3054984999016962,0.3644771477273642,2026-09-01,0.8707,proxy_eur_l
2020-12-30,1.438,1.228,0.3093480547972455,SP95,0.30561183627620814,0.3058126028259393,0.30589864563296704,0.36903534282802875,2026-09-01,0.8707,proxy_eur_l
2020-12-31,1.438,1.223,0.3106127647514451,SP95,0.30849597189643924,0.3067124052461211,0.30654136164738255,0.370544072766001,2026-09-01,0.8707,proxy_eur_l
2021-01-01,1.438,1.223,0.3106127647514451,SP95,0.3101911947667119,0.30761220766630293,0.3071840776617981,0.370544072766001,2026-09-01,0.8707,proxy_eur_l
2021-01-02,1.438,1.223,0.3106127647514451,SP95,0.3106127647514451,0.30934268903844153,0.3078267936762137,0.370544072766001,2026-09-01,0.8707,proxy_eur_l
2021-01-03,1.438,1.223,0.3106127647514451,SP95,0.3106127647514451,0.3103598227606052,0.3084695096906293,0.370544072766001,2026-09-01,0.8707,proxy_eur_l
2021-01-04,1.402,1.2254,0.30224352652694964,SP95,0.30782301867661327,0.30893891710654603,0.3085099623529432,0.3605600284201898,2026-09-01,0.8707,proxy_eur_l
2021-01-05,1.485,1.2295,0.3190691319657181,SP95,0.3106418077480376,0.3106301905494006,0.3104445388993848,0.3806320572404608,2026-09-01,0.8707,proxy_eur_l
2021-01-06,1.503,1.229,0.32306801846566074,SP95,0.3147935589861095,0.3131212412922437,0.31240453370915844,0.38540251054557023,2026-09-01,0.8707,proxy_eur_l
2021-01-07,1.512,1.2265,0.3256650168491809,SP95,0.3226007224268533,0.3161316917117909,0.3145548554374064,0.3885005878533922,2026-09-01,0.8707,proxy_eur_l
2021-01-08,1.576,1.2252,0.3398099530823065,SP95,0.32951432946571607,0.3219711293779632,0.31872588234181515,0.40537472464243196,2026-09-01,0.8707,proxy_eur_l
2021-01-09,1.576,1.2252,0.3398099530823065,SP95,0.3350949743379313,0.32948441468903455,0.3228969092462239,0.40537472464243196,2026-09-01,0.8707,proxy_eur_l
2021-01-10,1.576,1.2252,0.3398099530823065,SP95,0.3398099530823065,0.3336325789123522,0.3270679361506327,0.40537472464243196,2026-09-01,0.8707,proxy_eur_l
2021-01-11,1.549,1.2169,0.33626633996447686,SP95,0.3386287487096966,0.33627224321211546,0.33192833807027944,0.40114738762993557,2026-09-01,0.8707,proxy_eur_l
2021-01-12,1.583,1.2168,0.34367550861517826,SP95,0.33991726722065385,0.3398743415653149,0.335443534734488,0.40998612138203355,2026-09-01,0.8707,proxy_eur_l
2021-01-13,1.575,1.2159,0.34219177766599534,SP95,0.34071120874855015,0.3403507064820527,0.3381755003345358,0.4082161113528606,2026-09-01,0.8707,proxy_eur_l
2021-01-14,1.596,1.2156,0.3468399107959895,SP95,0.34423573235905436,0.3417566980247893,0.3412004851840799,0.4137610804468541,2026-09-01,0.8707,proxy_eur_l
2021-01-15,1.561,1.2099,0.34083194787260906,SP95,0.34328787877819794,0.3419610969828498,0.34134648443983745,0.4065939086390954,2026-09-01,0.8707,proxy_eur_l
2021-01-16,1.561,1.2099,0.34083194787260906,SP95,0.34283460218040257,0.34287421856447625,0.34149248369559493,0.4065939086390954,2026-09-01,0.8707,proxy_eur_l
2021-01-17,1.561,1.2099,0.34083194787260906,SP95,0.34083194787260906,0.3423055064159624,0.3416384829513524,0.4065939086390954,2026-09-01,0.8707,proxy_eur_l
2021-01-18,1.561,1.2099,0.34083194787260906,SP95,0.34083194787260906,0.3420335404572852,0.3422907126525142,0.4065939086390954,2026-09-01,0.8707,proxy_eur_l
2021-01-19,1.58,1.2126,0.34421230638782335,SP95,0.3419587340443471,0.3415080195756519,0.3423673980486064,0.4106264918223366,2026-09-01,0.8707,proxy_eur_l
2021-01-20,1.578,1.2126,0.3437765946075856,SP95,0.34294028295600604,0.34209694892264725,0.34259380046883353,0.41010671145294125,2026-09-01,0.8707,proxy_eur_l
2021-01-21,1.588,1.2143,0.3454708219918799,SP95,0.3444865743290963,0.3430247237465014,0.3423982163539607,0.4121278322387224,2026-09-01,0.8707,proxy_eur_l
2021-01-22,1.578,1.2179,0.3422805637746599,SP95,0.34384266012470843,0.34331444692691154,0.3426051614828251,0.40832202833388337,2026-09-01,0.8707,proxy_eur_l
2021-01-23,1.578,1.2179,0.3422805637746599,SP95,0.3433439831803999,0.3436041701073217,0.34281210661168954,0.40832202833388337,2026-09-01,0.8707,proxy_eur_l
2021-01-24,1.578,1.2179,0.3422805637746599,SP95,0.3422805637746599,0.343217821584689,0.34301905174055397,0.40832202833388337,2026-09-01,0.8707,proxy_eur_l
2021-01-25,1.598,1.2138,0.34778953671801055,SP95,0.34411688808911006,0.34402041000677397,0.34401299300418275,0.41489393233409516,2026-09-01,0.8707,proxy_eur_l
2021-01-26,1.611,1.2147,0.3503590815419257,SP95,0.34680972734486537,0.34499806191678317,0.344891103740483,0.41795925904393016,2026-09-01,0.8707,proxy_eur_l
2021-01-27,1.607,1.2101,0.3508176912152256,SP95,0.3496554364917206,0.3467054874048963,0.3458969746844316,0.41850635534980934,2026-09-01,0.8707,proxy_eur_l
2021-01-28,1.618,1.2122,0.3526071446258738,SP95,0.35126130579434167,0.34877080357513907,0.3469164493464308,0.42064107558687747,2026-09-01,0.8707,proxy_eur_l
2021-01-29,1.594,1.2135,0.34700473956233097,SP95,0.35014319180114345,0.3497156387326733,0.3475913316018123,0.4139577121675048,2026-09-01,0.8707,proxy_eur_l
2021-01-30,1.594,1.2135,0.34700473956233097,SP95,0.3488722079168452,0.3495586793015374,0.3482662138571939,0.4139577121675048,2026-09-01,0.8707,proxy_eur_l
2021-01-31,1.594,1.2135,0.34700473956233097,SP95,0.34700473956233097,0.3488878109056185,0.3489410961125755,0.4139577121675048,2026-09-01,0.8707,proxy_eur_l
2021-02-01,1.628,1.207,0.3563149140340228,SP95,0.3501081310528949,0.34998725546937787,0.35015900715772014,0.42506424209283905,2026-09-01,0.8707,proxy_eur_l
2021-02-02,1.657,1.202,0.36417062459022626,SP95,0.35583009272886,0.35229995146224835,0.3521320847360488,0.43443567596258303,2026-09-01,0.8707,proxy_eur_l
2021-02-03,1.685,1.2025,0.3701704018490479,SP95,0.36355198015776563,0.3569330839195918,0.3548967576837377,0.44159308271935815,2026-09-01,0.8707,proxy_eur_l
2021-02-04,1.682,1.1974,0.3710851779408766,SP95,0.36847540146005026,0.3617491715953009,0.35753647672873806,0.4426843606615458,2026-09-01,0.8707,proxy_eur_l
2021-02-05,1.672,1.2035,0.36700928254493076,SP95,0.36942162077828505,0.36575008019182087,0.36039426858339524,0.4378220399472297,2026-09-01,0.8707,proxy_eur_l
2021-02-06,1.672,1.2035,0.36700928254493076,SP95,0.36836791434357935,0.3678889538940025,0.3632520604380523,0.4378220399472297,2026-09-01,0.8707,proxy_eur_l
2021-02-07,1.672,1.2035,0.36700928254493076,SP95,0.36700928254493076,0.36845668548494337,0.3661098522927094,0.4378220399472297,2026-09-01,0.8707,proxy_eur_l
2021-02-08,1.699,1.2045,0.3726262490298831,SP95,0.36888160470658155,0.3689478549211104,0.3684400430064037,0.44452277434747195,2026-09-01,0.8707,proxy_eur_l
2021-02-09,1.688,1.2106,0.3683482772018458,SP95,0.3693279362588866,0.36840047477330423,0.36903685052234936,0.43941938748052317,2026-09-01,0.8707,proxy_eur_l
2021-02-10,1.661,1.2132,0.3616796727389421,SP95,0.3675513996568904,0.36733455281210653,0.3678238892209057,0.4314641063789007,2026-09-01,0.8707,proxy_eur_l
2021-02-11,1.667,1.2127,0.3631358219518706,SP95,0.36438792396421954,0.36655986069349444,0.366688266936762,0.433201212902341,2026-09-01,0.8707,proxy_eur_l
2021-02-12,1.712,1.2126,0.37296928388351486,SP95,0.36592825952477587,0.36775186096121126,0.36753969569941686,0.4449319962024305,2026-09-01,0.8707,proxy_eur_l
2021-02-13,1.712,1.2126,0.37296928388351486,SP95,0.3696914632396335,0.3678204679319376,0.36839112446207173,0.4449319962024305,2026-09-01,0.8707,proxy_eur_l
2021-02-14,1.712,1.2126,0.37296928388351486,SP95,0.37296928388351486,0.36874466926827143,0.3692425532247266,0.4449319962024305,2026-09-01,0.8707,proxy_eur_l
2021-02-15,1.712,1.2126,0.37296928388351486,SP95,0.37296928388351486,0.37100259149718606,0.3692915582038168,0.4449319962024305,2026-09-01,0.8707,proxy_eur_l
2021-02-16,1.795,1.2107,0.3916650152662727,SP95,0.37920119434443417,0.3767084301600664,0.37262252078444924,0.46723498318833157,2026-09-01,0.8707,proxy_eur_l
2021-02-17,1.831,1.2042,0.4016766549308834,SP95,0.3887703180268904,0.38244990436954013,0.37833637538329806,0.4791783227975684,2026-09-01,0.8707,proxy_eur_l
2021-02-18,1.796,1.2078,0.3928241480669271,SP95,0.39538860608802767,0.3864208772062226,0.3825775648283061,0.46861776534532,2026-09-01,0.8707,proxy_eur_l
2021-02-19,1.807,1.2136,0.39334121507183106,SP95,0.3959473393565472,0.3904952634438858,0.38548784071235126,0.46923459805676165,2026-09-01,0.8707,proxy_eur_l
2021-02-20,1.807,1.2136,0.39334121507183106,SP95,0.3931688594035297,0.39456964968154906,0.38839811659639645,0.46923459805676165,2026-09-01,0.8707,proxy_eur_l
2021-02-21,1.807,1.2136,0.39334121507183106,SP95,0.39334121507183106,0.39490488964266074,0.3913083924804416,0.46923459805676165,2026-09-01,0.8707,proxy_eur_l
2021-02-22,1.862,1.2155,0.4046798531393438,SP95,0.3971207610943353,0.3955055292843528,0.3958384738027029,0.48276097432310033,2026-09-01,0.8707,proxy_eur_l
2021-02-23,1.895,1.2142,0.41229290003186564,SP95,0.4034379894143469,0.39939927967734057,0.3987853144835019,0.49184292368848126,2026-09-01,0.8707,proxy_eur_l
2021-02-24,1.919,1.2143,0.4174801683894317,SP95,0.4114843071868804,0.40422707034086064,0.4010429592632945,0.49803105167890954,2026-09-01,0.8707,proxy_eur_l
2021-02-25,1.912,1.2229,0.41303210737491186,SP95,0.4142683919320697,0.4081652488014768,0.4039298105930066,0.49272475769723506,2026-09-01,0.8707,proxy_eur_l
2021-02-26,1.897,1.2093,0.4144003831335546,SP95,0.4149708862992994,0.4123770824138215,0.4069382631732528,0.4943570359865069,2026-09-01,0.8707,proxy_eur_l
2021-02-27,1.897,1.2093,0.4144003831335546,SP95,0.413944291214007,0.4143211884126637,0.409946715753499,0.4943570359865069,2026-09-01,0.8707,proxy_eur_l
2021-02-28,1.897,1.2093,0.4144003831335546,SP95,0.4144003831335546,0.4147426850330015,0.4129551683337453,0.4943570359865069,2026-09-01,0.8707,proxy_eur_l
2021-03-01,1.869,1.2054,0.40960475017204195,SP95,0.4128018388130504,0.4131676013895236,0.4136587250527022,0.48863610764516285,2026-09-01,0.8707,proxy_eur_l
2021-03-02,1.88,1.2079,0.4111627274056785,SP95,0.41172262023709166,0.4127937253956769,0.4134972718203897,0.490494689438768,2026-09-01,0.8707,proxy_eur_l
2021-03-03,1.92,1.2073,0.42011955647117116,SP95,0.41362901134963054,0.4139375600632002,0.41387432726063816,0.5011796975827583,2026-09-01,0.8707,proxy_eur_l
2021-03-04,1.979,1.2045,0.4340361076104407,SP95,0.4217727971624301,0.41786470495857736,0.4168748987228566,0.5177813834218051,2026-09-01,0.8707,proxy_eur_l
2021-03-05,2.05,1.1914,0.4545515421640123,SP95,0.43623573541520805,0.42589493676466894,0.42261077858435053,0.5422551769573923,2026-09-01,0.8707,proxy_eur_l
2021-03-06,2.05,1.1914,0.4545515421640123,SP95,0.44771306397948846,0.434884295163063,0.4283466584458445,0.5422551769573923,2026-09-01,0.8707,proxy_eur_l
2021-03-07,2.05,1.1914,0.4545515421640123,SP95,0.4545515421640123,0.44356205811472976,0.43408253830733845,0.5422551769573923,2026-09-01,0.8707,proxy_eur_l
2021-03-08,2.023,1.1849,0.45102545524561927,SP95,0.45337617985788126,0.44974323786961934,0.4399997818892781,0.5380487477441119,2026-09-01,0.8707,proxy_eur_l
2021-03-09,2.002,1.1885,0.44499154297098287,SP95,0.4501895134602048,0.4519343249417278,0.4448324698271787,0.5308506197768158,2026-09-01,0.8707,proxy_eur_l
2021-03-10,2.049,1.19,0.4548643153628959,SP95,0.45029377119316605,0.45199687958150453,0.4497960068117108,0.5426282983101453,2026-09-01,0.8707,proxy_eur_l
2021-03-11,2.119,1.1978,0.4673406069017504,SP95,0.4557321550785431,0.4545546925290521,0.454553792424755,0.5575118330661057,2026-09-01,0.8707,proxy_eur_l
2021-03-12,2.211,1.1952,0.488691773564145,SP95,0.47029889860959706,0.46138273880907865,0.4594309683390597,0.5829826093869703,2026-09-01,0.8707,proxy_eur_l
2021-03-13,2.211,1.1952,0.488691773564145,SP95,0.48157471801001345,0.46891600247278376,0.46430814425336436,0.5829826093869703,2026-09-01,0.8707,proxy_eur_l
2021-03-14,2.211,1.1952,0.488691773564145,SP95,0.488691773564145,0.4776560485914162,0.46918532016766906,0.5829826093869703,2026-09-01,0.8707,proxy_eur_l
2021-03-15,2.166,1.1917,0.48015160309452837,SP95,0.4858450500742728,0.4827135061377428,0.4733461984317989,0.572794652203498,2026-09-01,0.8707,proxy_eur_l
2021-03-16,2.127,1.1895,0.4723782726908631,SP95,0.48040721644984546,0.48372103929556526,0.4772585883917818,0.5635214933588033,2026-09-01,0.8707,proxy_eur_l
2021-03-17,2.077,1.1905,0.46088647857864284,SP95,0.47113878478801147,0.47815998029846485,0.47811889742260283,0.5498124102915383,2026-09-01,0.8707,proxy_eur_l
2021-03-18,1.941,1.1926,0.429949650869668,SP95,0.45440480071305794,0.4664115557595695,0.47277733227516244,0.5129064635996283,2026-09-01,0.8707,proxy_eur_l
2021-03-19,1.89,1.1909,0.4192502972179868,SP95,0.4366954755554326,0.4525232604903378,0.46285712136856844,0.5001427187444217,2026-09-01,0.8707,proxy_eur_l
2021-03-20,1.89,1.1909,0.4192502972179868,SP95,0.4228167484352139,0.4403429993150295,0.45293691046197443,0.5001427187444217,2026-09-01,0.8707,proxy_eur_l
2021-03-21,1.89,1.1909,0.4192502972179868,SP95,0.4192502972179868,0.42971740422045424,0.44301669955538037,0.5001427187444217,2026-09-01,0.8707,proxy_eur_l
2021-03-22,1.908,1.1932,0.4224273180517492,SP95,0.4203093041625743,0.4220255721150755,0.43477037312069766,0.5039327311733919,2026-09-01,0.8707,proxy_eur_l
2021-03-23,1.85,1.1872,0.41165624735728995,SP95,0.4177779542090086,0.41836689141259986,0.4260957980730443,0.49108343180100705,2026-09-01,0.8707,proxy_eur_l
2021-03-24,1.961,1.1831,0.43786780041782525,SP95,0.4239837886089548,0.4220903920525676,0.4228074154786418,0.522352383778383,2026-09-01,0.8707,proxy_eur_l
2021-03-25,1.898,1.1777,0.4257438697255377,SP95,0.425089305833551,0.4233891065540778,0.4222065896009089,0.5078891962778698,2026-09-01,0.8707,proxy_eur_l
2021-03-26,1.925,1.1798,0.4310317009573112,SP95,0.43154779036689134,0.42574538730194267,0.42388964727795525,0.514197290287749,2026-09-01,0.8707,proxy_eur_l
2021-03-27,1.925,1.1798,0.4310317009573112,SP95,0.42926909054672,0.42746626388305503,0.4255727049550016,0.514197290287749,2026-09-01,0.8707,proxy_eur_l
2021-03-28,1.925,1.1798,0.4310317009573112,SP95,0.4310317009573112,0.4313413546030593,0.42725576263204795,0.514197290287749,2026-09-01,0.8707,proxy_eur_l
2021-03-29,1.961,1.1779,0.43980082746780635,SP95,0.43395474312747623,0.4317279600130555,0.42973769254862754,0.5246583795298455,2026-09-01,0.8707,proxy_eur_l
2021-03-30,1.94,1.1724,0.4371321917219446,SP95,0.4359882400490207,0.4340056244123369,0.4333771131721496,0.5214748427592565,2026-09-01,0.8707,proxy_eur_l
2021-03-31,1.938,1.1743,0.4359749957166752,SP95,0.43763600496880867,0.4349942833642097,0.43310671250055677,0.5200943710934375,2026-09-01,0.8707,proxy_eur_l
2021-04-01,1.997,1.1772,0.44814100285356984,SP95,0.4404160634307299,0.43841614374346144,0.4363063029474185,0.5346077534955178,2026-09-01,0.8707,proxy_eur_l
2021-04-02,1.997,1.1763,0.44848388043800264,SP95,0.4441999596694159,0.4419065796395998,0.4387994714446602,0.535016787736907,2026-09-01,0.8707,proxy_eur_l
2021-04-03,1.997,1.1763,0.44848388043800264,SP95,0.44836958790985837,0.44364319023363896,0.4412926399419018,0.535016787736907,2026-09-01,0.8707,proxy_eur_l
2021-04-04,1.997,1.1763,0.44848388043800264,SP95,0.44848388043800264,0.4459135279768506,0.4437858084391434,0.535016787736907,2026-09-01,0.8707,proxy_eur_l
2021-04-05,1.94,1.181,0.43394901064759345,SP95,0.4436389238411995,0.4455083309630342,0.44294983460768445,0.5176774814995362,2026-09-01,0.8707,proxy_eur_l
2021-04-06,1.953,1.1852,0.43530882404274707,SP95,0.43924723837611435,0.4429418952008697,0.44268935351065625,0.519299664651105,2026-09-01,0.8707,proxy_eur_l
2021-04-07,1.93,1.189,0.42880745252416014,SP95,0.43268842907150024,0.4390066096181012,0.4416654187688684,0.5115438833232197,2026-09-01,0.8707,proxy_eur_l
2021-04-08,1.947,1.1904,0.43207576103941114,SP95,0.4320640125354394,0.4357249857383829,0.4393703842239885,0.515442796973037,2026-09-01,0.8707,proxy_eur_l
2021-04-09,1.956,1.1897,0.4343284310435726,SP95,0.4317372148690479,0.4328938958594969,0.43734817716764135,0.5181301093203184,2026-09-01,0.8707,proxy_eur_l
2021-04-10,1.956,1.1897,0.4343284310435726,SP95,0.43357754104218543,0.4329697799386927,0.4353259701112942,0.5181301093203184,2026-09-01,0.8707,proxy_eur_l
2021-04-11,1.956,1.1897,0.4343284310435726,SP95,0.4343284310435726,0.43277370133885784,0.4333037630549471,0.5181301093203184,2026-09-01,0.8707,proxy_eur_l
2021-04-12,1.96,1.1907,0.43485111499283685,SP95,0.4345026590266607,0.4339824338325931,0.43343263510426755,0.5187536427397669,2026-09-01,0.8707,proxy_eur_l
2021-04-13,1.97,1.1939,0.4358982688211344,SP95,0.43502593828584796,0.4347469353889378,0.43351684150118003,0.5200028400953888,2026-09-01,0.8707,proxy_eur_l
2021-04-14,2.018,1.1974,0.4452139649730612,SP95,0.4386544495956775,0.4369240421748355,0.4358606289938802,0.5311159570838284,2026-09-01,0.8707,proxy_eur_l
2021-04-15,2.04,1.1964,0.45044382047026316,SP95,0.4438520180881529,0.4401471200601736,0.43848463748400196,0.5373548892071157,2026-09-01,0.8707,proxy_eur_l
2021-04-16,2.029,1.198,0.44741660620591245,SP95,0.4476914638830789,0.44276475509264157,0.4403543767929076,0.5337435878378837,2026-09-01,0.8707,proxy_eur_l
2021-04-17,2.029,1.198,0.44741660620591245,SP95,0.4484256776273627,0.44527785333525677,0.44222411610181334,0.5337435878378837,2026-09-01,0.8707,proxy_eur_l
2021-04-18,2.029,1.198,0.44741660620591245,SP95,0.44741660620591245,0.44758152081221236,0.44409385541071905,0.5337435878378837,2026-09-01,0.8707,proxy_eur_l
2021-04-19,2.029,1.2028,0.4456311059483564,SP95,0.44682143945339375,0.4476649490072714,0.4456338541186504,0.5316135834966617,2026-09-01,0.8707,proxy_eur_l
2021-04-20,2.0,1.2045,0.43864184700398245,SP95,0.4438965197194171,0.44530455431401517,0.4460257938590572,0.5232757791023801,2026-09-01,0.8707,proxy_eur_l
2021-04-21,1.946,1.2033,0.4272241451748997,SP95,0.4371656993757462,0.44126606210781266,0.443455819602177,0.5096550840843835,2026-09-01,0.8707,proxy_eur_l
2021-04-22,1.953,1.2012,0.42951050470817836,SP95,0.4317921656290202,0.4376848418082659,0.4404653459218792,0.5123825862008737,2026-09-01,0.8707,proxy_eur_l
2021-04-23,1.967,1.2069,0.4305463808007937,SP95,0.4290936768946239,0.4343107967272421,0.438055313721148,0.5136183298334505,2026-09-01,0.8707,proxy_eur_l
2021-04-24,1.967,1.2069,0.4305463808007937,SP95,0.4302010887699219,0.43129385169772955,0.4356452815204167,0.5136183298334505,2026-09-01,0.8707,proxy_eur_l
2021-04-25,1.967,1.2069,0.4305463808007937,SP95,0.4305463808007937,0.42967475845709185,0.43323524931968543,0.5136183298334505,2026-09-01,0.8707,proxy_eur_l
2021-04-26,1.946,1.2083,0.4254562723569948,SP95,0.42884967798619406,0.4293211838935108,0.43035313023520516,0.507546108316427,2026-09-01,0.8707,proxy_eur_l
2021-04-27,1.995,1.2079,0.43631363892251523,SP95,0.43077209736010125,0.4306818107363782,0.43002052908070987,0.5204983539523096,2026-09-01,0.8707,proxy_eur_l
2021-04-28,2.036,1.2098,0.444581169285163,SP95,0.4354503601882243,0.43348876843325207,0.4325001039536046,0.5303610663709172,2026-09-01,0.8707,proxy_eur_l
2021-04-29,2.081,1.211,0.45395709410182233,SP95,0.4449506341031668,0.4381709110934578,0.4359924738669823,0.541546032868649,2026-09-01,0.8707,proxy_eur_l
2021-04-30,2.055,1.203,0.4512664734796301,SP95,0.44993491228887184,0.4423149296292251,0.4389524871068161,0.5383362693406977,2026-09-01,0.8707,proxy_eur_l
2021-05-01,2.055,1.203,0.4512664734796301,SP95,0.4521633470203608,0.4474769698537521,0.44191250034664986,0.5383362693406977,2026-09-01,0.8707,proxy_eur_l
2021-05-02,2.055,1.203,0.4512664734796301,SP95,0.4512664734796301,0.45046753676517515,0.44487251358648366,0.5383362693406977,2026-09-01,0.8707,proxy_eur_l
2021-05-03,2.093,1.2059,0.4585057679621898,SP95,0.45367957164048334,0.45325245650058044,0.44959387010151153,0.5469723524832132,2026-09-01,0.8707,proxy_eur_l
2021-05-04,2.147,1.2014,0.47209705045192657,SP95,0.4606230972979155,0.45688044777060133,0.4547057860342845,0.5631860105789784,2026-09-01,0.8707,proxy_eur_l
2021-05-05,2.132,1.2003,0.46922837259649464,SP95,0.46661039700353696,0.4604728275939742,0.45822681507876056,0.5597638344914762,2026-09-01,0.8707,proxy_eur_l
2021-05-06,2.107,1.2049,0.4619557758474718,SP95,0.4677603996319643,0.4626106880675426,0.4593694838995676,0.5510880235629584,2026-09-01,0.8707,proxy_eur_l
2021-05-07,2.121,1.2165,0.46059097661457693,SP95,0.4639250416861811,0.46447558869453187,0.4607015557759886,0.5494598925791289,2026-09-01,0.8707,proxy_eur_l
2021-05-08,2.121,1.2165,0.46059097661457693,SP95,0.4610459096922086,0.4648926304250094,0.4620336276524096,0.5494598925791289,2026-09-01,0.8707,proxy_eur_l
2021-05-09,2.121,1.2165,0.46059097661457693,SP95,0.46059097661457693,0.4625914156575394,0.4633656995288305,0.5494598925791289,2026-09-01,0.8707,proxy_eur_l
2021-05-10,2.118,1.217,0.45975053976545466,SP95,0.46031083099820286,0.46069584909133143,0.46354352407215405,0.5484572972954946,2026-09-01,0.8707,proxy_eur_l
2021-05-11,2.137,1.2169,0.46391295578055974,SP95,0.4614181573868638,0.461087285077949,0.4623743676905302,0.5534228323855213,2026-09-01,0.8707,proxy_eur_l
2021-05-12,2.172,1.2074,0.47522088597142487,SP95,0.4662947938391464,0.46401326694931855,0.46323044102980593,0.5669125758312863,2026-09-01,0.8707,proxy_eur_l
2021-05-13,2.098,1.207,0.4591822417956879,SP95,0.46610536118255746,0.4637315199855408,0.46283422187955114,0.5477793488395433,2026-09-01,0.8707,proxy_eur_l
2021-05-14,2.151,1.2141,0.46802906236914354,SP95,0.4674773967120855,0.46521913713645413,0.46389680555877494,0.5583331228576249,2026-09-01,0.8707,proxy_eur_l
2021-05-15,2.151,1.2141,0.46802906236914354,SP95,0.46508012217799166,0.4668748416571919,0.46495938923799873,0.5583331228576249,2026-09-01,0.8707,proxy_eur_l
2021-05-16,2.151,1.2141,0.46802906236914354,SP95,0.46802906236914354,0.4676980629749087,0.4660219729172225,0.5583331228576249,2026-09-01,0.8707,proxy_eur_l
2021-05-17,2.175,1.2155,0.4727060583126061,SP95,0.46958806101696443,0.4671950974431449,0.4678727612811014,0.5639125237125365,2026-09-01,0.8707,proxy_eur_l
2021-05-18,2.175,1.2203,0.47084668842003835,SP95,0.470527269700596,0.469527986768015,0.4688632945153125,0.5616943969291062,2026-09-01,0.8707,proxy_eur_l
2021-05-19,2.097,1.2216,0.45347805647923806,SP95,0.4656769344039608,0.4666177855900339,0.4657571760164288,0.5409745671343847,2026-09-01,0.8707,proxy_eur_l
2021-05-20,2.021,1.2225,0.4367212415671312,SP95,0.4536819954888025,0.4603562214296314,0.46254846169806346,0.5209846016573164,2026-09-01,0.8707,proxy_eur_l
2021-05-21,2.056,1.2178,0.44599912928917157,SP95,0.4453994757785136,0.45595023481363706,0.45940132840092457,0.5320526152527703,2026-09-01,0.8707,proxy_eur_l
2021-05-22,2.056,1.2178,0.44599912928917157,SP95,0.44290650004849147,0.45060884900895015,0.45625419510378584,0.5320526152527703,2026-09-01,0.8707,proxy_eur_l
2021-05-23,2.056,1.2178,0.44599912928917157,SP95,0.44599912928917157,0.4456393371827768,0.45310706180664695,0.5320526152527703,2026-09-01,0.8707,proxy_eur_l
2021-05-24,2.093,1.221,0.4528354673100775,SP95,0.44827790862947353,0.44551081934894465,0.4502684059491428,0.5402079933329293,2026-09-01,0.8707,proxy_eur_l
2021-05-25,2.084,1.2233,0.45004051100660614,SP95,0.4496250358686184,0.4481746732368396,0.4472960948900811,0.5368737630326389,2026-09-01,0.8707,proxy_eur_l
2021-05-26,2.119,1.2204,0.45868615121838463,SP95,0.45385404317835604,0.4507120776226823,0.44804010842424485,0.547187539861178,2026-09-01,0.8707,proxy_eur_l
2021-05-27,2.122,1.2194,0.45971223151057156,SP95,0.45614629791185407,0.45345469806696226,0.4513245355590221,0.548411597638572,2026-09-01,0.8707,proxy_eur_l
2021-05-28,2.11,1.2194,0.45711253934368795,SP95,0.4585036406908814,0.45567738007786557,0.45291216556681013,0.5453103067942444,2026-09-01,0.8707,proxy_eur_l
2021-05-29,2.11,1.2194,0.45711253934368795,SP95,0.45797910339931586,0.4565327944845876,0.45449979557459813,0.5453103067942444,2026-09-01,0.8707,proxy_eur_l
2021-05-30,2.11,1.2194,0.45711253934368795,SP95,0.45711253934368795,0.457947200152004,0.45608742558238624,0.5453103067942444,2026-09-01,0.8707,proxy_eur_l
2021-05-31,2.11,1.2194,0.45711253934368795,SP95,0.45711253934368795,0.4576324777770647,0.456698435872902,0.5453103067942444,2026-09-01,0.8707,proxy_eur_l
2021-06-01,2.145,1.2241,0.46291075264131065,SP95,0.45904527710956217,0.4582721820032125,0.458537041820717,0.5522272587481872,2026-09-01,0.8707,proxy_eur_l
2021-06-02,2.153,1.2213,0.4657024717326566,SP95,0.46190858790588507,0.4599901684810062,0.4595393733227558,0.5555576272311236,2026-09-01,0.8707,proxy_eur_l
2021-06-03,2.161,1.2122,0.47094192802009466,SP95,0.466518384131354,0.4627560462162876,0.4611436156812591,0.5618080125730791,2026-09-01,0.8707,proxy_eur_l
2021-06-04,2.164,1.2173,0.46961991399246955,SP95,0.468754771248407,0.4652575211460439,0.4629303834882279,0.5602309220035979,2026-09-01,0.8707,proxy_eur_l
2021-06-05,2.164,1.2173,0.46961991399246955,SP95,0.47006058533501127,0.46775899607580024,0.4647171512951967,0.5602309220035979,2026-09-01,0.8707,proxy_eur_l
2021-06-06,2.164,1.2173,0.46961991399246955,SP95,0.46961991399246955,0.469100828346032,0.4665039191021655,0.5602309220035979,2026-09-01,0.8707,proxy_eur_l
2021-06-07,2.155,1.22,0.46663178100968017,SP95,0.46862386966487307,0.46928669020143665,0.4678638107687358,0.5566662424699181,2026-09-01,0.8707,proxy_eur_l
2021-06-08,2.186,1.218,0.47412159807464077,SP95,0.4701244310255968,0.46992262421234593,0.4694653601163544,0.5656011853778299,2026-09-01,0.8707,proxy_eur_l
2021-06-09,2.157,1.2184,0.46767819840489677,SP95,0.4694771924964059,0.4695342810948314,0.46974760678381733,0.5579145613010744,2026-09-01,0.8707,proxy_eur_l
2021-06-10,2.169,1.2173,0.47070498773089947,SP95,0.47083492807014565,0.46975129584251735,0.46971375817107514,0.5615253557420535,2026-09-01,0.8707,proxy_eur_l
2021-06-11,2.143,1.2101,0.4678296902764334,SP95,0.4687376254707432,0.4693932510993101,0.4694580119259271,0.558095282834251,2026-09-01,0.8707,proxy_eur_l
2021-06-12,2.143,1.2101,0.4678296902764334,SP95,0.4687881227612554,0.4696328329526608,0.4692022656807791,0.558095282834251,2026-09-01,0.8707,proxy_eur_l
2021-06-13,2.143,1.2101,0.4678296902764334,SP95,0.4678296902764334,0.46837445139301936,0.4689465194356311,0.558095282834251,2026-09-01,0.8707,proxy_eur_l
2021-06-14,2.138,1.2126,0.4657758930741558,SP95,0.46714509120900755,0.46799399032687106,0.4688242497305562,0.5556452148836427,2026-09-01,0.8707,proxy_eur_l
2021-06-15,2.135,1.212,0.4653525839807317,SP95,0.46631938911044024,0.4669235095768375,0.4675715334314262,0.5551402302425841,2026-09-01,0.8707,proxy_eur_l
2021-06-16,2.105,1.2119,0.4588515308308462,SP95,0.4633266692952445,0.4651278776877201,0.4663105809208476,0.5473848287111805,2026-09-01,0.8707,proxy_eur_l
2021-06-17,2.096,1.1911,0.46486829127922014,SP95,0.4630241353635993,0.4645355978882774,0.4654767671420363,0.5545624954860214,2026-09-01,0.8707,proxy_eur_l
2021-06-18,2.129,1.1872,0.47373845979657847,SP95,0.46581942730221493,0.46571735179230644,0.4663208770734856,0.5651441223266723,2026-09-01,0.8707,proxy_eur_l
2021-06-19,2.129,1.1872,0.47373845979657847,SP95,0.470781736957459,0.467309865136791,0.4671649870049349,0.5651441223266723,2026-09-01,0.8707,proxy_eur_l
2021-06-20,2.129,1.1872,0.47373845979657847,SP95,0.47373845979657847,0.46898704029996036,0.46800909693638415,0.5651441223266723,2026-09-01,0.8707,proxy_eur_l
2021-06-21,2.157,1.1909,0.4784777201583056,SP95,0.47531821325048745,0.4729122781654523,0.4698236436626913,0.570797801233713,2026-09-01,0.8707,proxy_eur_l
2021-06-22,2.19,1.191,0.4857571743613308,SP95,0.4793244514387383,0.47709005478187433,0.472738585145634,0.5794817927305242,2026-09-01,0.8707,proxy_eur_l
2021-06-23,2.241,1.195,0.4954054973511386,SP95,0.48654679729025835,0.4814234622927864,0.47796058036281863,0.5909917153792797,2026-09-01,0.8707,proxy_eur_l
2021-06-24,2.233,1.1927,0.4945889099654108,SP95,0.4919171938926267,0.4855935523265528,0.4822063830322745,0.5900175712035918,2026-09-01,0.8707,proxy_eur_l
2021-06-25,2.217,1.194,0.49051041882580826,SP95,0.49350160871411924,0.4889479441323988,0.48460237717930726,0.5851521539087885,2026-09-01,0.8707,proxy_eur_l
2021-06-26,2.217,1.194,0.49051041882580826,SP95,0.49186991587234247,0.49135448386589936,0.4869983713263401,0.5851521539087885,2026-09-01,0.8707,proxy_eur_l
2021-06-27,2.217,1.194,0.49051041882580826,SP95,0.49051041882580826,0.4923051327587948,0.48939436547337295,0.5851521539087885,2026-09-01,0.8707,proxy_eur_l
2021-06-28,2.175,1.1938,0.4812985540953031,SP95,0.4874397972489732,0.4894837441076277,0.4897973417500869,0.5741629021382043,2026-09-01,0.8707,proxy_eur_l
2021-06-29,2.211,1.1905,0.4906210900998456,SP95,0.48747668767365226,0.48869018013451465,0.490492186855589,0.585284178697444,2026-09-01,0.8707,proxy_eur_l
2021-06-30,2.209,1.1848,0.4925355027508017,SP95,0.4881517156486501,0.4890951969195133,0.49008218762696937,0.5875679684869837,2026-09-01,0.8707,proxy_eur_l
2021-07-01,2.232,1.1857,0.4972860089933266,SP95,0.4934808672813247,0.49045031495301705,0.49046748748810026,0.5932350631159312,2026-09-01,0.8707,proxy_eur_l
2021-07-02,2.276,1.1848,0.5074743342058962,SP95,0.4990986153166748,0.4938430980290346,0.49289090397096996,0.605389178939056,2026-09-01,0.8707,proxy_eur_l
2021-07-03,2.276,1.1848,0.5074743342058962,SP95,0.5040782258017064,0.49907825405115325,0.4953143204538396,0.605389178939056,2026-09-01,0.8707,proxy_eur_l
2021-07-04,2.276,1.1848,0.5074743342058962,SP95,0.5074743342058962,0.5024489028723633,0.49773773693670936,0.605389178939056,2026-09-01,0.8707,proxy_eur_l
2021-07-05,2.276,1.1848,0.5074743342058962,SP95,0.5074743342058962,0.5054366691633823,0.5014771340953655,0.605389178939056,2026-09-01,0.8707,proxy_eur_l
2021-07-06,2.209,1.1816,0.49386938359779103,SP95,0.5029393506698611,0.5047533440842751,0.5019411760236434,0.589159215524186,2026-09-01,0.8707,proxy_eur_l
2021-07-07,2.176,1.1803,0.48702735400434727,SP95,0.4961236906026781,0.5006639480439653,0.5011542976312928,0.5809970477086781,2026-09-01,0.8707,proxy_eur_l
2021-07-08,2.234,1.184,0.49844625419603344,SP95,0.4931143305993905,0.4988583320419928,0.5013200469459652,0.594619172307845,2026-09-01,0.8707,proxy_eur_l
2021-07-09,2.261,1.1861,0.5035772787975497,SP95,0.4963502956659768,0.49807892096032347,0.5007633247447728,0.6007402045675133,2026-09-01,0.8707,proxy_eur_l
2021-07-10,2.261,1.1861,0.5035772787975497,SP95,0.5018669372637109,0.49729950987865423,0.5002066025435805,0.6007402045675133,2026-09-01,0.8707,proxy_eur_l
2021-07-11,2.261,1.1861,0.5035772787975497,SP95,0.5035772787975497,0.49924108891860597,0.49964988034238816,0.6007402045675133,2026-09-01,0.8707,proxy_eur_l
2021-07-12,2.265,1.1858,0.5045957991155391,SP95,0.5039167855702128,0.5027547779408443,0.4992386610437657,0.6019552437083701,2026-09-01,0.8707,proxy_eur_l
2021-07-13,2.302,1.1813,0.5147922327338167,SP95,0.5076551035489684,0.506023973648401,0.5022276394917694,0.6141190324168866,2026-09-01,0.8707,proxy_eur_l
2021-07-14,2.288,1.1826,0.5110989817313069,SP95,0.5101623378602208,0.5075283142351523,0.5056664434527637,0.6097131855763287,2026-09-01,0.8707,proxy_eur_l
2021-07-15,2.244,1.1806,0.5021193338062723,SP95,0.5093368494237986,0.5072367252368969,0.5061911691113691,0.59900095577853,2026-09-01,0.8707,proxy_eur_l
2021-07-16,2.243,1.181,0.5017255829291506,SP95,0.5049812994889099,0.5068663860632171,0.5059266411301693,0.5985312324760101,2026-09-01,0.8707,proxy_eur_l
2021-07-17,2.243,1.181,0.5017255829291506,SP95,0.5018568332215244,0.5062923428259394,0.5056621131489695,0.5985312324760101,2026-09-01,0.8707,proxy_eur_l
2021-07-18,2.243,1.181,0.5017255829291506,SP95,0.5017255829291506,0.5036790128650062,0.5053975851677696,0.5985312324760101,2026-09-01,0.8707,proxy_eur_l
2021-07-19,2.112,1.1804,0.47266297405998775,SP95,0.49203804663942957,0.4959918113307424,0.5008357530169765,0.5638611265510256,2026-09-01,0.8707,proxy_eur_l
2021-07-20,2.139,1.1776,0.479843766978668,SP95,0.4847441079892687,0.4915366979652215,0.4958431150519552,0.5724274205212887,2026-09-01,0.8707,proxy_eur_l
2021-07-21,2.215,1.1799,0.4959243122072199,SP95,0.4828103510819585,0.4903764438208354,0.49367530511994284,0.5916106331817651,2026-09-01,0.8707,proxy_eur_l
2021-07-22,2.264,1.1771,0.5081008635959969,SP95,0.4946229809272949,0.4916514999542046,0.49452980937561775,0.6061365943007566,2026-09-01,0.8707,proxy_eur_l
2021-07-23,2.292,1.1761,0.514822161384981,SP95,0.5062824457293993,0.49427081564537073,0.4964007491550221,0.6141547356639946,2026-09-01,0.8707,proxy_eur_l
2021-07-24,2.292,1.1761,0.514822161384981,SP95,0.5125817287886529,0.5027026531103693,0.4982716889344264,0.6141547356639946,2026-09-01,0.8707,proxy_eur_l
2021-07-25,2.292,1.1761,0.514822161384981,SP95,0.514822161384981,0.509698331991632,0.5001426287138309,0.6141547356639946,2026-09-01,0.8707,proxy_eur_l
2021-07-26,2.319,1.181,0.5187256472637987,SP95,0.5161233233445869,0.5142585990029478,0.5067230106000895,0.6188113812357859,2026-09-01,0.8707,proxy_eur_l
2021-07-27,2.316,1.1831,0.5171350462864269,SP95,0.5168942849784021,0.5160654355410338,0.5120503362154837,0.6169138810967542,2026-09-01,0.8707,proxy_eur_l
2021-07-28,2.305,1.1809,0.5156377175760286,SP95,0.5171661370420847,0.5162285467792433,0.5148665369824563,0.6151276496807193,2026-09-01,0.8707,proxy_eur_l
2021-07-29,2.352,1.1886,0.5227432838182441,SP95,0.5185053492269,0.517812771265896,0.5169583112999202,0.6236042023323981,2026-09-01,0.8707,proxy_eur_l
2021-07-30,2.359,1.1864,0.5252713010054553,SP95,0.5212174341332426,0.5199025991899907,0.5184510455314165,0.6266199888385363,2026-09-01,0.8707,proxy_eur_l
2021-07-31,2.359,1.1864,0.5252713010054553,SP95,0.5244286286097181,0.521211729938322,0.5199437797629128,0.6266199888385363,2026-09-01,0.8707,proxy_eur_l
2021-08-01,2.359,1.1864,0.5252713010054553,SP95,0.5252713010054553,0.5228389808821277,0.5214365139944092,0.6266199888385363,2026-09-01,0.8707,proxy_eur_l
2021-08-02,2.283,1.1873,0.5079632742640048,SP95,0.5195019587583051,0.521304092219723,0.5198990321372957,0.6059724577383513,2026-09-01,0.8707,proxy_eur_l
2021-08-03,2.292,1.1859,0.5105677915548328,SP95,0.5146007889414309,0.5188689937670407,0.5189608528899251,0.6090795046921529,2026-09-01,0.8707,proxy_eur_l
2021-08-04,2.258,1.1841,0.5037585459206986,SP95,0.5074298705798453,0.5145664427500893,0.5172638283677351,0.600956446350506,2026-09-01,0.8707,proxy_eur_l
2021-08-05,2.312,1.1838,0.5159366320763973,SP95,0.5100876565173095,0.5126995089642777,0.5162914495474713,0.615484238362656,2026-09-01,0.8707,proxy_eur_l
2021-08-06,2.265,1.1761,0.5087575024157863,SP95,0.5094842268042941,0.509396749246344,0.5139323354632329,0.6069199285684765,2026-09-01,0.8707,proxy_eur_l
2021-08-07,2.265,1.1761,0.5087575024157863,SP95,0.5111505456359899,0.5095555948767003,0.5115732213789945,0.6069199285684765,2026-09-01,0.8707,proxy_eur_l
2021-08-08,2.265,1.1761,0.5087575024157863,SP95,0.5087575024157863,0.509193537048891,0.5092141072947561,0.6069199285684765,2026-09-01,0.8707,proxy_eur_l
2021-08-09,2.26,1.1749,0.5081528966970937,SP95,0.5085559671762221,0.51007240720417,0.5092411962137687,0.6061986669500068,2026-09-01,0.8707,proxy_eur_l
2021-08-10,2.284,1.1722,0.5147320999710041,SP95,0.510547499694628,0.5098315007830914,0.5098360974160789,0.61404729731335,2026-09-01,0.8707,proxy_eur_l
2021-08-11,2.324,1.1737,0.5230773193152738,SP95,0.5153207719944571,0.5126954641629888,0.5125959221867326,0.624002688446183,2026-09-01,0.8707,proxy_eur_l
2021-08-12,2.289,1.1736,0.5152435479275748,SP95,0.5176843224046176,0.5139926732653465,0.5124969101654722,0.61465742680686,2026-09-01,0.8707,proxy_eur_l
2021-08-13,2.263,1.1796,0.5068000631455493,SP95,0.5150403101294659,0.5136011854112992,0.5122172759840098,0.6045848103708513,2026-09-01,0.8707,proxy_eur_l
2021-08-14,2.263,1.1796,0.5068000631455493,SP95,0.5096145580728911,0.5133306187009903,0.5119376418025473,0.6045848103708513,2026-09-01,0.8707,proxy_eur_l
2021-08-15,2.263,1.1796,0.5068000631455493,SP95,0.5068000631455493,0.5117442113358992,0.5116580076210849,0.6045848103708513,2026-09-01,0.8707,proxy_eur_l
2021-08-16,2.219,1.1776,0.4977902379269118,SP95,0.50379678807267,0.5066867950582269,0.5101776277967732,0.5938365807090882,2026-09-01,0.8707,proxy_eur_l
2021-08-17,2.18,1.1714,0.4916297371869247,SP95,0.49874001275312857,0.5019640329100968,0.5068772902561903,0.5864874396127799,2026-09-01,0.8707,proxy_eur_l
2021-08-18,2.12,1.1702,0.47858891727847785,SP95,0.48933629746410473,0.49632180373668255,0.5005218042509338,0.5709304533281029,2026-09-01,0.8707,proxy_eur_l
2021-08-19,2.082,1.1693,0.47037219961486787,SP95,0.4801969513600901,0.4890362310305463,0.49411161163483286,0.5611283576857079,2026-09-01,0.8707,proxy_eur_l
2021-08-20,2.008,1.169,0.4537703003722515,SP95,0.4675771390885324,0.4784302784758868,0.48653593123864747,0.5413231981458786,2026-09-01,0.8707,proxy_eur_l
2021-08-21,2.008,1.169,0.4537703003722515,SP95,0.4593042667864569,0.4696262909649548,0.4789602508424621,0.5413231981458786,2026-09-01,0.8707,proxy_eur_l
2021-08-22,2.008,1.169,0.4537703003722515,SP95,0.4537703003722515,0.4620544036020201,0.47138457044627663,0.5413231981458786,2026-09-01,0.8707,proxy_eur_l
2021-08-23,2.113,1.1732,0.47578890780154076,SP95,0.46110983618201457,0.46149440170663264,0.4682415232855094,0.5675901948677079,2026-09-01,0.8707,proxy_eur_l
2021-08-24,2.174,1.1746,0.488940951665771,SP95,0.47283338661318774,0.46520815211681327,0.4678574110682017,0.5832798652601939,2026-09-01,0.8707,proxy_eur_l
2021-08-25,2.291,1.1758,0.514728841599352,SP95,0.49315290035555454,0.4773998603622333,0.47302025739975523,0.6140434102538355,2026-09-01,0.8707,proxy_eur_l
2021-08-26,2.261,1.1761,0.5078590344203501,SP95,0.5038429425618243,0.4882176071718531,0.4783755195148241,0.6058481052950664,2026-09-01,0.8707,proxy_eur_l
2021-08-27,2.285,1.1794,0.5118137524490157,SP95,0.5114672094895726,0.4998262975872059,0.4866674412400761,0.61056586802499,2026-09-01,0.8707,proxy_eur_l
2021-08-28,2.285,1.1794,0.5118137524490157,SP95,0.5104955131061271,0.5070312665167009,0.4949593629653281,0.61056586802499,2026-09-01,0.8707,proxy_eur_l
2021-08-29,2.285,1.1794,0.5118137524490157,SP95,0.5118137524490157,0.5116058266733499,0.5032512846905801,0.61056586802499,2026-09-01,0.8707,proxy_eur_l
2021-08-30,2.32,1.1795,0.5196092933199697,SP95,0.514412266072667,0.5125819170174735,0.5095113397646415,0.6198655227447456,2026-09-01,0.8707,proxy_eur_l
2021-08-31,2.293,1.18,0.5133445051332495,SP95,0.5149225169674115,0.5136790111600533,0.5129975616885669,0.6123919724172785,2026-09-01,0.8707,proxy_eur_l
2021-09-01,2.298,1.185,0.5122931445730169,SP95,0.5150823143420786,0.5137748895848535,0.512649604970519,0.6111377566600932,2026-09-01,0.8707,proxy_eur_l
2021-09-02,2.347,1.1858,0.5228637265007373,SP95,0.5161671254023346,0.5159848843951979,0.5147931324105743,0.6237478838779444,2026-09-01,0.8707,proxy_eur_l
2021-09-03,2.339,1.1884,0.5199414594965577,SP95,0.5183661101901039,0.5176104258047062,0.515954233417366,0.6202617788612851,2026-09-01,0.8707,proxy_eur_l
2021-09-04,2.339,1.1884,0.5199414594965577,SP95,0.5209155484979507,0.5176768590400238,0.5171153344241578,0.6202617788612851,2026-09-01,0.8707,proxy_eur_l
2021-09-05,2.339,1.1884,0.5199414594965577,SP95,0.5199414594965577,0.5189962499126854,0.5182764354309495,0.6202617788612851,2026-09-01,0.8707,proxy_eur_l
2021-09-06,2.339,1.1884,0.5199414594965577,SP95,0.5199414594965577,0.5205259128973936,0.5183238877418906,0.6202617788612851,2026-09-01,0.8707,proxy_eur_l
2021-09-07,2.28,1.1849,0.5083233010182955,SP95,0.5160687400038034,0.5176178278009053,0.5176065728683258,0.6064019500032501,2026-09-01,0.8707,proxy_eur_l
2021-09-08,2.292,1.1818,0.5123390962979152,SP95,0.5135346189375894,0.5160973551611768,0.5176131374004541,0.6111925745595059,2026-09-01,0.8707,proxy_eur_l
2021-09-09,2.269,1.1827,0.5068118599819386,SP95,0.5091580857660496,0.5134714352582529,0.5153200136120543,0.6045988833527036,2026-09-01,0.8707,proxy_eur_l
2021-09-10,2.307,1.1821,0.5155612256071808,SP95,0.5115707272956781,0.5125953884803776,0.5146942659135718,0.6150363989373911,2026-09-01,0.8707,proxy_eur_l
2021-09-11,2.307,1.1821,0.5155612256071808,SP95,0.5126447703987665,0.5117193417025021,0.5140685182150894,0.6150363989373911,2026-09-01,0.8707,proxy_eur_l
2021-09-12,2.307,1.1821,0.5155612256071808,SP95,0.5155612256071808,0.5131669266202792,0.513442770516607,0.6150363989373911,2026-09-01,0.8707,proxy_eur_l
2021-09-13,2.299,1.1809,0.5142954935823382,SP95,0.5151393149322332,0.5135582060771637,0.5126362039574328,0.6135264497249343,2026-09-01,0.8707,proxy_eur_l
2021-09-14,2.307,1.1824,0.5154304167711844,SP95,0.515095711986901,0.515281917435013,0.5136515062078455,0.6148803511365784,2026-09-01,0.8707,proxy_eur_l
2021-09-15,2.318,1.1811,0.5184580622861638,SP95,0.5160613242132287,0.5158612847708095,0.5145256442061668,0.6184921669642695,2026-09-01,0.8707,proxy_eur_l
2021-09-16,2.299,1.1764,0.5162627918831888,SP95,0.5167170903135122,0.5160015980260112,0.5158757773349167,0.6158733292079013,2026-09-01,0.8707,proxy_eur_l
2021-09-17,2.29,1.1734,0.5155565023863643,SP95,0.5167591188519055,0.5160006533818479,0.5158751025890859,0.6150307643927861,2026-09-01,0.8707,proxy_eur_l
2021-09-18,2.29,1.1734,0.5155565023863643,SP95,0.515791932218639,0.5162528551426531,0.515874427843255,0.6150307643927861,2026-09-01,0.8707,proxy_eur_l
2021-09-19,2.29,1.1734,0.5155565023863643,SP95,0.5155565023863643,0.5162780722656891,0.515873753097424,0.6150307643927861,2026-09-01,0.8707,proxy_eur_l
2021-09-20,2.23,1.1729,0.5022624919078105,SP95,0.5111251655601796,0.5130389581900184,0.5141547528582058,0.5991717355790184,2026-09-01,0.8707,proxy_eur_l
2021-09-21,2.218,1.1724,0.49977278414395526,SP95,0.5058639261460433,0.5097409566421718,0.511917948197173,0.5962016501237272,2026-09-01,0.8707,proxy_eur_l
2021-09-22,2.219,1.1739,0.4993592164432501,SP95,0.5004648308316718,0.5065014994535488,0.5091895416481853,0.5957082864324237,2026-09-01,0.8707,proxy_eur_l
2021-09-23,2.262,1.1735,0.5092093586997288,SP95,0.5027804530956447,0.5052320707162218,0.5081819083362625,0.6074589684495031,2026-09-01,0.8707,proxy_eur_l
2021-09-24,2.263,1.1715,0.5103041865014851,SP95,0.5062909205481546,0.5041816075392459,0.5074315774955654,0.608765038253057,2026-09-01,0.8707,proxy_eur_l
2021-09-25,2.263,1.1715,0.5103041865014851,SP95,0.5099392439008996,0.5057899464579808,0.5066812466548685,0.608765038253057,2026-09-01,0.8707,proxy_eur_l
2021-09-26,2.263,1.1715,0.5103041865014851,SP95,0.5103041865014851,0.5078962269294869,0.5059309158141715,0.608765038253057,2026-09-01,0.8707,proxy_eur_l
2021-09-27,2.279,1.1702,0.5144830860743635,SP95,0.5116971530257779,0.5109210008557096,0.5076767149808219,0.6137502373277104,2026-09-01,0.8707,proxy_eur_l
2021-09-28,2.254,1.1681,0.5097541357891162,SP95,0.5115138027883216,0.5110299562735869,0.509102622358702,0.6081088577791085,2026-09-01,0.8707,proxy_eur_l
2021-09-29,2.282,1.1612,0.5191531376862683,SP95,0.5144634531832493,0.5127997465105436,0.5119303253934189,0.6193213539741474,2026-09-01,0.8707,proxy_eur_l
2021-09-30,2.309,1.1577,0.5268837081238359,SP95,0.5185969938664067,0.5161156508350138,0.5144552324540056,0.6285435025134484,2026-09-01,0.8707,proxy_eur_l
2021-10-01,2.346,1.1598,0.5343573330162237,SP95,0.5267980596087759,0.5209262801379615,0.5178913962418255,0.6374591290433714,2026-09-01,0.8707,proxy_eur_l
2021-10-02,2.346,1.1598,0.5343573330162237,SP95,0.5318661247187609,0.5249011295263335,0.5213275600296452,0.6374591290433714,2026-09-01,0.8707,proxy_eur_l
2021-10-03,2.346,1.1598,0.5343573330162237,SP95,0.5343573330162237,0.529821768971755,0.5247637238174649,0.6374591290433714,2026-09-01,0.8707,proxy_eur_l
2021-10-04,2.412,1.1622,0.5482558856374583,SP95,0.5389901838899686,0.5356423185619931,0.5295884094693356,0.6540393436328973,2026-09-01,0.8707,proxy_eur_l
2021-10-05,2.426,1.1609,0.5520556456377536,SP95,0.5448896214304785,0.5406767060647766,0.5356314823048554,0.6585722498937504,2026-09-01,0.8707,proxy_eur_l
2021-10-06,2.378,1.1546,0.5440855192340871,SP95,0.5481323501697662,0.5426223433083492,0.5391932510974009,0.6490643241636612,2026-09-01,0.8707,proxy_eur_l
2021-10-07,2.413,1.1561,0.5513771839289094,SP95,0.5491727829335833,0.5460263134908865,0.5426923190695542,0.6577628821106458,2026-09-01,0.8707,proxy_eur_l
2021-10-08,2.44,1.1572,0.557016771304772,SP95,0.5508264914892561,0.5505582011485961,0.545929381682204,0.6644906019989255,2026-09-01,0.8707,proxy_eur_l
2021-10-09,2.44,1.1572,0.557016771304772,SP95,0.555136908846151,0.5523103782820589,0.5491664442948537,0.6644906019989255,2026-09-01,0.8707,proxy_eur_l
2021-10-10,2.44,1.1572,0.557016771304772,SP95,0.557016771304772,0.5533026034154626,0.5524035069075035,0.6644906019989255,2026-09-01,0.8707,proxy_eur_l
2021-10-11,2.477,1.1572,0.5654633370991476,SP95,0.5598322932362304,0.5575781669884746,0.5548617142591734,0.6745668939144829,2026-09-01,0.8707,proxy_eur_l
2021-10-12,2.464,1.1541,0.5640065306390069,SP95,0.5621622130143088,0.5601040363304941,0.5565689835450668,0.6728290033309959,2026-09-01,0.8707,proxy_eur_l
2021-10-13,2.486,1.1568,0.5677141443312215,SP95,0.5657280040231253,0.562243510935784,0.5599445014160859,0.6772519840763479,2026-09-01,0.8707,proxy_eur_l
2021-10-14,2.508,1.1591,0.571601680022635,SP95,0.5677741183309544,0.5651604926793565,0.5628337151437609,0.6818896019452474,2026-09-01,0.8707,proxy_eur_l
2021-10-15,2.574,1.1594,0.5864920327495895,SP95,0.5752692857011485,0.57105554496832,0.5670444667787349,0.6996529799209827,2026-09-01,0.8707,proxy_eur_l
2021-10-16,2.574,1.1594,0.5864920327495895,SP95,0.5815285818406046,0.5752612840984085,0.5712552184137089,0.6996529799209827,2026-09-01,0.8707,proxy_eur_l
2021-10-17,2.574,1.1594,0.5864920327495895,SP95,0.5864920327495895,0.579758384520525,0.5754659700486827,0.6996529799209827,2026-09-01,0.8707,proxy_eur_l
2021-10-18,2.575,1.1609,0.5859617838075908,SP95,0.5863152831022566,0.5834079124157989,0.5783943195784603,0.6990204218781563,2026-09-01,0.8707,proxy_eur_l
2021-10-19,2.557,1.1632,0.5807152148209985,SP95,0.5843896771260595,0.5852306193754715,0.580781274461602,0.6927615514743743,2026-09-01,0.8707,proxy_eur_l
2021-10-20,2.589,1.1643,0.5874271610025306,SP95,0.5847013865437066,0.5854176450260599,0.5835974197003605,0.7007685368804031,2026-09-01,0.8707,proxy_eur_l
2021-10-21,2.544,1.1643,0.5772169554231124,SP95,0.5817864437488804,0.5835626295607643,0.5843996019004287,0.6885883189740232,2026-09-01,0.8707,proxy_eur_l
2021-10-22,2.571,1.1632,0.5838947271430533,SP95,0.5828462811895654,0.583043168439457,0.5840285582423521,0.6965545361128732,2026-09-01,0.8707,proxy_eur_l
2021-10-23,2.571,1.1632,0.5838947271430533,SP95,0.5816688032364062,0.5826297571065496,0.5836575145842755,0.6965545361128732,2026-09-01,0.8707,proxy_eur_l
2021-10-24,2.571,1.1632,0.5838947271430533,SP95,0.5838947271430533,0.5832656595709607,0.5832864709261989,0.6965545361128732,2026-09-01,0.8707,proxy_eur_l
2021-10-25,2.591,1.1609,0.5896027113962982,SP95,0.5857973885608015,0.5837007696497141,0.5838066034388714,0.7033638497422536,2026-09-01,0.8707,proxy_eur_l
2021-10-26,2.591,1.159,0.5905692732182594,SP95,0.5880222372525369,0.5863712332087435,0.5852143260670515,0.7045169052336344,2026-09-01,0.8707,proxy_eur_l
2021-10-27,2.508,1.16,0.5711581959605485,SP95,0.5837767268583686,0.5838239269722425,0.5828901882039111,0.6813605496678761,2026-09-01,0.8707,proxy_eur_l
2021-10-28,2.518,1.1685,0.5692642086759244,SP95,0.5769972259515774,0.5808978232788167,0.5817540815257416,0.6791011262254004,2026-09-01,0.8707,proxy_eur_l
2021-10-29,2.537,1.1552,0.5801631724659128,SP95,0.5735285257007952,0.5801515123433887,0.58122100228615,0.6921029950793836,2026-09-01,0.8707,proxy_eur_l
2021-10-30,2.537,1.1552,0.5801631724659128,SP95,0.5765301845359166,0.5782636045573116,0.5806879230465585,0.6921029950793836,2026-09-01,0.8707,proxy_eur_l
2021-10-31,2.537,1.1552,0.5801631724659128,SP95,0.5801631724659128,0.5761823844068422,0.5801548438069669,0.6921029950793836,2026-09-01,0.8707,proxy_eur_l
2021-11-01,2.494,1.1591,0.5684109210432423,SP95,0.5762457553250225,0.575632929423381,0.5771274451851018,0.6780832006584717,2026-09-01,0.8707,proxy_eur_l
2021-11-02,2.596,1.1581,0.5921687660148117,SP95,0.5802476198413221,0.5802138408911585,0.5773559441560379,0.7064250128275662,2026-09-01,0.8707,proxy_eur_l
2021-11-03,2.487,1.1584,0.5671580578511007,SP95,0.5759125816363849,0.5776128179681961,0.5767844958546882,0.6765886032609493,2026-09-01,0.8707,proxy_eur_l
2021-11-04,2.442,1.1546,0.5587286955297058,SP95,0.5726851731318727,0.5733259225809546,0.5752794225480855,0.6665328341495628,2026-09-01,0.8707,proxy_eur_l
2021-11-05,2.458,1.1554,0.5620000906147905,SP95,0.5626289479985322,0.5696933062107302,0.5726846965693538,0.6704354299087035,2026-09-01,0.8707,proxy_eur_l
2021-11-06,2.458,1.1554,0.5620000906147905,SP95,0.5609096255864289,0.5684111401250398,0.570089970590622,0.6704354299087035,2026-09-01,0.8707,proxy_eur_l
2021-11-07,2.458,1.1554,0.5620000906147905,SP95,0.5620000906147905,0.5623774050450356,0.5674952446118903,0.6704354299087035,2026-09-01,0.8707,proxy_eur_l
2021-11-08,2.437,1.159,0.5554678961145881,SP95,0.5598226924480563,0.5600393726977331,0.565646241050654,0.6626428784463013,2026-09-01,0.8707,proxy_eur_l
2021-11-09,2.48,1.1589,0.5653177063147883,SP95,0.5609285643480556,0.5613571748547497,0.5618103753792221,0.6743931643383665,2026-09-01,0.8707,proxy_eur_l
2021-11-10,2.4,1.1517,0.550501802257147,SP95,0.5570958015621744,0.5590575171832208,0.5594309102943715,0.6567185995611532,2026-09-01,0.8707,proxy_eur_l
2021-11-11,2.416,1.1517,0.5541718142721946,SP95,0.5566637742813766,0.5574918619147017,0.5587799272575842,0.6610967235582276,2026-09-01,0.8707,proxy_eur_l
2021-11-12,2.415,1.1443,0.5575246932141296,SP95,0.5540661032478237,0.5565967824345696,0.5581405847717755,0.6650965251105884,2026-09-01,0.8707,proxy_eur_l
2021-11-13,2.415,1.1443,0.5575246932141296,SP95,0.5564070669001512,0.5570081418544778,0.5575012422859668,0.6650965251105884,2026-09-01,0.8707,proxy_eur_l
2021-11-14,2.415,1.1443,0.5575246932141296,SP95,0.5575246932141296,0.555449539234346,0.5568618998001581,0.6650965251105884,2026-09-01,0.8707,proxy_eur_l
2021-11-15,2.424,1.1421,0.5606803737992749,SP95,0.5585765867425113,0.5574852535427717,0.557606539469399,0.6688610797878698,2026-09-01,0.8707,proxy_eur_l
2021-11-16,2.438,1.1333,0.568297417849789,SP95,0.5621674949543978,0.5603103742582906,0.5580322125458277,0.6779477975445405,2026-09-01,0.8707,proxy_eur_l
2021-11-17,2.363,1.1322,0.5513500792459853,SP95,0.5601092902983497,0.5590754514646618,0.5581533949728047,0.6577305477034949,2026-09-01,0.8707,proxy_eur_l
2021-11-18,2.378,1.1358,0.5530913369498829,SP95,0.5575796113485524,0.5581887802118123,0.5579990410696173,0.659807773093294,2026-09-01,0.8707,proxy_eur_l
2021-11-19,2.288,1.1318,0.5340392788438272,SP95,0.5461602316798984,0.5534916973377519,0.5546439818738598,0.6370797077774929,2026-09-01,0.8707,proxy_eur_l
2021-11-20,2.288,1.1318,0.5340392788438272,SP95,0.540389964879179,0.5481634783466622,0.5512889226781023,0.6370797077774929,2026-09-01,0.8707,proxy_eur_l
2021-11-21,2.288,1.1318,0.5340392788438272,SP95,0.5340392788438272,0.5413118505454699,0.5479338634823449,0.6370797077774929,2026-09-01,0.8707,proxy_eur_l
2021-11-22,2.33,1.126,0.5466437673130425,SP95,0.5382407750002323,0.5403705881588815,0.5459286339843116,0.6521161744734207,2026-09-01,0.8707,proxy_eur_l
2021-11-23,2.414,1.1265,0.5660997198336176,SP95,0.5489275886634957,0.5429722647356283,0.5456146771248586,0.6753260637781463,2026-09-01,0.8707,proxy_eur_l
2021-11-24,2.385,1.1196,0.5627459314703323,SP95,0.5584964728723308,0.5487135952609293,0.547242656014051,0.6713251773357575,2026-09-01,0.8707,proxy_eur_l
2021-11-25,2.385,1.1196,0.5627459314703323,SP95,0.5638638609247607,0.5544549257862303,0.5486218838026866,0.6713251773357575,2026-09-01,0.8707,proxy_eur_l
2021-11-26,2.385,1.1302,0.5574680099753884,SP95,0.5609866243053508,0.5591406720125426,0.5519688453929096,0.6650289051009679,2026-09-01,0.8707,proxy_eur_l
2021-11-27,2.385,1.1302,0.5574680099753884,SP95,0.5592273171403696,0.5613055205450118,0.5553158069831327,0.6650289051009679,2026-09-01,0.8707,proxy_eur_l
2021-11-28,2.385,1.1302,0.5574680099753884,SP95,0.5574680099753884,0.5595791785733659,0.5586627685733557,0.6650289051009679,2026-09-01,0.8707,proxy_eur_l
2021-11-29,2.13,1.1261,0.49967717922285415,SP95,0.5382043997245435,0.5469654281238704,0.5519532559890431,0.5960875986716897,2026-09-01,0.8707,proxy_eur_l
2021-11-30,2.028,1.1287,0.47465307183691413,SP95,0.5105994203450521,0.5293468561971866,0.5388894491323711,0.566235204564384,2026-09-01,0.8707,proxy_eur_l
2021-12-01,1.992,1.1323,0.464744968910564,SP95,0.47969173999011067,0.5108022479842218,0.5248893116238328,0.5544153786320776,2026-09-01,0.8707,proxy_eur_l
2021-12-02,2.07,1.1306,0.4836689796403389,SP95,0.4743556734626056,0.4960424419172119,0.513592604219548,0.5769906904177652,2026-09-01,0.8707,proxy_eur_l
2021-12-03,2.037,1.1308,0.4758741339348676,SP95,0.4747626941619234,0.4797236667091077,0.5019363362137594,0.567691864992483,2026-09-01,0.8707,proxy_eur_l
2021-12-04,2.037,1.1308,0.4758741339348676,SP95,0.4784724158366913,0.4749630576515105,0.49028006820797065,0.567691864992483,2026-09-01,0.8707,proxy_eur_l
2021-12-05,2.037,1.1308,0.4758741339348676,SP95,0.4758741339348676,0.4752072700711011,0.47862380020218204,0.567691864992483,2026-09-01,0.8707,proxy_eur_l
2021-12-06,2.136,1.1282,0.5001520154555974,SP95,0.4839667611084441,0.4822886793801079,0.4786916339497167,0.5966540523772171,2026-09-01,0.8707,proxy_eur_l
2021-12-07,2.193,1.1247,0.5150967465292251,SP95,0.4970409653065633,0.4885742327578851,0.4844693017629041,0.614482300752154,2026-09-01,0.8707,proxy_eur_l
2021-12-08,2.235,1.133,0.5211160962228258,SP95,0.5121216194025493,0.4976226252154767,0.49252231995037,0.6216630563552098,2026-09-01,0.8707,proxy_eur_l
2021-12-09,2.193,1.1285,0.513362260364572,SP95,0.5165250343722075,0.5051202505014175,0.496764217196689,0.612413153439032,2026-09-01,0.8707,proxy_eur_l
2021-12-10,2.225,1.1312,0.519609986294979,SP95,0.5180294476274588,0.5138674209734398,0.5030121961052764,0.6198663494261039,2026-09-01,0.8707,proxy_eur_l
2021-12-11,2.225,1.1312,0.519609986294979,SP95,0.5175274109848432,0.5177590151413162,0.5092601750138638,0.6198663494261039,2026-09-01,0.8707,proxy_eur_l
2021-12-12,2.225,1.1312,0.519609986294979,SP95,0.519609986294979,0.5186616630944669,0.5155081539224511,0.6198663494261039,2026-09-01,0.8707,proxy_eur_l
2021-12-13,2.206,1.1298,0.5158112475677779,SP95,0.5183437400525785,0.5176006933634574,0.517745187081334,0.6153346614883032,2026-09-01,0.8707,proxy_eur_l
2021-12-14,2.184,1.1267,0.512072212967246,SP95,0.5158311489433342,0.5173426838839922,0.5173131108581941,0.6108741973145184,2026-09-01,0.8707,proxy_eur_l
2021-12-15,2.225,1.1261,0.5219632505966435,SP95,0.5166155703772223,0.5178133367443251,0.5174341329115967,0.6226736652791126,2026-09-01,0.8707,proxy_eur_l
2021-12-16,2.233,1.1309,0.5216165822935233,SP95,0.5185506819524709,0.5182146559440339,0.5186133217585897,0.6222601089172554,2026-09-01,0.8707,proxy_eur_l
2021-12-17,2.208,1.1277,0.5172403046969866,SP95,0.5202733791957177,0.5177407196244355,0.5182747958160193,0.6170394486347555,2026-09-01,0.8707,proxy_eur_l
2021-12-18,2.208,1.1277,0.5172403046969866,SP95,0.518699063895832,0.5180265310502772,0.517936269873449,0.6170394486347555,2026-09-01,0.8707,proxy_eur_l
2021-12-19,2.208,1.1277,0.5172403046969866,SP95,0.5172403046969866,0.5190601493962254,0.5175977439308787,0.6170394486347555,2026-09-01,0.8707,proxy_eur_l
2021-12-20,2.149,1.1298,0.5024833957493902,SP95,0.5123213350477877,0.5151641784267746,0.5156937650996803,0.5994352618034288,2026-09-01,0.8707,proxy_eur_l
2021-12-21,2.207,1.1272,0.5172353793066302,SP95,0.5123196932510022,0.5142879378293961,0.516431360291021,0.6170335729129253,2026-09-01,0.8707,proxy_eur_l
2021-12-22,2.222,1.1324,0.5183595022428521,SP95,0.5126927590996241,0.5145117773385691,0.5159165390976221,0.6183745902127475,2026-09-01,0.8707,proxy_eur_l
2021-12-23,2.257,1.132,0.5267105319543649,SP95,0.520768471167949,0.5164058227900448,0.5166442461920282,0.6283369127965281,2026-09-01,0.8707,proxy_eur_l
2021-12-24,2.257,1.132,0.5267105319543649,SP95,0.5239268553838605,0.5182998682415204,0.5179971358002251,0.6283369127965281,2026-09-01,0.8707,proxy_eur_l
2021-12-25,2.257,1.132,0.5267105319543649,SP95,0.5267105319543649,0.5231452954825154,0.519350025408422,0.6283369127965281,2026-09-01,0.8707,proxy_eur_l
2021-12-26,2.257,1.132,0.5267105319543649,SP95,0.5267105319543649,0.5250403260120623,0.5207029150166188,0.6283369127965281,2026-09-01,0.8707,proxy_eur_l
2021-12-27,2.283,1.1329,0.532354837614664,SP95,0.5285919671744644,0.5278393930864247,0.5249702638545152,0.6350702613405811,2026-09-01,0.8707,proxy_eur_l
2021-12-28,2.293,1.1314,0.5353955418571985,SP95,0.531486970475409,0.5295763950669915,0.5275645727903105,0.638697655517402,2026-09-01,0.8707,proxy_eur_l
2021-12-29,2.317,1.1337,0.5399017776429655,SP95,0.5358840523716092,0.5322146442047115,0.5306420407046125,0.6440733488255574,2026-09-01,0.8707,proxy_eur_l
2021-12-30,2.322,1.1318,0.5419751772182547,SP95,0.5390908322394729,0.5352675732574895,0.5328227043137396,0.6465468013371235,2026-09-01,0.8707,proxy_eur_l
2021-12-31,2.274,1.1318,0.5307715559837688,SP95,0.5375495036149963,0.5360797780633704,0.5334028506036544,0.6331814927823509,2026-09-01,0.8707,proxy_eur_l
2022-01-01,2.274,1.1318,0.5307715559837688,SP95,0.534506096395264,0.5357631217371913,0.5339829968935693,0.6331814927823509,2026-09-01,0.8707,proxy_eur_l
2022-01-02,2.274,1.1318,0.5307715559837688,SP95,0.5307715559837688,0.5348383245625052,0.5345631431834842,0.6331814927823509,2026-09-01,0.8707,proxy_eur_l
2022-01-03,2.302,1.129,0.5386395611412379,SP95,0.5333942243695917,0.5345858812621598,0.5354609608301376,0.6425675934402729,2026-09-01,0.8707,proxy_eur_l
2022-01-04,2.314,1.1296,0.5411598168880626,SP95,0.5368569780043563,0.5344228091961213,0.5362844286916896,0.6455741209717079,2026-09-01,0.8707,proxy_eur_l
2022-01-05,2.312,1.1335,0.538831746847851,SP95,0.5395437082923837,0.5360348473689378,0.5361315671495304,0.64279686049732,2026-09-01,0.8707,proxy_eur_l
2022-01-06,2.346,1.1307,0.5481096973841126,SP95,0.542700420373342,0.5395024756490067,0.5370079271732243,0.653864949026711,2026-09-01,0.8707,proxy_eur_l
2022-01-07,2.346,1.1358,0.5456485603382781,SP95,0.5441966681900805,0.5424778765199084,0.5391332135095829,0.6509289468784137,2026-09-01,0.8707,proxy_eur_l
2022-01-08,2.346,1.1358,0.5456485603382781,SP95,0.5464689393535562,0.5438796763593166,0.5412584998459413,0.6509289468784137,2026-09-01,0.8707,proxy_eur_l
2022-01-09,2.346,1.1358,0.5456485603382781,SP95,0.5456485603382781,0.5447774250493597,0.5433837861822998,0.6509289468784137,2026-09-01,0.8707,proxy_eur_l
2022-01-10,2.323,1.1328,0.5417299414088796,SP95,0.5443423540284785,0.5453570639615654,0.5438252690776771,0.6462542484033552,2026-09-01,0.8707,proxy_eur_l
2022-01-11,2.401,1.1363,0.5581951049123596,SP95,0.5485245355531724,0.5473741454672147,0.5462588816525767,0.6658962896704606,2026-09-01,0.8707,proxy_eur_l
2022-01-12,2.439,1.1431,0.5636564042529297,SP95,0.5545271501913897,0.550975714250145,0.5498052612818737,0.6724113216649392,2026-09-01,0.8707,proxy_eur_l
2022-01-13,2.417,1.1464,0.5569642799630536,SP95,0.5596052630427809,0.5532388581751001,0.5510702016502939,0.6644279826936279,2026-09-01,0.8707,proxy_eur_l
2022-01-14,2.473,1.1414,0.5723650652546882,SP95,0.5643285831568904,0.5585821591583822,0.554886845209781,0.6828002788557754,2026-09-01,0.8707,proxy_eur_l
2022-01-15,2.473,1.1414,0.5723650652546882,SP95,0.5672314701574767,0.5647091839275438,0.5587034887692682,0.6828002788557754,2026-09-01,0.8707,proxy_eur_l
2022-01-16,2.473,1.1414,0.5723650652546882,SP95,0.5723650652546882,0.5675431759960097,0.5625201323287553,0.6828002788557754,2026-09-01,0.8707,proxy_eur_l
2022-01-17,2.473,1.1414,0.5723650652546882,SP95,0.5723650652546882,0.5692849081963614,0.5668965785924422,0.6828002788557754,2026-09-01,0.8707,proxy_eur_l
2022-01-18,2.5,1.1336,0.5825953871695229,SP95,0.575775172559633,0.5744111296376551,0.5703823332006085,0.6950044944522064,2026-09-01,0.8707,proxy_eur_l
2022-01-19,2.497,1.1346,0.5813834080189464,SP95,0.5787812868143858,0.5762147981905068,0.5729147623100393,0.6935586694845124,2026-09-01,0.8707,proxy_eur_l
2022-01-20,2.476,1.1336,0.5770024714526955,SP95,0.5803270888803881,0.5771422794301083,0.5757773610942739,0.6883324513054652,2026-09-01,0.8707,proxy_eur_l
2022-01-21,2.486,1.1346,0.5788222476311977,SP95,0.5790693757009465,0.5784337159054102,0.5766998157194896,0.6905033449493383,2026-09-01,0.8707,proxy_eur_l
2022-01-22,2.486,1.1346,0.5788222476311977,SP95,0.5782156555716969,0.579725152380712,0.5776222703447053,0.6905033449493383,2026-09-01,0.8707,proxy_eur_l
2022-01-23,2.486,1.1346,0.5788222476311977,SP95,0.5788222476311977,0.578970524473047,0.5785447249699208,0.6905033449493383,2026-09-01,0.8707,proxy_eur_l
2022-01-24,2.465,1.131,0.5757596012934003,SP95,0.5778013655185985,0.5778457631279379,0.5790296586897369,0.6868497750506336,2026-09-01,0.8707,proxy_eur_l
2022-01-25,2.498,1.1283,0.5848637656568774,SP95,0.5798152048604918,0.5794180219687741,0.579353712759359,0.6977105461624499,2026-09-01,0.8707,proxy_eur_l
2022-01-26,2.568,1.1279,0.6014662917419321,SP95,0.5873632195640699,0.583946830790921,0.5822226961483569,0.7175164534910904,2026-09-01,0.8707,proxy_eur_l
2022-01-27,2.61,1.1141,0.6188753762272392,SP95,0.6017351445420162,0.5919574565101293,0.5882045396875775,0.7382845409632042,2026-09-01,0.8707,proxy_eur_l
2022-01-28,2.605,1.116,0.6166381688109108,SP95,0.6123266122600274,0.599520640746072,0.5936068141418221,0.7356156746391431,2026-09-01,0.8707,proxy_eur_l
2022-01-29,2.605,1.116,0.6166381688109108,SP95,0.6173839046163535,0.6076963542495741,0.5990090885960669,0.7356156746391431,2026-09-01,0.8707,proxy_eur_l
2022-01-30,2.605,1.116,0.6166381688109108,SP95,0.6166381688109108,0.6140512348803808,0.6044113630503116,0.7356156746391431,2026-09-01,0.8707,proxy_eur_l
2022-01-31,2.607,1.1212,0.6142495009790341,SP95,0.6158419462002852,0.6166078767278012,0.6099099201482593,0.7327661243071824,2026-09-01,0.8707,proxy_eur_l
2022-02-01,2.634,1.1239,0.6191201938885692,SP95,0.6166692878928379,0.6166568402600672,0.6148036956099296,0.7385765950691803,2026-09-01,0.8707,proxy_eur_l
2022-02-02,2.655,1.1299,0.6207423657057121,SP95,0.6180373535244384,0.6174776796390274,0.6175574204618981,0.740511757496685,2026-09-01,0.8707,proxy_eur_l
2022-02-03,2.701,1.1425,0.624532790739045,SP95,0.6214651167777754,0.6190566040246542,0.6183656225350133,0.7450335276515248,2026-09-01,0.8707,proxy_eur_l
2022-02-04,2.726,1.1455,0.6286626056117963,SP95,0.6246459206855177,0.6214614913848313,0.620083399220854,0.7499601713583391,2026-09-01,0.8707,proxy_eur_l
2022-02-05,2.726,1.1455,0.6286626056117963,SP95,0.6272860006542125,0.6243441123113838,0.6218011759066948,0.7499601713583391,2026-09-01,0.8707,proxy_eur_l
2022-02-06,2.726,1.1455,0.6286626056117963,SP95,0.6286626056117963,0.6262525946560291,0.6235189525925355,0.7499601713583391,2026-09-01,0.8707,proxy_eur_l
2022-02-07,2.755,1.1434,0.6365174079470867,SP95,0.631280873056893,0.6294076031043041,0.6267000821594003,0.7593305217701112,2026-09-01,0.8707,proxy_eur_l
2022-02-08,2.694,1.1416,0.6234053162691414,SP95,0.6295284432760081,0.6291821082103234,0.627312242499482,0.7436885121549722,2026-09-01,0.8707,proxy_eur_l
2022-02-09,2.725,1.1435,0.6295311260830384,SP95,0.6298179500997554,0.6293558123045718,0.6285677796962429,0.7509962688701468,2026-09-01,0.8707,proxy_eur_l
2022-02-10,2.722,1.1487,0.6259914046477584,SP95,0.6263092823333126,0.6288215721117643,0.6287761531117734,0.7467735744224947,2026-09-01,0.8707,proxy_eur_l
2022-02-11,2.812,1.1404,0.6513958358743539,SP95,0.6356394555350501,0.6333682181642758,0.632023757434996,0.7770796741107648,2026-09-01,0.8707,proxy_eur_l
2022-02-12,2.812,1.1404,0.6513958358743539,SP95,0.6429276921321554,0.6363439037497292,0.6352713617582184,0.7770796741107648,2026-09-01,0.8707,proxy_eur_l
2022-02-13,2.812,1.1404,0.6513958358743539,SP95,0.6513958358743539,0.6419420076707717,0.638518966081441,0.7770796741107648,2026-09-01,0.8707,proxy_eur_l
2022-02-14,2.824,1.1306,0.6598459896156121,SP95,0.6542125537881066,0.6480049803772865,0.641851620605516,0.787160246251096,2026-09-01,0.8707,proxy_eur_l
2022-02-15,2.729,1.1363,0.6344499963789378,SP95,0.6485639406229678,0.6496966987235224,0.6434294320497725,0.756864212624193,2026-09-01,0.8707,proxy_eur_l
2022-02-16,2.655,1.1381,0.6162699226877111,SP95,0.6368553028940869,0.6426715160861938,0.6415349744218687,0.7351763771158107,2026-09-01,0.8707,proxy_eur_l
2022-02-17,2.713,1.1364,0.6306747430901589,SP95,0.6271315540522693,0.6385272975293548,0.642204022770783,0.752360541532418,2026-09-01,0.8707,proxy_eur_l
2022-02-18,2.743,1.1327,0.6397315614182052,SP95,0.628892075732025,0.636194442638125,0.6405376978484761,0.7631648314084684,2026-09-01,0.8707,proxy_eur_l
2022-02-19,2.743,1.1327,0.6397315614182052,SP95,0.6367126219755229,0.6321715569986437,0.6388713729261691,0.7631648314084684,2026-09-01,0.8707,proxy_eur_l
2022-02-20,2.743,1.1327,0.6397315614182052,SP95,0.6397315614182052,0.633227870006497,0.6372050480038622,0.7631648314084684,2026-09-01,0.8707,proxy_eur_l
2022-02-21,2.743,1.1327,0.6397315614182052,SP95,0.6397315614182052,0.6379201977525959,0.6343315582613754,0.7631648314084684,2026-09-01,0.8707,proxy_eur_l
2022-02-22,2.74,1.1342,0.6381867602374596,SP95,0.63921662769129,0.6394226011820561,0.6348653816697357,0.761321967926714,2026-09-01,0.8707,proxy_eur_l
2022-02-23,2.778,1.1316,0.6485241794370239,SP95,0.6421475003642295,0.6411811247858198,0.6394731326339232,0.7736539447376515,2026-09-01,0.8707,proxy_eur_l
2022-02-24,2.825,1.1154,0.6690748143372507,SP95,0.651928584670578,0.6470497753696289,0.6449588570977935,0.7981697303652986,2026-09-01,0.8707,proxy_eur_l
2022-02-25,2.782,1.1261,0.6526300059145448,SP95,0.6567429998962729,0.6496294642688969,0.6468014920258421,0.778551971598423,2026-09-01,0.8707,proxy_eur_l
2022-02-26,2.782,1.1261,0.6526300059145448,SP95,0.6581116087221134,0.6522091531681647,0.6486441269538906,0.778551971598423,2026-09-01,0.8707,proxy_eur_l
2022-02-27,2.782,1.1261,0.6526300059145448,SP95,0.6526300059145448,0.6550978023035817,0.650486761881939,0.778551971598423,2026-09-01,0.8707,proxy_eur_l
2022-02-28,2.826,1.1224,0.6651374019637628,SP95,0.6567991379309507,0.6584204468089296,0.6541161676741616,0.793472612337329,2026-09-01,0.8707,proxy_eur_l
2022-03-01,3.172,1.1103,0.7547093128704375,SP95,0.6908255735829151,0.675547346515567,0.6707622466217299,0.9003270125399473,2026-09-01,0.8707,proxy_eur_l
2022-03-02,3.246,1.1102,0.7723855899428479,SP95,0.7307441015923494,0.6994984633212276,0.6884567338368477,0.9214138461830927,2026-09-01,0.8707,proxy_eur_l
2022-03-03,3.183,1.1053,0.7607524135130611,SP95,0.7626157721087822,0.7211229448409309,0.7015535337191062,0.9075361017286818,2026-09-01,0.8707,proxy_eur_l
2022-03-04,3.414,1.0912,0.8265060362451602,SP95,0.7865480132336896,0.7558981509070539,0.7263929666234799,0.9859765843204641,2026-09-01,0.8707,proxy_eur_l
2022-03-05,3.414,1.0912,0.8265060362451602,SP95,0.804588162001127,0.7881718777633334,0.7512323995278535,0.9859765843204641,2026-09-01,0.8707,proxy_eur_l
2022-03-06,3.414,1.0912,0.8265060362451602,SP95,0.8265060362451602,0.8025312224382779,0.7760718324322272,0.9859765843204641,2026-09-01,0.8707,proxy_eur_l
2022-03-07,3.48,1.086,0.8465181788272159,SP95,0.8331767504391787,0.8173577402151515,0.801983371984149,1.0098499780074965,2026-09-01,0.8707,proxy_eur_l
2022-03-08,3.595,1.0881,0.8728044556819626,SP95,0.8486095569181128,0.8397681486489319,0.8188541066715097,1.0412080713923797,2026-09-01,0.8707,proxy_eur_l
2022-03-09,3.221,1.1069,0.7687218182722885,SP95,0.8293481509271556,0.8282113050543576,0.8183307107185727,0.9170431665763479,2026-09-01,0.8707,proxy_eur_l
2022-03-10,3.039,1.1007,0.7293711884404589,SP95,0.7902991541315699,0.8087843354934172,0.8138476785653437,0.8701000132405172,2026-09-01,0.8707,proxy_eur_l
2022-03-11,3.199,1.0937,0.7726857415138675,SP95,0.7569262494088717,0.7980202765471587,0.8061590650323021,0.9217719106227874,2026-09-01,0.8707,proxy_eur_l
2022-03-12,3.199,1.0937,0.7726857415138675,SP95,0.7582475571560646,0.783253789084489,0.7984704514992602,0.9217719106227874,2026-09-01,0.8707,proxy_eur_l
2022-03-13,3.199,1.0937,0.7726857415138675,SP95,0.7726857415138675,0.7632300462508699,0.7907818379662183,0.9217719106227874,2026-09-01,0.8707,proxy_eur_l
2022-03-14,3.056,1.0979,0.735321788875582,SP95,0.7602310906344388,0.7565500403715286,0.7748966394016991,0.8771987547310611,2026-09-01,0.8707,proxy_eur_l
2022-03-15,2.851,1.0974,0.6863081112384556,SP95,0.7314385472093017,0.747937424931128,0.7482543044811983,0.8187281128453876,2026-09-01,0.8707,proxy_eur_l
2022-03-16,2.862,1.0996,0.6875776771999099,SP95,0.7030691924379825,0.7309158120683364,0.7366622843280012,0.8202426357349373,2026-09-01,0.8707,proxy_eur_l
2022-03-17,3.098,1.111,0.7366381802030096,SP95,0.7035079895471249,0.723706299806165,0.7377004260083657,0.8787691377261361,2026-09-01,0.8707,proxy_eur_l
2022-03-18,3.133,1.1044,0.7494123868508502,SP95,0.7245427480845898,0.7190516288735616,0.7343756610565061,0.8940080689446682,2026-09-01,0.8707,proxy_eur_l
2022-03-19,3.133,1.1044,0.7494123868508502,SP95,0.7451543179682366,0.7218697484686152,0.7310508961046464,0.8940080689446682,2026-09-01,0.8707,proxy_eur_l
2022-03-20,3.133,1.1044,0.7494123868508502,SP95,0.7494123868508502,0.734490603591094,0.7277261311527868,0.8940080689446682,2026-09-01,0.8707,proxy_eur_l
2022-03-21,3.269,1.1048,0.7816604264652309,SP95,0.7601617333889771,0.7533071534441582,0.7343459365227367,0.932478219863913,2026-09-01,0.8707,proxy_eur_l
2022-03-22,3.208,1.1022,0.7688839992423699,SP95,0.7666522708528168,0.7597563172520303,0.7461424919518673,0.9172366396205972,2026-09-01,0.8707,proxy_eur_l
2022-03-23,3.325,1.1001,0.7984474812206558,SP95,0.7829973023094188,0.7695633361259914,0.7619810353834024,0.9525042598233414,2026-09-01,0.8707,proxy_eur_l
2022-03-24,3.25,1.1006,0.7800828367835566,SP95,0.782471439082194,0.7756974261125327,0.768187414894909,0.9305962414903938,2026-09-01,0.8707,proxy_eur_l
2022-03-25,3.318,1.0985,0.7979270548241569,SP95,0.7921524576094564,0.785400359707194,0.7751180817482387,0.9518834195411079,2026-09-01,0.8707,proxy_eur_l
2022-03-26,3.318,1.0985,0.7979270548241569,SP95,0.7919789821439568,0.7886536853789792,0.7820487486015681,0.9518834195411079,2026-09-01,0.8707,proxy_eur_l
2022-03-27,3.318,1.0985,0.7979270548241569,SP95,0.7979270548241569,0.7944622964953366,0.7889794154548977,0.9518834195411079,2026-09-01,0.8707,proxy_eur_l
2022-03-28,3.041,1.0977,0.731845869746861,SP95,0.7758999931317249,0.7811419742005776,0.7818630502094164,0.8730521729523241,2026-09-01,0.8707,proxy_eur_l
2022-03-29,3.037,1.1104,0.7225238859975655,SP95,0.750765603522861,0.7696301840433795,0.7752401768887299,0.8619315552034476,2026-09-01,0.8707,proxy_eur_l
2022-03-30,3.12,1.1163,0.7383470423339811,SP95,0.7309055993594691,0.7577141815453443,0.7666543999049192,0.8808077169658284,2026-09-01,0.8707,proxy_eur_l
2022-03-31,3.107,1.1093,0.7399103639022512,SP95,0.7335937640779324,0.7461108433609631,0.7609154752075901,0.8826726742589174,2026-09-01,0.8707,proxy_eur_l
2022-04-01,3.071,1.1043,0.734648531007764,SP95,0.7376353124146654,0.7334551385976844,0.7518756860909624,0.8763955948462359,2026-09-01,0.8707,proxy_eur_l
2022-04-02,3.071,1.1043,0.734648531007764,SP95,0.7364024753059262,0.7340156708498651,0.7428358969743348,0.8763955948462359,2026-09-01,0.8707,proxy_eur_l
2022-04-03,3.071,1.1043,0.734648531007764,SP95,0.734648531007764,0.7364405998519048,0.7337961078577072,0.8763955948462359,2026-09-01,0.8707,proxy_eur_l
2022-04-04,3.202,1.0992,0.7695404945876922,SP95,0.7462791855344065,0.742679290302647,0.7391810542635403,0.9180198027311098,2026-09-01,0.8707,proxy_eur_l
2022-04-05,3.125,1.0921,0.7559176482183076,SP95,0.7533688912712545,0.7458807471658583,0.7439515917236462,0.9017684906499187,2026-09-01,0.8707,proxy_eur_l
2022-04-06,3.059,1.0913,0.7404951050706278,SP95,0.7553177492922091,0.747050061978431,0.7442584578288816,0.8833702385532167,2026-09-01,0.8707,proxy_eur_l
2022-04-07,3.032,1.09,0.7348345529815652,SP95,0.7437491020901668,0.7470872663731913,0.7435333419830691,0.8766175089065013,2026-09-01,0.8707,proxy_eur_l
2022-04-08,3.106,1.0874,0.7545690588784338,SP95,0.7432995723102088,0.7510713719473253,0.7463791316788794,0.9001596971836053,2026-09-01,0.8707,proxy_eur_l
2022-04-09,3.106,1.0874,0.7545690588784338,SP95,0.7479908902461442,0.7480770848054736,0.7492249213746893,0.9001596971836053,2026-09-01,0.8707,proxy_eur_l
2022-04-10,3.106,1.0874,0.7545690588784338,SP95,0.7545690588784338,0.7478073669374989,0.7520707110704992,0.9001596971836053,2026-09-01,0.8707,proxy_eur_l
2022-04-11,2.998,1.0875,0.7282646556043486,SP95,0.7458009244537388,0.7453612770442432,0.7461741626443074,0.868779979969928,2026-09-01,0.8707,proxy_eur_l
2022-04-12,3.151,1.0852,0.7670532039997472,SP95,0.7499623061608433,0.7518050072478795,0.7477649563273701,0.9150526008347317,2026-09-01,0.8707,proxy_eur_l
2022-04-13,3.279,1.0874,0.796597535113453,SP95,0.7639717982391829,0.7602107024948833,0.7557795891906308,0.9502973751014303,2026-09-01,0.8707,proxy_eur_l
2022-04-14,3.315,1.0796,0.8111618688099871,SP95,0.7916042026410622,0.7715292644811939,0.766683491451834,0.9676718301704464,2026-09-01,0.8707,proxy_eur_l
2022-04-15,3.315,1.0812,0.8099614812867759,SP95,0.8059069617367386,0.7826077489628623,0.7745966946530257,0.9662398333814409,2026-09-01,0.8707,proxy_eur_l
2022-04-16,3.315,1.0812,0.8099614812867759,SP95,0.8103616104611796,0.7989471140993478,0.7825098978542174,0.9662398333814409,2026-09-01,0.8707,proxy_eur_l
2022-04-17,3.315,1.0812,0.8099614812867759,SP95,0.8099614812867759,0.8075287695567536,0.790423101055409,0.9662398333814409,2026-09-01,0.8707,proxy_eur_l
2022-04-18,3.303,1.0785,0.8090498738423405,SP95,0.8096576121386306,0.810019237302531,0.8019638465179794,0.9651523354626249,2026-09-01,0.8707,proxy_eur_l
2022-04-19,3.038,1.0789,0.7438638382278755,SP95,0.7876250644523305,0.7965596311861087,0.7986510799791405,0.8873889533190032,2026-09-01,0.8707,proxy_eur_l
2022-04-20,3.085,1.0857,0.7506408598368682,SP95,0.767851523969028,0.7846955068961272,0.7920858406539141,0.8954735701576862,2026-09-01,0.8707,proxy_eur_l
2022-04-21,3.111,1.0839,0.7582242410611678,SP95,0.7509096463753037,0.7743480588510055,0.7845233224040828,0.9045201300002533,2026-09-01,0.8707,proxy_eur_l
2022-04-22,3.067,1.079,0.7508949810773321,SP95,0.7532533606584559,0.7625347588091168,0.7760852509455908,0.8957767229257098,2026-09-01,0.8707,proxy_eur_l
2022-04-23,3.067,1.079,0.7508949810773321,SP95,0.7533380677386106,0.7509037802561151,0.7676471794870989,0.8957767229257098,2026-09-01,0.8707,proxy_eur_l
2022-04-24,3.067,1.079,0.7508949810773321,SP95,0.7508949810773321,0.7523100088260065,0.759209108028607,0.8957767229257098,2026-09-01,0.8707,proxy_eur_l
2022-04-25,3.231,1.0703,0.7974772504617187,SP95,0.7664224042054609,0.7616772869509767,0.7575558761170894,0.9513468274904265,2026-09-01,0.8707,proxy_eur_l
2022-04-26,3.347,1.0661,0.8293629671163331,SP95,0.7925783995517945,0.7759050321620096,0.7697700373868691,0.9893847468969843,2026-09-01,0.8707,proxy_eur_l
2022-04-27,3.434,1.0549,0.8599552827736106,SP95,0.8289318334505541,0.7977170925012653,0.7853863835206896,1.02587970951728,2026-09-01,0.8707,proxy_eur_l
2022-04-28,3.463,1.05,0.8712645879202553,SP95,0.8535276126033996,0.82179101386985,0.8015350045005591,1.0393710932102347,2026-09-01,0.8707,proxy_eur_l
2022-04-29,3.433,1.0537,0.8606839287705452,SP95,0.8639679331548037,0.8437488034084926,0.8172191398853039,1.0267489444166404,2026-09-01,0.8707,proxy_eur_l
2022-04-30,3.433,1.0537,0.8606839287705452,SP95,0.8642108151537818,0.856390139070258,0.8329032752700486,1.0267489444166404,2026-09-01,0.8707,proxy_eur_l
2022-05-01,3.433,1.0537,0.8606839287705452,SP95,0.8606839287705452,0.8626543314011001,0.8485874106547933,1.0267489444166404,2026-09-01,0.8707,proxy_eur_l
2022-05-02,3.494,1.0521,0.8773093346063783,SP95,0.8662257307158229,0.8661251417676539,0.8599919941040304,1.0465821460390106,2026-09-01,0.8707,proxy_eur_l
2022-05-03,3.525,1.0532,0.8841687092313646,SP95,0.8740539908694293,0.8687059660298757,0.8678213858347492,1.0547650055303261,2026-09-01,0.8707,proxy_eur_l
2022-05-04,3.697,1.0539,0.9266952059664814,SP95,0.8960577499347413,0.881908221469063,0.8773556605765879,1.1054967947190604,2026-09-01,0.8707,proxy_eur_l
2022-05-05,3.698,1.0507,0.9297689631868591,SP95,0.9135442927949016,0.8957252283523257,0.885713428471817,1.1091636192941678,2026-09-01,0.8707,proxy_eur_l
2022-05-06,3.85,1.0572,0.9620340537068404,SP95,0.9394994076200601,0.9159952533395848,0.9001920177484306,1.1476541110130274,2026-09-01,0.8707,proxy_eur_l
2022-05-07,3.85,1.0572,0.9620340537068404,SP95,0.9512790235335132,0.9329401971596771,0.9146706070250442,1.1476541110130274,2026-09-01,0.8707,proxy_eur_l
2022-05-08,3.85,1.0572,0.9620340537068404,SP95,0.9620340537068404,0.9485132660547724,0.9291491963016577,1.1476541110130274,2026-09-01,0.8707,proxy_eur_l
2022-05-09,3.648,1.0559,0.9126807907969745,SP95,0.9455829660702183,0.9457103830208708,0.9342022614717429,1.0887783624340959,2026-09-01,0.8707,proxy_eur_l
2022-05-10,3.558,1.0531,0.8925307779795766,SP95,0.9224152074944637,0.9382627459794145,0.9353968427214875,1.0647404970822953,2026-09-01,0.8707,proxy_eur_l
2022-05-11,3.7,1.0537,0.9276232264640307,SP95,0.9109449317468604,0.9313805805308526,0.9355294170782802,1.1066038725142937,2026-09-01,0.8707,proxy_eur_l
2022-05-12,3.832,1.0376,0.9756238479533776,SP95,0.9319259507989949,0.93409853938016,0.9420801149020688,1.1638659937158953,2026-09-01,0.8707,proxy_eur_l
2022-05-13,3.988,1.041,1.012025115085779,SP95,0.9717573965010624,0.9440967516559479,0.9492216950990598,1.2072907183497223,2026-09-01,0.8707,proxy_eur_l
2022-05-14,3.988,1.041,1.012025115085779,SP95,0.9998913593749785,0.9639656165137087,0.9563632752960513,1.2072907183497223,2026-09-01,0.8707,proxy_eur_l
2022-05-15,3.988,1.041,1.012025115085779,SP95,1.012025115085779,0.9878644839349491,0.9635048554930423,1.2072907183497223,2026-09-01,0.8707,proxy_eur_l
2022-05-16,4.06,1.042,1.0293076128350118,SP95,1.0177859476688567,1.0082013612091454,0.9801658300699049,1.2279077947557562,2026-09-01,0.8707,proxy_eur_l
2022-05-17,4.003,1.0532,1.0040644944831638,SP95,1.0151324074679848,1.0138894905151026,0.9960992181418459,1.197794132521389,2026-09-01,0.8707,proxy_eur_l
2022-05-18,3.784,1.0494,0.9525700839748746,SP95,0.9953140637643502,1.0019984842929217,0.9996630549291093,1.1363641117374892,2026-09-01,0.8707,proxy_eur_l
2022-05-19,3.892,1.0587,0.9711510605250909,SP95,0.9759285463277099,0.9938236733807841,0.9990240852964968,1.1585302024723507,2026-09-01,0.8707,proxy_eur_l
2022-05-20,3.918,1.0559,0.9802311782737243,SP95,0.96798410759123,0.9874648860183731,0.9944820943233462,1.1693622872853036,2026-09-01,0.8707,proxy_eur_l
2022-05-21,3.918,1.0559,0.9802311782737243,SP95,0.9772044723575132,0.9776495991061156,0.9899401033501957,1.1693622872853036,2026-09-01,0.8707,proxy_eur_l
2022-05-22,3.918,1.0559,0.9802311782737243,SP95,0.9802311782737243,0.9728829358642276,0.9853981123770448,1.1693622872853036,2026-09-01,0.8707,proxy_eur_l
2022-05-23,3.857,1.0668,0.9551102417935682,SP95,0.9718575327803389,0.9733909674279664,0.9747984879425529,1.1393943813542589,2026-09-01,0.8707,proxy_eur_l
2022-05-24,3.849,1.0744,0.9463870341832774,SP95,0.9605761514168566,0.9684381621596037,0.9665588507568549,1.1289880708535072,2026-09-01,0.8707,proxy_eur_l
2022-05-25,3.898,1.0658,0.9661687559505184,SP95,0.9558886773091214,0.9656256776949625,0.9685015181819469,1.1525865850865677,2026-09-01,0.8707,proxy_eur_l
2022-05-26,3.927,1.0725,0.9672761301729127,SP95,0.9599439734355695,0.9630346680748001,0.9679479567030642,1.1539076220850648,2026-09-01,0.8707,proxy_eur_l
2022-05-27,4.102,1.0709,1.0118907076040011,SP95,0.9817785312424775,0.9693665739408555,0.9724707466073895,1.207130377560933,2026-09-01,0.8707,proxy_eur_l
2022-05-28,4.102,1.0709,1.0118907076040011,SP95,0.9970191817936384,0.9807226671029422,0.9769935365117147,1.207130377560933,2026-09-01,0.8707,proxy_eur_l
2022-05-29,4.102,1.0709,1.0118907076040011,SP95,1.0118907076040011,0.9938234017870868,0.98151632641604,1.207130377560933,2026-09-01,0.8707,proxy_eur_l
2022-05-30,4.102,1.0709,1.0118907076040011,SP95,1.0118907076040011,1.0029677921177833,0.9896278215318162,1.207130377560933,2026-09-01,0.8707,proxy_eur_l
2022-05-31,4.11,1.0731,1.011785607298472,SP95,1.0118556741688247,1.0118696875428952,0.9989704748339869,1.2070049986336024,2026-09-01,0.8707,proxy_eur_l
2022-06-01,4.282,1.0646,1.0625443623873678,SP95,1.0287402257632803,1.0220004184995686,1.0127384186106796,1.2675574226597757,2026-09-01,0.8707,proxy_eur_l
2022-06-02,4.442,1.0733,1.0933124537174095,SP95,1.055880807801083,1.0382847677222502,1.0307436076884648,1.3042620760625199,2026-09-01,0.8707,proxy_eur_l
2022-06-03,4.509,1.0721,1.1110454100204192,SP95,1.088967408708399,1.058115708205534,1.0449085651765244,1.3254165249337915,2026-09-01,0.8707,proxy_eur_l
2022-06-04,4.509,1.0721,1.1110454100204192,SP95,1.1051344245860826,1.0779466486888176,1.0590735226645842,1.3254165249337915,2026-09-01,0.8707,proxy_eur_l
2022-06-05,4.509,1.0721,1.1110454100204192,SP95,1.1110454100204192,1.0977986092332068,1.073238480152644,1.3254165249337915,2026-09-01,0.8707,proxy_eur_l
2022-06-06,4.44,1.0699,1.0962930296945312,SP95,1.10612794991179,1.1045483426946396,1.0852959547370056,1.3078177405009566,2026-09-01,0.8707,proxy_eur_l
2022-06-07,4.307,1.0697,1.0636524534977518,SP95,1.0903302977375675,1.098616342650708,1.0927055041940454,1.2688793148665112,2026-09-01,0.8707,proxy_eur_l
2022-06-08,4.384,1.074,1.0783335917487176,SP95,1.0794263583136667,1.092073978996368,1.094961108388524,1.2863931113928924,2026-09-01,0.8707,proxy_eur_l
2022-06-09,4.304,1.0656,1.0670012324976264,SP95,1.0696624259146985,1.0832651434918092,1.0912023624999836,1.2728742254117995,2026-09-01,0.8707,proxy_eur_l
2022-06-10,4.205,1.0521,1.055834502581517,SP95,1.0670564422759539,1.072222962004029,1.0833150900087118,1.2595529261860443,2026-09-01,0.8707,proxy_eur_l
2022-06-11,4.205,1.0521,1.055834502581517,SP95,1.0595567458868869,1.064131256581426,1.07542781751744,1.2595529261860443,2026-09-01,0.8707,proxy_eur_l
2022-06-12,4.205,1.0521,1.055834502581517,SP95,1.055834502581517,1.0625676663981791,1.0675405450261684,1.2595529261860443,2026-09-01,0.8707,proxy_eur_l
2022-06-13,4.068,1.0436,1.0297546080806321,SP95,1.0471412044145556,1.052851869664562,1.0580350562241827,1.2284410356834163,2026-09-01,0.8707,proxy_eur_l
2022-06-14,4.052,1.0416,1.027673921039955,SP95,1.0377543439007015,1.0449864073730277,1.052895265873069,1.2259588896234472,2026-09-01,0.8707,proxy_eur_l
2022-06-15,3.945,1.0388,1.0032332947178433,SP95,1.0202206079461436,1.034466165800293,1.0421666520115154,1.1968025565745006,2026-09-01,0.8707,proxy_eur_l
2022-06-16,3.966,1.0531,0.9948783208170324,SP95,1.008595178858277,1.0222749294473958,1.0318633789142877,1.186835528788191,2026-09-01,0.8707,proxy_eur_l
2022-06-17,3.888,1.0473,0.9807132049732465,SP95,0.9929416068360407,1.007250669925742,1.0211317649702492,1.1699373188251885,2026-09-01,0.8707,proxy_eur_l
2022-06-18,3.888,1.0473,0.9807132049732465,SP95,0.9854349102545085,0.9974423893042648,1.0104001510262104,1.1699373188251885,2026-09-01,0.8707,proxy_eur_l
2022-06-19,3.888,1.0473,0.9807132049732465,SP95,0.9807132049732465,0.9880502460909231,0.9996685370821717,1.1699373188251885,2026-09-01,0.8707,proxy_eur_l
2022-06-20,3.888,1.0473,0.9807132049732465,SP95,0.9807132049732465,0.9835462281420038,0.9926626223525453,1.1699373188251885,2026-09-01,0.8707,proxy_eur_l
2022-06-21,3.888,1.0548,0.9737399882143355,SP95,0.978388799386943,0.9793185616214644,0.9849577748060281,1.1616186518824612,2026-09-01,0.8707,proxy_eur_l
2022-06-22,3.855,1.0583,0.9622822090528793,SP95,0.9722451340801538,0.9756323624373909,0.9791076197110334,1.1479501467946653,2026-09-01,0.8707,proxy_eur_l
2022-06-23,3.836,1.0503,0.9648328980727957,SP95,0.9669516984466702,0.9724563010573007,0.9748154164618567,1.1509929795596217,2026-09-01,0.8707,proxy_eur_l
2022-06-24,3.966,1.0539,0.9941231233062118,SP95,0.9737460768106291,0.9751382847238936,0.9767311190808518,1.185934619382146,2026-09-01,0.8707,proxy_eur_l
2022-06-25,3.966,1.0539,0.9941231233062118,SP95,0.984359714895073,0.9778202683904869,0.9786468216998468,1.185934619382146,2026-09-01,0.8707,proxy_eur_l
2022-06-26,3.966,1.0539,0.9941231233062118,SP95,0.9941231233062118,0.9818968954088622,0.9805625243188417,1.185934619382146,2026-09-01,0.8707,proxy_eur_l
2022-06-27,3.927,1.0601,0.9785903684656625,SP95,0.988945538359362,0.9851585272914187,0.9802592619606154,1.1674048907520345,2026-09-01,0.8707,proxy_eur_l
2022-06-28,3.96,1.0534,0.9930903050486689,SP95,0.9886012656068478,0.9908100086865932,0.9830235929369489,1.1847025235798911,2026-09-01,0.8707,proxy_eur_l
2022-06-29,3.813,1.0477,0.961427923681989,SP95,0.9777028657321069,0.9842709687617488,0.9829015521696788,1.1469310309805185,2026-09-01,0.8707,proxy_eur_l
2022-06-30,3.679,1.0469,0.9283493940449212,SP95,0.9609558742585266,0.9711162229094906,0.9776896230228396,1.107470150798604,2026-09-01,0.8707,proxy_eur_l
2022-07-01,3.812,1.0409,0.9674549558932288,SP95,0.9524107578733797,0.9657825894268941,0.9738798848209848,1.1541209514077482,2026-09-01,0.8707,proxy_eur_l
2022-07-02,3.812,1.0409,0.9674549558932288,SP95,0.9544197686104597,0.9635555069124073,0.97007014661913,1.1541209514077482,2026-09-01,0.8707,proxy_eur_l
2022-07-03,3.812,1.0409,0.9674549558932288,SP95,0.9674549558932288,0.9584284370813194,0.9662604084172755,1.1541209514077482,2026-09-01,0.8707,proxy_eur_l
2022-07-04,3.812,1.0409,0.9674549558932288,SP95,0.9674549558932288,0.9596338435235673,0.9646696351926421,1.1541209514077482,2026-09-01,0.8707,proxy_eur_l
2022-07-05,3.492,1.0254,0.8996380015941624,SP95,0.9448493044602068,0.9538915650334155,0.9513193061277125,1.07321902688874,2026-09-01,0.8707,proxy_eur_l
2022-07-06,3.393,1.0173,0.8810928670512115,SP95,0.9160619415128677,0.936619147265012,0.9398428694661728,1.0510956937120195,2026-09-01,0.8707,proxy_eur_l
2022-07-07,3.597,1.0159,0.9353547320919972,SP95,0.9053618669124571,0.9301991025047658,0.9408436320443266,1.1158271366846906,2026-09-01,0.8707,proxy_eur_l
2022-07-08,3.645,1.0178,0.9460671358277176,SP95,0.9208382449903088,0.9259215384916635,0.9377882291778251,1.128606449577784,2026-09-01,0.8707,proxy_eur_l
2022-07-09,3.645,1.0178,0.9460671358277176,SP95,0.9424963345824775,0.9216439744785612,0.9347328263113234,1.128606449577784,2026-09-01,0.8707,proxy_eur_l
2022-07-10,3.645,1.0178,0.9460671358277176,SP95,0.9460671358277176,0.9309298013252724,0.9316774234448219,1.128606449577784,2026-09-01,0.8707,proxy_eur_l
2022-07-11,3.643,1.0088,0.953983729917461,SP95,0.9487060005242988,0.9455079738985223,0.9297529625911407,1.1380505141795596,2026-09-01,0.8707,proxy_eur_l
2022-07-12,3.468,1.0069,0.9098705706406384,SP95,0.9366404787952725,0.9404111416082503,0.9312147581692087,1.0854259231905536,2026-09-01,0.8707,proxy_eur_l
2022-07-13,3.439,1.0081,0.9011880647353164,SP95,0.9216807884311388,0.9314353273897702,0.9340855006955094,1.0750681676020242,2026-09-01,0.8707,proxy_eur_l
2022-07-14,3.394,1.0028,0.8940964755719544,SP95,0.9017183703159698,0.9210411953386176,0.928191464049789,1.0666082888424435,2026-09-01,0.8707,proxy_eur_l
2022-07-15,3.419,1.0089,0.8952366409084246,SP95,0.8968403937385651,0.9108750963547589,0.9209299647756043,1.067968443850047,2026-09-01,0.8707,proxy_eur_l
2022-07-16,3.419,1.0089,0.8952366409084246,SP95,0.8948565857962679,0.8991256785529517,0.9136684655014197,1.067968443850047,2026-09-01,0.8707,proxy_eur_l
2022-07-17,3.419,1.0089,0.8952366409084246,SP95,0.8952366409084246,0.896198892606509,0.9064069662272348,1.067968443850047,2026-09-01,0.8707,proxy_eur_l
2022-07-18,3.472,1.016,0.902761186798712,SP95,0.8977448228718538,0.896513517019188,0.8990894600674135,1.076944816350813,2026-09-01,0.8707,proxy_eur_l
2022-07-19,3.518,1.0238,0.9077527644031707,SP95,0.9019168640367692,0.8992447747854314,0.8987869163192038,1.0828994959550584,2026-09-01,0.8707,proxy_eur_l
2022-07-20,3.466,1.0217,0.8961733713157899,SP95,0.9022291075058909,0.8994321208669044,0.8980705315449858,1.0690859120922382,2026-09-01,0.8707,proxy_eur_l
2022-07-21,3.229,1.0197,0.8365318790472307,SP95,0.8801526715887306,0.8876911684946656,0.8898470177557396,0.9979368674973762,2026-09-01,0.8707,proxy_eur_l
2022-07-22,3.346,1.0225,0.864469131726518,SP95,0.8657247940298461,0.8815376666582843,0.8854516593011815,1.03126448491825,2026-09-01,0.8707,proxy_eur_l
2022-07-23,3.346,1.0225,0.864469131726518,SP95,0.8551567141667556,0.8738792556438455,0.8810563008466233,1.03126448491825,2026-09-01,0.8707,proxy_eur_l
2022-07-24,3.346,1.0225,0.864469131726518,SP95,0.864469131726518,0.8652225291085148,0.8766609423920653,1.03126448491825,2026-09-01,0.8707,proxy_eur_l
2022-07-25,3.446,1.0211,0.8915257001529523,SP95,0.8734879878686628,0.8642929948759474,0.8750558728712425,1.0635414940998449,2026-09-01,0.8707,proxy_eur_l
2022-07-26,3.425,1.0116,0.8944140760445416,SP95,0.8834696359746707,0.8758694342754095,0.8731503459628669,1.0669871688692159,2026-09-01,0.8707,proxy_eur_l
2022-07-27,3.521,1.0108,0.9202115120231902,SP95,0.9020504294068948,0.887017910334744,0.8765843660639241,1.097762101773528,2026-09-01,0.8707,proxy_eur_l
2022-07-28,3.56,1.0163,0.9253689918282085,SP95,0.9133315266319801,0.8991978823550821,0.8892753821754924,1.1039146936468502,2026-09-01,0.8707,proxy_eur_l
2022-07-29,3.391,1.0202,0.8780704073186447,SP95,0.9078836370566812,0.9019181374735075,0.8912184215457962,1.0474900642396678,2026-09-01,0.8707,proxy_eur_l
2022-07-30,3.391,1.0202,0.8780704073186447,SP95,0.893836602155166,0.899227078906646,0.8931614609161,1.0474900642396678,2026-09-01,0.8707,proxy_eur_l
2022-07-31,3.391,1.0202,0.8780704073186447,SP95,0.8780704073186447,0.8959583451614666,0.8951045002864039,1.0474900642396678,2026-09-01,0.8707,proxy_eur_l
2022-08-01,3.373,1.027,0.8676264192833835,SP95,0.8745890779735577,0.8854413266135053,0.8916903173050369,1.0350309566250728,2026-09-01,0.8707,proxy_eur_l
2022-08-02,3.25,1.0194,0.8422201002197198,SP95,0.8626389756072493,0.8688115482918075,0.884234035044348,1.0047226048502327,2026-09-01,0.8707,proxy_eur_l
2022-08-03,3.198,1.0146,0.8326653099165767,SP95,0.8475039431398934,0.8597305288113939,0.8717274347434032,0.9933242615909503,2026-09-01,0.8707,proxy_eur_l
2022-08-04,3.049,1.0221,0.7880447976127527,SP95,0.8209767359163497,0.8417254068702155,0.8521096927126238,0.9400944261358783,2026-09-01,0.8707,proxy_eur_l
2022-08-05,3.132,1.017,0.813556409032174,SP95,0.8114221721871678,0.8288226072129212,0.842893407243128,0.9705283859434879,2026-09-01,0.8707,proxy_eur_l
2022-08-06,3.132,1.017,0.813556409032174,SP95,0.8050525385590337,0.8180086051626795,0.8336771217736322,0.9705283859434879,2026-09-01,0.8707,proxy_eur_l
2022-08-07,3.132,1.017,0.813556409032174,SP95,0.813556409032174,0.8122758669251702,0.8244608363041364,0.9705283859434879,2026-09-01,0.8707,proxy_eur_l
2022-08-08,3.166,1.0207,0.819406993010579,SP95,0.8155066036916424,0.8096242035439707,0.8175723468365927,0.9775078132608181,2026-09-01,0.8707,proxy_eur_l
2022-08-09,3.26,1.0226,0.8421678962327047,SP95,0.8250437660918193,0.820448823267961,0.817564889124162,1.0046603283434103,2026-09-01,0.8707,proxy_eur_l
2022-08-10,3.136,1.0337,0.8014351902826288,SP95,0.8210033598419709,0.8180245795180522,0.8131034434621697,0.9560684336426281,2026-09-01,0.8707,proxy_eur_l
2022-08-11,3.144,1.0338,0.8034019468117805,SP95,0.8156683444423715,0.8159936870739735,0.8152973219191735,0.9584146668215323,2026-09-01,0.8707,proxy_eur_l
2022-08-12,3.117,1.0257,0.8027925194504714,SP95,0.8025432188482936,0.8138409091576329,0.8137596234075017,0.9576876532466226,2026-09-01,0.8707,proxy_eur_l
2022-08-13,3.117,1.0257,0.8027925194504714,SP95,0.8029956619042412,0.8105180144456113,0.8122219248958299,0.9576876532466226,2026-09-01,0.8707,proxy_eur_l
2022-08-14,3.117,1.0257,0.8027925194504714,SP95,0.8027925194504714,0.8026429390891646,0.810684226384158,0.9576876532466226,2026-09-01,0.8707,proxy_eur_l
2022-08-15,3.033,1.0186,0.786603018655276,SP95,0.7973960191854065,0.7996765047636941,0.8059979443334007,0.9383744625427555,2026-09-01,0.8707,proxy_eur_l
2022-08-16,2.983,1.0174,0.7745480953256897,SP95,0.7879812111438125,0.7939057344664759,0.7963379727752555,0.9239935970590035,2026-09-01,0.8707,proxy_eur_l
2022-08-17,3.014,1.0164,0.7833673414083622,SP95,0.7815061517964428,0.7900206988580541,0.7937568515075031,0.9345144762148041,2026-09-01,0.8707,proxy_eur_l
2022-08-18,3.067,1.0114,0.8010833345683619,SP95,0.7863329237674713,0.7896788618816322,0.7934256211870149,0.9556486889824408,2026-09-01,0.8707,proxy_eur_l
2022-08-19,3.028,1.0039,0.7968054333504069,SP95,0.793752036442377,0.7884814446616193,0.7925703231727199,0.9505453863494658,2026-09-01,0.8707,proxy_eur_l
2022-08-20,3.028,1.0039,0.7968054333504069,SP95,0.7982314004230586,0.7905219276006454,0.791715025158425,0.9505453863494658,2026-09-01,0.8707,proxy_eur_l
2022-08-21,3.028,1.0039,0.7968054333504069,SP95,0.7968054333504069,0.794973395205589,0.7908597271441301,0.9505453863494658,2026-09-01,0.8707,proxy_eur_l
2022-08-22,2.92,0.9936,0.7763510395388419,SP95,0.7899873020798852,0.7935701348316849,0.7893951586989252,0.9261444110870295,2026-09-01,0.8707,proxy_eur_l
2022-08-23,2.958,0.9976,0.7833008529224168,SP95,0.7854857752705553,0.790013638502496,0.7906455526413148,0.9344351590805133,2026-09-01,0.8707,proxy_eur_l
2022-08-24,2.847,0.9967,0.7545879733757886,SP95,0.7714132886123491,0.7815701465075722,0.7865342143509472,0.900182261146454,2026-09-01,0.8707,proxy_eur_l
2022-08-25,2.842,0.9959,0.7538678309085831,SP95,0.7639188857355963,0.7729826260192075,0.7797891423995501,0.8993231704938738,2026-09-01,0.8707,proxy_eur_l
2022-08-26,2.874,0.9998,0.7593823549483082,SP95,0.75594605307756,0.7654980103387877,0.7744429883421076,0.9059016966490395,2026-09-01,0.8707,proxy_eur_l
2022-08-27,2.874,0.9998,0.7593823549483082,SP95,0.7575441802683999,0.7621042734206809,0.7690968342846648,0.9059016966490395,2026-09-01,0.8707,proxy_eur_l
2022-08-28,2.874,0.9998,0.7593823549483082,SP95,0.7593823549483082,0.7573205738258594,0.7637506802272221,0.9059016966490395,2026-09-01,0.8707,proxy_eur_l
2022-08-29,2.912,1.0,0.7692690164669281,SP95,0.7626779087878482,0.7602567824440871,0.7627389626455202,0.9176959441523572,2026-09-01,0.8707,proxy_eur_l
2022-08-30,2.719,1.0018,0.7169932225611954,SP95,0.748548197992144,0.7528818607746096,0.7532664440224887,0.855333775629094,2026-09-01,0.8707,proxy_eur_l
2022-08-31,2.598,1.0065,0.6818867282925679,SP95,0.7227163224402305,0.7373827354434616,0.7428805518677428,0.8134536443433017,2026-09-01,0.8707,proxy_eur_l
2022-09-01,2.552,0.995,0.6775548518773817,SP95,0.692144934243715,0.7210172348292763,0.7319786977204282,0.8082859522464023,2026-09-01,0.8707,proxy_eur_l
2022-09-02,2.624,1.003,0.6911141230187253,SP95,0.6835185677295584,0.7073635884433598,0.7222260931590593,0.8244614225509549,2026-09-01,0.8707,proxy_eur_l
2022-09-03,2.624,1.003,0.6911141230187253,SP95,0.6865943659716108,0.6917326097537192,0.7124734885976903,0.8244614225509549,2026-09-01,0.8707,proxy_eur_l
2022-09-04,2.624,1.003,0.6911141230187253,SP95,0.6911141230187253,0.6865567898452251,0.7027208840363214,0.8244614225509549,2026-09-01,0.8707,proxy_eur_l
2022-09-05,2.624,1.003,0.6911141230187253,SP95,0.6911141230187253,0.6884022687904566,0.6915558992580066,0.8244614225509549,2026-09-01,0.8707,proxy_eur_l
2022-09-06,2.594,0.9914,0.6912066812760107,SP95,0.691144975771154,0.6911326346701825,0.6878721076458374,0.82457183949937,2026-09-01,0.8707,proxy_eur_l
2022-09-07,2.566,0.9942,0.6818200425980777,SP95,0.6880469489642712,0.689273818586053,0.6878625811180531,0.8133740919499819,2026-09-01,0.8707,proxy_eur_l
2022-09-08,2.583,0.9956,0.6853720482534125,SP95,0.6861329240425004,0.6881254036329902,0.688979323457486,0.817611440801594,2026-09-01,0.8707,proxy_eur_l
2022-09-09,2.672,1.0046,0.7026356001403271,SP95,0.6899425636639392,0.6904296990573107,0.690625248760572,0.83820591582809,2026-09-01,0.8707,proxy_eur_l
2022-09-10,2.672,1.0046,0.7026356001403271,SP95,0.6968810828446891,0.6927339944816311,0.6922711740636579,0.83820591582809,2026-09-01,0.8707,proxy_eur_l
2022-09-11,2.672,1.0046,0.7026356001403271,SP95,0.7026356001403271,0.6950197782544942,0.693917099366744,0.83820591582809,2026-09-01,0.8707,proxy_eur_l
2022-09-12,2.717,1.0129,0.7086143412549012,SP95,0.7046285138451852,0.700378637985859,0.6964171305433405,0.845338227613089,2026-09-01,0.8707,proxy_eur_l
2022-09-13,2.728,0.9997,0.7208776221196648,SP95,0.7107091878382977,0.7074797527591095,0.7006558363781482,0.859967652262585,2026-09-01,0.8707,proxy_eur_l
2022-09-14,2.778,0.9993,0.7343840302721268,SP95,0.721291997882231,0.7138294387854695,0.708164977474441,0.8760800599070615,2026-09-01,0.8707,proxy_eur_l
2022-09-15,2.673,0.9991,0.7067679871417583,SP95,0.7206765465111834,0.7146559161857556,0.7112215401727761,0.8431356279440132,2026-09-01,0.8707,proxy_eur_l
2022-09-16,2.621,1.0013,0.6914960044249545,SP95,0.7108826739462799,0.7124279970426811,0.7096301693562943,0.824916986222625,2026-09-01,0.8707,proxy_eur_l
2022-09-17,2.621,1.0013,0.6914960044249545,SP95,0.6965866653305558,0.7090043296766918,0.7080387985398124,0.824916986222625,2026-09-01,0.8707,proxy_eur_l
2022-09-18,2.621,1.0013,0.6914960044249545,SP95,0.6914960044249545,0.7031280061377497,0.7064474277233306,0.824916986222625,2026-09-01,0.8707,proxy_eur_l
2022-09-19,2.666,1.0003,0.70407147014578,SP95,0.6956878263318963,0.6970654941124803,0.7057984461363134,0.8399188303640036,2026-09-01,0.8707,proxy_eur_l
2022-09-20,2.596,0.9994,0.6862023693433594,SP95,0.693923281304698,0.6929523705528006,0.7008448385968411,0.8186019685367265,2026-09-01,0.8707,proxy_eur_l
2022-09-21,2.593,0.988,0.6933179471302418,SP95,0.6945305955397938,0.693316759093858,0.6949782552908577,0.8270904644146871,2026-09-01,0.8707,proxy_eur_l
2022-09-22,2.653,0.9841,0.7121719895398514,SP95,0.697230768671151,0.6974519561168374,0.6957502556334424,0.8495823078138152,2026-09-01,0.8707,proxy_eur_l
2022-09-23,2.538,0.9719,0.6898535537452214,SP95,0.6984478301384383,0.6971234659808908,0.6955156198220518,0.822957632219023,2026-09-01,0.8707,proxy_eur_l
2022-09-24,2.538,0.9719,0.6898535537452214,SP95,0.6972930323434315,0.694279882700779,0.6952809840106614,0.822957632219023,2026-09-01,0.8707,proxy_eur_l
2022-09-25,2.538,0.9719,0.6898535537452214,SP95,0.6898535537452214,0.6950101195811514,0.6950463481992709,0.822957632219023,2026-09-01,0.8707,proxy_eur_l
2022-09-26,2.418,0.9623,0.6637930194346907,SP95,0.6811667089750445,0.6891051340420413,0.6892922838119725,0.7918688373666627,2026-09-01,0.8707,proxy_eur_l
2022-09-27,2.716,0.9616,0.7461431928085807,SP95,0.6999299219961643,0.6958993746957871,0.6978552585927184,0.8901080989094563,2026-09-01,0.8707,proxy_eur_l
2022-09-28,2.781,0.9681,0.7588704447970364,SP95,0.7229355523467693,0.7097027529061501,0.7072199011165461,0.9052910157824812,2026-09-01,0.8707,proxy_eur_l
2022-09-29,2.73,0.9774,0.7378654623877073,SP95,0.7476263666644415,0.7193051346346472,0.7108903972376684,0.8802332183781818,2026-09-01,0.8707,proxy_eur_l
2022-09-30,2.692,0.9783,0.7269254471513192,SP95,0.7412204514453543,0.7267195133158669,0.7161863820099682,0.8671823773895405,2026-09-01,0.8707,proxy_eur_l
2022-10-01,2.692,0.9783,0.7269254471513192,SP95,0.7305721188967821,0.7393459988591926,0.7214823667822678,0.8671823773895405,2026-09-01,0.8707,proxy_eur_l
2022-10-02,2.692,0.9783,0.7269254471513192,SP95,0.7269254471513192,0.7355024497277403,0.7267783515545675,0.8671823773895405,2026-09-01,0.8707,proxy_eur_l
2022-10-03,2.838,0.9809,0.764318773159777,SP95,0.7393898891541385,0.7365921154002883,0.7411391735152942,0.9117905741084629,2026-09-01,0.8707,proxy_eur_l
2022-10-04,2.976,0.9977,0.7879884011404729,SP95,0.759744207150523,0.7466167031508416,0.74711706041985,0.9400271482229924,2026-09-01,0.8707,proxy_eur_l
2022-10-05,2.982,0.9866,0.7984604298925588,SP95,0.783589201397603,0.7609236996990895,0.7527727725763534,0.9525197068820856,2026-09-01,0.8707,proxy_eur_l
2022-10-06,3.018,0.9806,0.8130443137027248,SP95,0.7998310482452523,0.7781474730093706,0.7635126084784988,0.9699174841694724,2026-09-01,0.8707,proxy_eur_l
2022-10-07,3.077,0.9785,0.830717838636712,SP95,0.8140741940773321,0.7989059513064491,0.778340092976412,0.9910010346617114,2026-09-01,0.8707,proxy_eur_l
2022-10-08,3.077,0.9785,0.830717838636712,SP95,0.8248266636587164,0.8121857644018361,0.7931675774743253,0.9910010346617114,2026-09-01,0.8707,proxy_eur_l
2022-10-09,3.077,0.9785,0.830717838636712,SP95,0.830717838636712,0.8207316519010839,0.8079950619722386,0.9910010346617114,2026-09-01,0.8707,proxy_eur_l
2022-10-10,3.077,0.9785,0.830717838636712,SP95,0.830717838636712,0.8271831336499146,0.8174806427546578,0.9910010346617114,2026-09-01,0.8707,proxy_eur_l
2022-10-11,2.882,0.9757,0.7803052730308331,SP95,0.8139136501014191,0.8206353255155362,0.8163830530247093,0.9308615957911501,2026-09-01,0.8707,proxy_eur_l
2022-10-12,2.915,0.9692,0.7945331537598046,SP95,0.8018520884757834,0.8133983885401547,0.8158220135771729,0.9478346808359993,2026-09-01,0.8707,proxy_eur_l
2022-10-13,2.942,0.978,0.7946770736581521,SP95,0.7898385001495968,0.8061902355444428,0.813198122142234,0.9480063694184966,2026-09-01,0.8707,proxy_eur_l
2022-10-14,2.983,0.9739,0.809143887652076,SP95,0.799451371690011,0.8018754453475155,0.8101161291444289,0.9652644888056581,2026-09-01,0.8707,proxy_eur_l
2022-10-15,2.983,0.9739,0.809143887652076,SP95,0.8043216163207682,0.7975606551505884,0.8070341361466237,0.9652644888056581,2026-09-01,0.8707,proxy_eur_l
2022-10-16,2.983,0.9739,0.809143887652076,SP95,0.809143887652076,0.803328378074837,0.8039521431488186,0.9652644888056581,2026-09-01,0.8707,proxy_eur_l
2022-10-17,2.868,0.9843,0.7697302104675097,SP95,0.7960059952572207,0.798367789416378,0.7952396248389324,0.9182461234196113,2026-09-01,0.8707,proxy_eur_l
2022-10-18,2.87,0.9842,0.7703452451411156,SP95,0.7830731144202338,0.7935014237129707,0.7938167637118301,0.9189798262120017,2026-09-01,0.8707,proxy_eur_l
2022-10-19,2.955,0.978,0.7981885631066755,SP95,0.779421339571767,0.7913103588038906,0.7943389650470973,0.9521953846470623,2026-09-01,0.8707,proxy_eur_l
2022-10-20,2.956,0.9823,0.7949634396525367,SP95,0.787832415966776,0.7884742692039827,0.7943798744748666,0.9483479884177861,2026-09-01,0.8707,proxy_eur_l
2022-10-21,2.949,0.9855,0.7905057152756769,SP95,0.7945525726782964,0.7847466347287029,0.7917172784210952,0.9430301665723393,2026-09-01,0.8707,proxy_eur_l
2022-10-22,2.949,0.9855,0.7905057152756769,SP95,0.7919916234012968,0.7889017356903363,0.7890546823673239,0.9430301665723393,2026-09-01,0.8707,proxy_eur_l
2022-10-23,2.949,0.9855,0.7905057152756769,SP95,0.7905057152756769,0.7929338297172486,0.7863920863135526,0.9430301665723393,2026-09-01,0.8707,proxy_eur_l
2022-10-24,3.049,0.9874,0.8157388977516654,SP95,0.7989167761010064,0.7964438966462466,0.7929647559255749,0.9731319758491809,2026-09-01,0.8707,proxy_eur_l
2022-10-25,3.198,0.9959,0.8483002544847461,SP95,0.8181816225040296,0.8071112596126884,0.8041011858318078,1.011975896987828,2026-09-01,0.8707,proxy_eur_l
2022-10-26,3.226,1.0068,0.8464630918825853,SP95,0.836834081372999,0.8183027349340701,0.8109975470855091,1.0097842622896123,2026-09-01,0.8707,proxy_eur_l
2022-10-27,3.293,0.9985,0.8712254065251706,SP95,0.8553295842975007,0.8344466731839688,0.8218921137815997,1.039324351944714,2026-09-01,0.8707,proxy_eur_l
2022-10-28,3.152,0.9934,0.8382024451710126,SP95,0.8519636478595896,0.8439860191630361,0.8287059323380763,0.9999297616909759,2026-09-01,0.8707,proxy_eur_l
2022-10-29,3.152,0.9934,0.8382024451710126,SP95,0.849210098955732,0.8484787286469053,0.8355197508945527,0.9999297616909759,2026-09-01,0.8707,proxy_eur_l
2022-10-30,3.152,0.9934,0.8382024451710126,SP95,0.8382024451710126,0.8464591667841587,0.8423335694510293,0.9999297616909759,2026-09-01,0.8707,proxy_eur_l
2022-10-31,3.127,0.9885,0.8356762850014466,SP95,0.8373603917811575,0.844301805407931,0.8451817676295695,0.9969161905055184,2026-09-01,0.8707,proxy_eur_l
2022-11-01,3.095,0.9871,0.8282975403185792,SP95,0.8340587568303461,0.8357162321666127,0.8423242370344027,0.9881137508862772,2026-09-01,0.8707,proxy_eur_l
2022-11-02,2.992,0.9875,0.8004078791448912,SP95,0.8214605681549725,0.8281573189613886,0.8357449209290179,0.9548429075336808,2026-09-01,0.8707,proxy_eur_l
2022-11-03,3.186,0.9759,0.8624368878092641,SP95,0.8303807690909116,0.8330042074890388,0.834489418255317,1.0288401288601343,2026-09-01,0.8707,proxy_eur_l
2022-11-04,3.232,0.9895,0.8628641467625423,SP95,0.8419029712388992,0.8379365478073447,0.8380125184826783,1.029349825468386,2026-09-01,0.8707,proxy_eur_l
2022-11-05,3.232,0.9895,0.8628641467625423,SP95,0.8627217271114497,0.8433741201595637,0.8415356187100398,1.029349825468386,2026-09-01,0.8707,proxy_eur_l
2022-11-06,3.232,0.9895,0.8628641467625423,SP95,0.8628641467625423,0.8502874414483564,0.8450587189374011,1.029349825468386,2026-09-01,0.8707,proxy_eur_l
2022-11-07,3.159,0.9997,0.8347699443827057,SP95,0.8534994126359301,0.8571598544959194,0.8449292417061525,0.9958349756222529,2026-09-01,0.8707,proxy_eur_l
2022-11-08,3.131,1.0089,0.8198262423762144,SP95,0.8391534445071542,0.8486377254093094,0.8437190562858146,0.9780079548682354,2026-09-01,0.8707,proxy_eur_l
2022-11-09,3.022,1.0037,0.7953850176609788,SP95,0.8166604014732997,0.8351418995889967,0.8430015046452557,0.9488509079689569,2026-09-01,0.8707,proxy_eur_l
2022-11-10,3.04,1.0176,0.7891932381768585,SP95,0.8014681660713506,0.8204077178718598,0.8325381261263407,0.941464453038327,2026-09-01,0.8707,proxy_eur_l
2022-11-11,3.04,1.0176,0.7891932381768585,SP95,0.7912571646715653,0.8056735361547231,0.8220137106141,0.941464453038327,2026-09-01,0.8707,proxy_eur_l
2022-11-12,3.04,1.0176,0.7891932381768585,SP95,0.7891932381768585,0.7965581949135536,0.8114892951018595,0.941464453038327,2026-09-01,0.8707,proxy_eur_l
2022-11-13,3.04,1.0176,0.7891932381768585,SP95,0.7891932381768585,0.7904315940736826,0.800964879589619,0.941464453038327,2026-09-01,0.8707,proxy_eur_l
2022-11-14,2.928,1.0337,0.7482787746006176,SP95,0.775555083651445,0.7810103454616103,0.7886089981921778,0.8926557314112293,2026-09-01,0.8707,proxy_eur_l
2022-11-15,2.93,1.0372,0.7462631251536589,SP95,0.7612450459770451,0.7724243228569704,0.7780999814460985,0.8902511716503247,2026-09-01,0.8707,proxy_eur_l
2022-11-16,2.776,1.0395,0.705475341362405,SP95,0.7333390803722272,0.7556807434940798,0.7652557419748736,0.8415935720915803,2026-09-01,0.8707,proxy_eur_l
2022-11-17,2.732,1.0341,0.697919008840984,SP95,0.7165524917856828,0.7374258976269048,0.752216566355463,0.8325792798750256,2026-09-01,0.8707,proxy_eur_l
2022-11-18,2.692,1.0349,0.6871689679661181,SP95,0.6968544393898358,0.7170210435847567,0.7376416706110716,0.8197550679294499,2026-09-01,0.8707,proxy_eur_l
2022-11-19,2.692,1.0349,0.6871689679661181,SP95,0.6907523149244068,0.7047990822578568,0.7230667748666801,0.8197550679294499,2026-09-01,0.8707,proxy_eur_l
2022-11-20,2.692,1.0349,0.6871689679661181,SP95,0.6871689679661181,0.6929802508203486,0.7084918791222885,0.8197550679294499,2026-09-01,0.8707,proxy_eur_l
2022-11-21,2.712,1.0238,0.6997798456683908,SP95,0.6913725938668757,0.6918411516815459,0.701563460703399,0.8347991566316425,2026-09-01,0.8707,proxy_eur_l
2022-11-22,2.729,1.0276,0.7015624084131832,SP95,0.6961704073492307,0.6925698315959857,0.6951776440261882,0.836925656680489,2026-09-01,0.8707,proxy_eur_l
2022-11-23,2.653,1.0364,0.6762335535567038,SP95,0.6925252692127594,0.6903827487141029,0.6910002457682308,0.8067097154762405,2026-09-01,0.8707,proxy_eur_l
2022-11-24,2.653,1.0364,0.6762335535567038,SP95,0.6846765051755304,0.6881956658322199,0.6879023235847622,0.8067097154762405,2026-09-01,0.8707,proxy_eur_l
2022-11-25,2.553,1.0402,0.6483669002791318,SP95,0.6669446691308466,0.6804352522948227,0.68235917105805,0.7734663192877664,2026-09-01,0.8707,proxy_eur_l
2022-11-26,2.553,1.0402,0.6483669002791318,SP95,0.6576557847049892,0.6701526632169709,0.6768160185313375,0.7734663192877664,2026-09-01,0.8707,proxy_eur_l
2022-11-27,2.553,1.0402,0.6483669002791318,SP95,0.6483669002791318,0.6595135615901606,0.6712728660046253,0.7734663192877664,2026-09-01,0.8707,proxy_eur_l
2022-11-28,2.506,1.0386,0.6374110949446562,SP95,0.6447149651676399,0.651749069867751,0.6623630444726631,0.7603966415740491,2026-09-01,0.8707,proxy_eur_l
2022-11-29,2.53,1.0356,0.6453797725628769,SP95,0.6437192559288883,0.6455783136689858,0.6543369536369051,0.7699028389821871,2026-09-01,0.8707,proxy_eur_l
2022-11-30,2.441,1.0323,0.6246672283311443,SP95,0.6358193652795592,0.6408383792793882,0.6469703357475395,0.7451939043602837,2026-09-01,0.8707,proxy_eur_l
2022-12-01,2.575,1.0498,0.6479739329607851,SP95,0.6393403112849355,0.6407597858157189,0.6429332470909798,0.7729975307280926,2026-09-01,0.8707,proxy_eur_l
2022-12-02,2.531,1.0521,0.6355094235514435,SP95,0.636050194947791,0.6381882904701811,0.6410964647013099,0.7581280514094837,2026-09-01,0.8707,proxy_eur_l
2022-12-03,2.531,1.0521,0.6355094235514435,SP95,0.639664260021224,0.6378079561915386,0.6392596823116402,0.7581280514094837,2026-09-01,0.8707,proxy_eur_l
2022-12-04,2.531,1.0521,0.6355094235514435,SP95,0.6355094235514435,0.635833886389252,0.6374228999219704,0.7581280514094837,2026-09-01,0.8707,proxy_eur_l
2022-12-05,2.453,1.0494,0.6175090951348752,SP95,0.6295093140792541,0.6344022597499981,0.6345797570920018,0.7366546422019189,2026-09-01,0.8707,proxy_eur_l
2022-12-06,2.389,1.0497,0.6012260961070939,SP95,0.6180815382644709,0.6250526923792599,0.6282720890268898,0.717229913210414,2026-09-01,0.8707,proxy_eur_l
2022-12-07,2.328,1.0505,0.5854284035123937,SP95,0.601387864918121,0.6150364883714499,0.6226665426242112,0.6983841283018971,2026-09-01,0.8707,proxy_eur_l
2022-12-08,2.159,1.0552,0.5405112405622086,SP95,0.5757219133938988,0.596036851773603,0.6073147294244146,0.6448004048191412,2026-09-01,0.8707,proxy_eur_l
2022-12-09,2.162,1.055,0.5413649072969828,SP95,0.5557681837905285,0.5772079485227108,0.5938655128166345,0.6458187826341715,2026-09-01,0.8707,proxy_eur_l
2022-12-10,2.162,1.055,0.5413649072969828,SP95,0.5410803517187248,0.5619791109551324,0.5804162962088544,0.6458187826341715,2026-09-01,0.8707,proxy_eur_l
2022-12-11,2.162,1.055,0.5413649072969828,SP95,0.5413649072969828,0.5500068731931101,0.5669670796010743,0.6458187826341715,2026-09-01,0.8707,proxy_eur_l
2022-12-12,2.186,1.0545,0.5476340506921882,SP95,0.5434546217620514,0.542448002629069,0.5569849303949761,0.6532975284876213,2026-09-01,0.8707,proxy_eur_l
2022-12-13,2.262,1.063,0.5621422224215727,SP95,0.5503803934702479,0.5467741990009418,0.5514015198684731,0.670604985395571,2026-09-01,0.8707,proxy_eur_l
2022-12-14,2.35,1.0655,0.5826413167917868,SP95,0.5641391966351826,0.5550294808999027,0.5510033646226721,0.6950592859843827,2026-09-01,0.8707,proxy_eur_l
2022-12-15,2.277,1.0638,0.56544440986981,SP95,0.5700759830277232,0.559845381414468,0.5545652459523295,0.6745443147630737,2026-09-01,0.8707,proxy_eur_l
2022-12-16,2.237,1.061,0.5569772677899887,SP95,0.5683543314838619,0.5629678535130693,0.5567955831656161,0.6644434764621882,2026-09-01,0.8707,proxy_eur_l
2022-12-17,2.237,1.061,0.5569772677899887,SP95,0.5597996484832626,0.5648364969326294,0.5590259203789025,0.6644434764621882,2026-09-01,0.8707,proxy_eur_l
2022-12-18,2.237,1.061,0.5569772677899887,SP95,0.5569772677899887,0.5638035060063126,0.5612562575921891,0.6644434764621882,2026-09-01,0.8707,proxy_eur_l
2022-12-19,2.275,1.0624,0.565692224317383,SP95,0.5598822532991202,0.5604136875114318,0.5638359966815026,0.6748399438714506,2026-09-01,0.8707,proxy_eur_l
2022-12-20,2.315,1.0635,0.5750430664871778,SP95,0.5659041861981833,0.5623334188349054,0.5656789744051605,0.6859949881406727,2026-09-01,0.8707,proxy_eur_l
2022-12-21,2.357,1.0599,0.5874644092915896,SP95,0.5760665666987169,0.5684308471352255,0.5663679876194181,0.7008129720559587,2026-09-01,0.8707,proxy_eur_l
2022-12-22,2.363,1.0588,0.5895717413319841,SP95,0.5840264057035839,0.5749497418436247,0.5698147492568715,0.7033269041461061,2026-09-01,0.8707,proxy_eur_l
2022-12-23,2.464,1.0621,0.6128612531875319,SP95,0.5966324679370353,0.5861265389231333,0.5777981757422348,0.7311100204729332,2026-09-01,0.8707,proxy_eur_l
2022-12-24,2.464,1.0621,0.6128612531875319,SP95,0.605098082569016,0.595560344697163,0.5857816022275982,0.7311100204729332,2026-09-01,0.8707,proxy_eur_l
2022-12-25,2.464,1.0621,0.6128612531875319,SP95,0.6128612531875319,0.6031239820372338,0.5937650287129614,0.7311100204729332,2026-09-01,0.8707,proxy_eur_l
2022-12-26,2.464,1.0621,0.6128612531875319,SP95,0.6128612531875319,0.6082033508164224,0.600503461408697,0.7311100204729332,2026-09-01,0.8707,proxy_eur_l
2022-12-27,2.468,1.0654,0.6119547824478226,SP95,0.6125590962742956,0.6126799590395902,0.6057765636887892,0.7300286503624553,2026-09-01,0.8707,proxy_eur_l
2022-12-28,2.448,1.0622,0.6088243119683179,SP95,0.6112134492012241,0.6118725707957473,0.6088279783568932,0.7262941699650459,2026-09-01,0.8707,proxy_eur_l
2022-12-29,2.474,1.0668,0.6126374742538988,SP95,0.6111388562233465,0.6118278150090207,0.6121230830600239,0.7308430644206473,2026-09-01,0.8707,proxy_eur_l
2022-12-30,2.617,1.0698,0.6462313152189889,SP95,0.6225643671470685,0.6185018274153121,0.6168902347788034,0.7709186828873217,2026-09-01,0.8707,proxy_eur_l
2022-12-31,2.617,1.0698,0.6462313152189889,SP95,0.6350333682306256,0.6251758398216035,0.6216573864975831,0.7709186828873217,2026-09-01,0.8707,proxy_eur_l
2023-01-01,2.617,1.0698,0.6462313152189889,SP95,0.6462313152189889,0.6320311463758367,0.6264245382163626,0.7709186828873217,2026-09-01,0.8707,proxy_eur_l
2023-01-02,2.617,1.0698,0.6462313152189889,SP95,0.6462313152189889,0.6395125470259708,0.6311916899351422,0.7709186828873217,2026-09-01,0.8707,proxy_eur_l
2023-01-03,2.483,1.0559,0.6212133781658136,SP95,0.6378920028679306,0.6412277278083539,0.6325143464662837,0.741073649650181,2026-09-01,0.8707,proxy_eur_l
2023-01-04,2.393,1.062,0.5952577413305548,SP95,0.6209008115717859,0.631033013030667,0.6305762649466032,0.7101099917597263,2026-09-01,0.8707,proxy_eur_l
2023-01-05,2.392,1.0522,0.6005507976056748,SP95,0.6056739723673478,0.6218969095080042,0.6288495968539999,0.7164243189610956,2026-09-01,0.8707,proxy_eur_l
2023-01-06,2.382,1.0619,0.5925772942057723,SP95,0.596128611047334,0.6111661053053609,0.6211847367092547,0.7069123646588388,2026-09-01,0.8707,proxy_eur_l
2023-01-07,2.382,1.0619,0.5925772942057723,SP95,0.5952351286724066,0.6004353011027176,0.6135198765645093,0.7069123646588388,2026-09-01,0.8707,proxy_eur_l
2023-01-08,2.382,1.0619,0.5925772942057723,SP95,0.5925772942057723,0.5947080843107093,0.6058550164197641,0.7069123646588388,2026-09-01,0.8707,proxy_eur_l
2023-01-09,2.413,1.0759,0.5924780763455824,SP95,0.5925442215857091,0.5941521513137148,0.5981759822949918,0.7067940031676898,2026-09-01,0.8707,proxy_eur_l
2023-01-10,2.422,1.0737,0.5959064085046433,SP95,0.5936539263519994,0.5932232734935086,0.5945607009148246,0.7108838162892775,2026-09-01,0.8707,proxy_eur_l
2023-01-11,2.547,1.074,0.6264862358996314,SP95,0.6049569069166191,0.6000050618322803,0.5990219144246927,0.7473638810943652,2026-09-01,0.8707,proxy_eur_l
2023-01-12,2.558,1.0823,0.624366728201186,SP95,0.6155864575351536,0.6063629486313631,0.6024241902240515,0.7448354241088022,2026-09-01,0.8707,proxy_eur_l
2023-01-13,2.636,1.0811,0.6441194431746178,SP95,0.6316574690918118,0.6166713784251321,0.6097873543624578,0.7683993348202578,2026-09-01,0.8707,proxy_eur_l
2023-01-14,2.636,1.0811,0.6441194431746178,SP95,0.6375352048501406,0.6269996517909393,0.6171505185008643,0.7683993348202578,2026-09-01,0.8707,proxy_eur_l
2023-01-15,2.636,1.0811,0.6441194431746178,SP95,0.6441194431746178,0.6366422587249342,0.6245136826392709,0.7683993348202578,2026-09-01,0.8707,proxy_eur_l
2023-01-16,2.636,1.0811,0.6441194431746178,SP95,0.6441194431746178,0.6401689001799313,0.6318910207577045,0.7683993348202578,2026-09-01,0.8707,proxy_eur_l
2023-01-17,2.667,1.0793,0.6527813060679902,SP95,0.647006730805742,0.6458518157532922,0.640016006123897,0.7787324644223823,2026-09-01,0.8707,proxy_eur_l
2023-01-18,2.63,1.0827,0.6417036092194794,SP95,0.646201452820696,0.6453686489622645,0.642189916598161,0.7655173767861774,2026-09-01,0.8707,proxy_eur_l
2023-01-19,2.701,1.081,0.6600635646802581,SP95,0.6515161599892426,0.6485574732633926,0.6472894646665999,0.7874198014263342,2026-09-01,0.8707,proxy_eur_l
2023-01-20,2.732,1.0831,0.6663447946103421,SP95,0.6560373228366932,0.6530025435505376,0.6504645148717033,0.7949129658561203,2026-09-01,0.8707,proxy_eur_l
2023-01-21,2.732,1.0831,0.6663447946103421,SP95,0.6642510513003141,0.6574476138376824,0.6536395650768068,0.7949129658561203,2026-09-01,0.8707,proxy_eur_l
2023-01-22,2.732,1.0831,0.6663447946103421,SP95,0.6663447946103421,0.6601603115461528,0.6568146152819103,0.7949129658561203,2026-09-01,0.8707,proxy_eur_l
2023-01-23,2.779,1.0865,0.675687191443437,SP95,0.6694589268880405,0.6669570279909444,0.6613242936060273,0.8060579352996695,2026-09-01,0.8707,proxy_eur_l
2023-01-24,2.749,1.0873,0.6679011973995679,SP95,0.6699777278177824,0.6685245545348063,0.663484278081967,0.7967696694234884,2026-09-01,0.8707,proxy_eur_l
2023-01-25,2.684,1.0901,0.6504337111542705,SP95,0.6646740333324253,0.6653423378435919,0.6647314355012227,0.7759319118397139,2026-09-01,0.8707,proxy_eur_l
2023-01-26,2.727,1.0866,0.6629828702196491,SP95,0.6604392595911626,0.6646699529654533,0.6651484791497072,0.7909023735771595,2026-09-01,0.8707,proxy_eur_l
2023-01-27,2.692,1.0857,0.6550162705610533,SP95,0.6561442839783244,0.6624042481555955,0.6635301185712373,0.7813986550614234,2026-09-01,0.8707,proxy_eur_l
2023-01-28,2.692,1.0857,0.6550162705610533,SP95,0.6576718037805853,0.6582700639791188,0.6619117579927675,0.7813986550614234,2026-09-01,0.8707,proxy_eur_l
2023-01-29,2.692,1.0857,0.6550162705610533,SP95,0.6550162705610533,0.6556930786114158,0.6602933974142978,0.7813986550614234,2026-09-01,0.8707,proxy_eur_l
2023-01-30,2.605,1.0867,0.6332641910306218,SP95,0.6477655773842429,0.6522591745866861,0.6542329687838956,0.7554496115738327,2026-09-01,0.8707,proxy_eur_l
2023-01-31,2.662,1.0858,0.647657030187319,SP95,0.6453124972596648,0.6491940065802202,0.6513409448964315,0.7726194830182861,2026-09-01,0.8707,proxy_eur_l
2023-02-01,2.56,1.0917,0.619474630426729,SP95,0.6334652838815567,0.6420856785533553,0.6469182190782112,0.7389994185113912,2026-09-01,0.8707,proxy_eur_l
2023-02-02,2.554,1.0918,0.6179661309055788,SP95,0.6283659305065424,0.6346756506222604,0.6404872563190585,0.7371998609279162,2026-09-01,0.8707,proxy_eur_l
2023-02-03,2.457,1.0825,0.5996034481699497,SP95,0.612348069834086,0.6235930861440397,0.632571138834615,0.715294182797738,2026-09-01,0.8707,proxy_eur_l
2023-02-04,2.457,1.0825,0.5996034481699497,SP95,0.6057243424151596,0.6168609375719052,0.6246550213501717,0.715294182797738,2026-09-01,0.8707,proxy_eur_l
2023-02-05,2.457,1.0825,0.5996034481699497,SP95,0.5996034481699497,0.6072502211684314,0.6167389038657282,0.715294182797738,2026-09-01,0.8707,proxy_eur_l
2023-02-06,2.519,1.0722,0.6206392463068233,SP95,0.606615380882241,0.6074831443444503,0.614935340333757,0.7403887416828436,2026-09-01,0.8707,proxy_eur_l
2023-02-07,2.601,1.0705,0.6418603532774816,SP95,0.620701015918085,0.6122619888188308,0.6141072436323517,0.7657043638911034,2026-09-01,0.8707,proxy_eur_l
2023-02-08,2.601,1.0734,0.6401262420193257,SP95,0.634208613867877,0.620366547588706,0.6170574738598654,0.7636356638209674,2026-09-01,0.8707,proxy_eur_l
2023-02-09,2.579,1.0761,0.6331193411687248,SP95,0.6383686454885108,0.627069726188461,0.619222218183172,0.7552768135955852,2026-09-01,0.8707,proxy_eur_l
2023-02-10,2.631,1.067,0.651393317482932,SP95,0.641546300223661,0.6374277000510575,0.6266207709421696,0.7770766698072713,2026-09-01,0.8707,proxy_eur_l
2023-02-11,2.631,1.067,0.651393317482932,SP95,0.645301992044863,0.6435785142862792,0.634019323701167,0.7770766698072713,2026-09-01,0.8707,proxy_eur_l
2023-02-12,2.631,1.067,0.651393317482932,SP95,0.651393317482932,0.6454851071273693,0.6414178764601646,0.7770766698072713,2026-09-01,0.8707,proxy_eur_l
2023-02-13,2.644,1.0718,0.6516802635145964,SP95,0.6514889661601536,0.6477959114264235,0.6458523074898463,0.7774189807593729,2026-09-01,0.8707,proxy_eur_l
2023-02-14,2.614,1.0722,0.644045649005969,SP95,0.6490397433344993,0.6499811729938723,0.646164492593916,0.7683113024053009,2026-09-01,0.8707,proxy_eur_l
2023-02-15,2.623,1.0683,0.648622384475731,SP95,0.6481160989987655,0.6494269863924321,0.6473782272305453,0.7737710979880589,2026-09-01,0.8707,proxy_eur_l
2023-02-16,2.511,1.0684,0.6208686105122714,SP95,0.6378455479979904,0.6433220449982999,0.6456281228510521,0.7406623606595185,2026-09-01,0.8707,proxy_eur_l
2023-02-17,2.497,1.0678,0.6177539002980863,SP95,0.6290816317620296,0.6365941615613309,0.6408224918246456,0.7369466813983215,2026-09-01,0.8707,proxy_eur_l
2023-02-18,2.497,1.0678,0.6177539002980863,SP95,0.6187921370361481,0.6298088889180288,0.6360168607982389,0.7369466813983215,2026-09-01,0.8707,proxy_eur_l
2023-02-19,2.497,1.0678,0.6177539002980863,SP95,0.6177539002980863,0.6245505391764523,0.6312112297718324,0.7369466813983215,2026-09-01,0.8707,proxy_eur_l
2023-02-20,2.497,1.0678,0.6177539002980863,SP95,0.6177539002980863,0.6183768423409234,0.6263646064551881,0.7369466813983215,2026-09-01,0.8707,proxy_eur_l
2023-02-21,2.495,1.0657,0.6184754345815711,SP95,0.6179944117259146,0.6178982071547832,0.6227117186802741,0.7378074324117471,2026-09-01,0.8707,proxy_eur_l
2023-02-22,2.413,1.0623,0.6000632235152142,SP95,0.6120975194649573,0.6143600717982088,0.6157746956859146,0.7158426696866398,2026-09-01,0.8707,proxy_eur_l
2023-02-23,2.449,1.0583,0.6113175434424127,SP95,0.6099520671797327,0.6130728004270741,0.6144102575330777,0.7292684590143023,2026-09-01,0.8707,proxy_eur_l
2023-02-24,2.423,1.0545,0.6070070012933084,SP95,0.6061292560836452,0.6109234206261186,0.6128749862466807,0.7241262175322539,2026-09-01,0.8707,proxy_eur_l
2023-02-25,2.423,1.0545,0.6070070012933084,SP95,0.6084438486763433,0.608774040825163,0.6113397149602839,0.7241262175322539,2026-09-01,0.8707,proxy_eur_l
2023-02-26,2.423,1.0545,0.6070070012933084,SP95,0.6070070012933084,0.6064803541675106,0.6098044436738871,0.7241262175322539,2026-09-01,0.8707,proxy_eur_l
2023-02-27,2.444,1.0596,0.6093209663677942,SP95,0.6077783229848038,0.6083319027380265,0.6085997388267026,0.726886651552486,2026-09-01,0.8707,proxy_eur_l
2023-02-28,2.5,1.0602,0.6229297593806556,SP95,0.6130859090139196,0.610654345925675,0.6092360709408575,0.7431211987464827,2026-09-01,0.8707,proxy_eur_l
2023-03-01,2.571,1.0674,0.6362997438755852,SP95,0.6228501565413451,0.6165128944421303,0.6144127167066247,0.7590708604145532,2026-09-01,0.8707,proxy_eur_l
2023-03-02,2.593,1.0595,0.6465296194097959,SP95,0.6352530408886791,0.6244174180654278,0.6194430132733937,0.7712745435032665,2026-09-01,0.8707,proxy_eur_l
2023-03-03,2.651,1.0616,0.6596836009810204,SP95,0.6475043214221339,0.6349527380029703,0.6269682418002097,0.7869665254744221,2026-09-01,0.8707,proxy_eur_l
2023-03-04,2.651,1.0616,0.6596836009810204,SP95,0.655298940457279,0.6450252649256155,0.6344934703270256,0.7869665254744221,2026-09-01,0.8707,proxy_eur_l
2023-03-05,2.651,1.0616,0.6596836009810204,SP95,0.6596836009810204,0.6523760332456885,0.6420186988538418,0.7869665254744221,2026-09-01,0.8707,proxy_eur_l
2023-03-06,2.644,1.0694,0.65314279636707,SP95,0.6575033327763703,0.6557446437439853,0.6482789602823098,0.7791637026163232,2026-09-01,0.8707,proxy_eur_l
2023-03-07,2.543,1.0573,0.635382132929889,SP95,0.6494028434259932,0.6535151464480041,0.6500578707893431,0.7579762006464493,2026-09-01,0.8707,proxy_eur_l
2023-03-08,2.531,1.0549,0.6338226035818313,SP95,0.6407825109595968,0.6483429469681662,0.649703993604521,0.7561157672650658,2026-09-01,0.8707,proxy_eur_l
2023-03-09,2.446,1.0577,0.6109150421367411,SP95,0.6267065928828205,0.6385892351993103,0.6446161968512276,0.7287882969281866,2026-09-01,0.8707,proxy_eur_l
2023-03-10,2.505,1.0659,0.6208377813651954,SP95,0.6218584756945894,0.6308200712761454,0.6390667940489667,0.7406255831699436,2026-09-01,0.8707,proxy_eur_l
2023-03-11,2.505,1.0659,0.6208377813651954,SP95,0.6175302016223774,0.6243590682757704,0.6335173912467061,0.7406255831699436,2026-09-01,0.8707,proxy_eur_l
2023-03-12,2.505,1.0659,0.6208377813651954,SP95,0.6208377813651954,0.6214501979628316,0.6279679884444453,0.7406255831699436,2026-09-01,0.8707,proxy_eur_l
2023-03-13,2.462,1.0733,0.6059737192823642,SP95,0.6158830940042517,0.6158804211029383,0.621229548860916,0.7228935684975064,2026-09-01,0.8707,proxy_eur_l
2023-03-14,2.416,1.0722,0.595261778117223,SP95,0.607357759588261,0.6127497682990347,0.6154980696019636,0.7101148074258633,2026-09-01,0.8707,proxy_eur_l
2023-03-15,2.328,1.0535,0.5837613079162501,SP95,0.5949989351052792,0.6053344736092456,0.6083464559354521,0.6963953742583224,2026-09-01,0.8707,proxy_eur_l
2023-03-16,2.359,1.0622,0.586689767946594,SP95,0.5885709513266891,0.5985048709255254,0.6048857024797167,0.6998888672171338,2026-09-01,0.8707,proxy_eur_l
2023-03-17,2.347,1.0647,0.5823347486471065,SP95,0.5842619415033169,0.5908042643819076,0.5993852692342755,0.6946935669225759,2026-09-01,0.8707,proxy_eur_l
2023-03-18,2.347,1.0647,0.5823347486471065,SP95,0.5837864217469357,0.586076470254856,0.5938848359888341,0.6946935669225759,2026-09-01,0.8707,proxy_eur_l
2023-03-19,2.347,1.0647,0.5823347486471065,SP95,0.5823347486471065,0.5834910643608328,0.588384402743393,0.6946935669225759,2026-09-01,0.8707,proxy_eur_l
2023-03-20,2.384,1.0722,0.5873775161554056,SP95,0.584015671149873,0.5842143060086638,0.5857278022966846,0.7007093132877725,2026-09-01,0.8707,proxy_eur_l
2023-03-21,2.495,1.0769,0.6120431522273009,SP95,0.5939184723432711,0.5892849828648051,0.5881251414552672,0.7301340706854852,2026-09-01,0.8707,proxy_eur_l
2023-03-22,2.525,1.0792,0.6180823130136441,SP95,0.605834327132117,0.5964344957381127,0.5930281421834663,0.7373384598407443,2026-09-01,0.8707,proxy_eur_l
2023-03-23,2.535,1.089,0.6149459621009241,SP95,0.6150238091139565,0.6029567384288763,0.5970647413483706,0.7335969644075073,2026-09-01,0.8707,proxy_eur_l
2023-03-24,2.523,1.0762,0.6193143357179042,SP95,0.6174475369441575,0.6103526558430359,0.6023475395013417,0.7388081956738547,2026-09-01,0.8707,proxy_eur_l
2023-03-25,2.523,1.0762,0.6193143357179042,SP95,0.6178582111789109,0.6167400197555355,0.6076303376543128,0.7388081956738547,2026-09-01,0.8707,proxy_eur_l
2023-03-26,2.523,1.0762,0.6193143357179042,SP95,0.6193143357179042,0.6181942564536562,0.6129131358072838,0.7388081956738547,2026-09-01,0.8707,proxy_eur_l
2023-03-27,2.61,1.0789,0.6390666944617364,SP95,0.6258984552991816,0.6223911327432746,0.6202973041367598,0.7623716814228436,2026-09-01,0.8707,proxy_eur_l
2023-03-28,2.623,1.0844,0.6389923398519212,SP95,0.6324577900105206,0.627200408293474,0.624147188083134,0.7622829804321682,2026-09-01,0.8707,proxy_eur_l
2023-03-29,2.574,1.0826,0.6280979704137022,SP95,0.6353856682424533,0.6289571352326336,0.6255779962831424,0.7492865923890516,2026-09-01,0.8707,proxy_eur_l
2023-03-30,2.573,1.0899,0.6236486748486245,SP95,0.630246328371416,0.6298240030587777,0.6268212409613853,0.7439788256559526,2026-09-01,0.8707,proxy_eur_l
2023-03-31,2.596,1.0872,0.6307861000016127,SP95,0.62751091508798,0.6321183559155193,0.6284600644304864,0.7524933842490842,2026-09-01,0.8707,proxy_eur_l
2023-04-01,2.596,1.0872,0.6307861000016127,SP95,0.6284069582839501,0.6304622370234947,0.6300988878995878,0.7524933842490842,2026-09-01,0.8707,proxy_eur_l
2023-04-02,2.596,1.0872,0.6307861000016127,SP95,0.6307861000016127,0.628820989053433,0.6317377113686888,0.7524933842490842,2026-09-01,0.8707,proxy_eur_l
2023-04-03,2.729,1.0891,0.6619461306449242,SP95,0.6411727768827166,0.6355906210996773,0.6350062022520014,0.7896655998575618,2026-09-01,0.8707,proxy_eur_l
2023-04-04,2.814,1.0951,0.678823993549292,SP95,0.6571854080652764,0.6466256848398109,0.640696438494483,0.8097999689816868,2026-09-01,0.8707,proxy_eur_l
2023-04-05,2.885,1.0918,0.698054928607124,SP95,0.6796083509337801,0.6600794505609132,0.6506902896649719,0.8327414247365068,2026-09-01,0.8707,proxy_eur_l
2023-04-06,2.87,1.0927,0.693853564809999,SP95,0.6902441623221384,0.6726929435225905,0.660719559659454,0.8277294270685935,2026-09-01,0.8707,proxy_eur_l
2023-04-07,2.87,1.0913,0.6947436912561954,SP95,0.6955507282244394,0.685484461773507,0.6698563584101086,0.8287912993291049,2026-09-01,0.8707,proxy_eur_l
2023-04-08,2.87,1.0913,0.6947436912561954,SP95,0.6944469824407967,0.6920439738957611,0.6789931571607634,0.8287912993291049,2026-09-01,0.8707,proxy_eur_l
2023-04-09,2.87,1.0913,0.6947436912561954,SP95,0.6947436912561954,0.6952279134371417,0.6881299559114179,0.8287912993291049,2026-09-01,0.8707,proxy_eur_l
2023-04-10,2.885,1.084,0.7030778330749613,SP95,0.6975217385291175,0.6962324943307092,0.6940059134014234,0.8387334755787067,2026-09-01,0.8707,proxy_eur_l
2023-04-11,2.931,1.0906,0.7099654185418421,SP95,0.702595647624333,0.699454865077078,0.698454688400359,0.8469499890644425,2026-09-01,0.8707,proxy_eur_l
2023-04-12,2.94,1.0987,0.7068952707135308,SP95,0.7066461741101114,0.701885180968545,0.6997175944155599,0.8432874702970425,2026-09-01,0.8707,proxy_eur_l
2023-04-13,2.878,1.1054,0.6877937096858614,SP95,0.7015514663137448,0.7004951846544782,0.6988519008263975,0.8205003506979985,2026-09-01,0.8707,proxy_eur_l
2023-04-14,2.901,1.098,0.697962772214015,SP95,0.697550584204469,0.7011390008460421,0.6993117695346573,0.8326314871901173,2026-09-01,0.8707,proxy_eur_l
2023-04-15,2.901,1.098,0.697962772214015,SP95,0.6945730847046305,0.7001159886738529,0.6997716382429172,0.8326314871901173,2026-09-01,0.8707,proxy_eur_l
2023-04-16,2.901,1.098,0.697962772214015,SP95,0.697962772214015,0.6977154594082874,0.7002315069511772,0.8326314871901173,2026-09-01,0.8707,proxy_eur_l
2023-04-17,2.843,1.0915,0.6880816718774311,SP95,0.6946690721018204,0.6939527396410675,0.6980891982086729,0.8208438738733974,2026-09-01,0.8707,proxy_eur_l
2023-04-18,2.778,1.0958,0.6697115910302393,SP95,0.6852520117072286,0.6903363159099432,0.6923386514213011,0.7989293701999693,2026-09-01,0.8707,proxy_eur_l
2023-04-19,2.679,1.0953,0.6461398048639456,SP95,0.6679776892572055,0.6799717224399292,0.6836592991570747,0.770809516029079,2026-09-01,0.8707,proxy_eur_l
2023-04-20,2.623,1.097,0.6316529565500669,SP95,0.6491681174814173,0.6667097593071396,0.6756391915662469,0.7535274967918353,2026-09-01,0.8707,proxy_eur_l
2023-04-21,2.639,1.0973,0.6353322210636596,SP95,0.6377083274925575,0.6541836490770685,0.666691969973339,0.7579166585146029,2026-09-01,0.8707,proxy_eur_l
2023-04-22,2.639,1.0973,0.6353322210636596,SP95,0.6341057995591288,0.6436337589143142,0.657744748380431,0.7579166585146029,2026-09-01,0.8707,proxy_eur_l
2023-04-23,2.639,1.0973,0.6353322210636596,SP95,0.6353322210636596,0.6367578849209983,0.6487975267875231,0.7579166585146029,2026-09-01,0.8707,proxy_eur_l
2023-04-24,2.668,1.1027,0.639168437191929,SP95,0.6366109597730828,0.6353636113865949,0.6418099218324514,0.7624930549460794,2026-09-01,0.8707,proxy_eur_l
2023-04-25,2.629,1.0968,0.6332132801327245,SP95,0.6359046461294378,0.6356756761031265,0.6365958774185206,0.7553888776517412,2026-09-01,0.8707,proxy_eur_l
2023-04-26,2.593,1.1052,0.6197956313469769,SP95,0.6307257828905435,0.63256835815979,0.6328324240589538,0.7393823550866007,2026-09-01,0.8707,proxy_eur_l
2023-04-27,2.615,1.1017,0.6270399536321668,SP95,0.6266829550372894,0.6309099046734914,0.6321734236421108,0.7480244361231988,2026-09-01,0.8707,proxy_eur_l
2023-04-28,2.641,1.104,0.6319550636574909,SP95,0.626263549545545,0.6302344731922577,0.6316909725840867,0.7538878940797125,2026-09-01,0.8707,proxy_eur_l
2023-04-29,2.641,1.104,0.6319550636574909,SP95,0.6303166936490495,0.62879179848537,0.6312085215260625,0.7538878940797125,2026-09-01,0.8707,proxy_eur_l
2023-04-30,2.641,1.104,0.6319550636574909,SP95,0.6319550636574909,0.6285401551903232,0.6307260704680385,0.7538878940797125,2026-09-01,0.8707,proxy_eur_l
2023-05-01,2.632,1.097,0.633820275120006,SP95,0.6325768008116627,0.631345083944929,0.6299620473149067,0.7561129895372132,2026-09-01,0.8707,proxy_eur_l
2023-05-02,2.511,1.0997,0.6031972569530879,SP95,0.6229908652435284,0.6265765446091133,0.62567404400353,0.7195814004988903,2026-09-01,0.8707,proxy_eur_l
2023-05-03,2.386,1.1049,0.5704720037347654,SP95,0.6024965119359532,0.6142799326245683,0.6186278114874998,0.680541959800053,2026-09-01,0.8707,proxy_eur_l
2023-05-04,2.399,1.1009,0.5756642325435535,SP95,0.583111164410469,0.6030217664017807,0.611288422760555,0.6867360053380105,2026-09-01,0.8707,proxy_eur_l
2023-05-05,2.458,1.1026,0.5889124838530101,SP95,0.5783495733771097,0.5944132504408846,0.6051394827884863,0.702540445960925,2026-09-01,0.8707,proxy_eur_l
2023-05-06,2.458,1.1026,0.5889124838530101,SP95,0.5844964000831913,0.5854316921874855,0.5989905428164176,0.702540445960925,2026-09-01,0.8707,proxy_eur_l
2023-05-07,2.458,1.1026,0.5889124838530101,SP95,0.5889124838530101,0.5825747375674698,0.592841602844349,0.702540445960925,2026-09-01,0.8707,proxy_eur_l
2023-05-08,2.523,1.102,0.6048149619778661,SP95,0.5942133098946288,0.5894433292160899,0.5886979866811862,0.7215112342869351,2026-09-01,0.8707,proxy_eur_l
2023-05-09,2.552,1.0953,0.615509063834561,SP95,0.6030788365551458,0.5974122954742915,0.5904568162356824,0.7342687140374055,2026-09-01,0.8707,proxy_eur_l
2023-05-10,2.554,1.0966,0.6152611907009949,SP95,0.6118617388378075,0.6026820368438884,0.5968552715165722,0.7339730149198423,2026-09-01,0.8707,proxy_eur_l
2023-05-11,2.527,1.0916,0.6115452329690739,SP95,0.6141051625015433,0.6072085866671012,0.601981128720218,0.729540080190601,2026-09-01,0.8707,proxy_eur_l
2023-05-12,2.489,1.0856,0.6056781856295426,SP95,0.6108282030998705,0.6105617270224077,0.6043762289740083,0.7225410129821412,2026-09-01,0.8707,proxy_eur_l
2023-05-13,2.489,1.0856,0.6056781856295426,SP95,0.6076338680760531,0.610734371752743,0.6067713292277988,0.7225410129821412,2026-09-01,0.8707,proxy_eur_l
2023-05-14,2.489,1.0856,0.6056781856295426,SP95,0.6056781856295426,0.6087681961117393,0.6091664294815892,0.7225410129821412,2026-09-01,0.8707,proxy_eur_l
2023-05-15,2.52,1.0874,0.6122067058511441,SP95,0.6078543590367431,0.6081572991417692,0.6102223928920573,0.7303291812307424,2026-09-01,0.8707,proxy_eur_l
2023-05-16,2.516,1.0866,0.611684965703204,SP95,0.609856619061297,0.6081852456885952,0.6096760931590063,0.7297067737147539,2026-09-01,0.8707,proxy_eur_l
2023-05-17,2.605,1.083,0.63542769750044,SP95,0.6197731230182627,0.6141351480627747,0.6125570227017842,0.7580305566918594,2026-09-01,0.8707,proxy_eur_l
2023-05-18,2.61,1.0776,0.6398376546536446,SP95,0.6289834392857628,0.6209670418675951,0.6165987972281515,0.7632913948469804,2026-09-01,0.8707,proxy_eur_l
2023-05-19,2.598,1.0819,0.6343645364880945,SP95,0.6365432962140597,0.6267043120393054,0.6206968473508018,0.7567622636394611,2026-09-01,0.8707,proxy_eur_l
2023-05-20,2.598,1.0819,0.6343645364880945,SP95,0.6361889092099445,0.6311358781666956,0.624794897473452,0.7567622636394611,2026-09-01,0.8707,proxy_eur_l
2023-05-21,2.598,1.0819,0.6343645364880945,SP95,0.6343645364880945,0.6356717923236737,0.6288929475961024,0.7567622636394611,2026-09-01,0.8707,proxy_eur_l
2023-05-22,2.676,1.0806,0.654196198510462,SP95,0.6409750904955503,0.6394254925256779,0.6348914465474335,0.7804203538707727,2026-09-01,0.8707,proxy_eur_l
2023-05-23,2.702,1.0771,0.6626988074196613,SP95,0.6504198474727393,0.6439977230788814,0.642179138221213,0.7905635021630598,2026-09-01,0.8707,proxy_eur_l
2023-05-24,2.74,1.0758,0.6728308453814154,SP95,0.6632419504371795,0.6516909848575455,0.6475224450613524,0.8026504703685434,2026-09-01,0.8707,proxy_eur_l
2023-05-25,2.69,1.0725,0.6625853807397848,SP95,0.6660383445136205,0.6573351537078835,0.6507721202165152,0.790428190325649,2026-09-01,0.8707,proxy_eur_l
2023-05-26,2.715,1.0713,0.6694923197539187,SP95,0.6683028486250397,0.6643607103610484,0.6557903749687758,0.7986677915367955,2026-09-01,0.8707,proxy_eur_l
2023-05-27,2.715,1.0713,0.6694923197539187,SP95,0.6671900067492075,0.6674199346097398,0.6608086297210365,0.7986677915367955,2026-09-01,0.8707,proxy_eur_l
2023-05-28,2.715,1.0713,0.6694923197539187,SP95,0.6694923197539187,0.6687786370765912,0.6658268844732971,0.7986677915367955,2026-09-01,0.8707,proxy_eur_l
2023-05-29,2.715,1.0713,0.6694923197539187,SP95,0.6694923197539187,0.6681109319510918,0.6680120446509337,0.7986677915367955,2026-09-01,0.8707,proxy_eur_l
2023-05-30,2.605,1.0722,0.6418282003292078,SP95,0.6602709466123484,0.6639594958689765,0.6650305293522976,0.7656660071789628,2026-09-01,0.8707,proxy_eur_l
2023-05-31,2.536,1.0654,0.6288157732121874,SP95,0.6467120977651047,0.6558241865606302,0.6587426618995507,0.7501428919445652,2026-09-01,0.8707,proxy_eur_l
2023-06-01,2.663,1.0752,0.6542877375648709,SP95,0.6416439037020888,0.6527832701228207,0.6575572843031344,0.780529554965792,2026-09-01,0.8707,proxy_eur_l
2023-06-02,2.73,1.0724,0.6725006554809261,SP95,0.6518680554193282,0.6533849372682221,0.6579870465498497,0.8022565718415096,2026-09-01,0.8707,proxy_eur_l
2023-06-03,2.73,1.0724,0.6725006554809261,SP95,0.6664296828422411,0.6539866044136237,0.6584168087965651,0.8022565718415096,2026-09-01,0.8707,proxy_eur_l
2023-06-04,2.73,1.0724,0.6725006554809261,SP95,0.6725006554809261,0.6601210954439672,0.6588465710432805,0.8022565718415096,2026-09-01,0.8707,proxy_eur_l
2023-06-05,2.715,1.0721,0.6689927452218757,SP95,0.6713313520612427,0.668156489845905,0.6587752032529887,0.7980718263906061,2026-09-01,0.8707,proxy_eur_l
2023-06-06,2.742,1.0695,0.6772882352183666,SP95,0.672927211973723,0.6727565893766041,0.6638409225228684,0.8079678931261411,2026-09-01,0.8707,proxy_eur_l
2023-06-07,2.833,1.0702,0.6993080025515179,SP95,0.6818629943305868,0.6781180587907225,0.6739112409999155,0.8342362735499618,2026-09-01,0.8707,proxy_eur_l
2023-06-08,2.793,1.078,0.684445772018839,SP95,0.6870140032629081,0.6805070820983051,0.6782195316361967,0.8165064438168763,2026-09-01,0.8707,proxy_eur_l
2023-06-09,2.788,1.0749,0.685190884709757,SP95,0.6896482197600381,0.6830451279440712,0.6800324215260298,0.8173953225832828,2026-09-01,0.8707,proxy_eur_l
2023-06-10,2.788,1.0749,0.685190884709757,SP95,0.6849425138127844,0.6862847558416474,0.6818453114158627,0.8173953225832828,2026-09-01,0.8707,proxy_eur_l
2023-06-11,2.788,1.0749,0.685190884709757,SP95,0.685190884709757,0.6878652857399257,0.6836582013056958,0.8173953225832828,2026-09-01,0.8707,proxy_eur_l
2023-06-12,2.681,1.0747,0.65901672315269,SP95,0.6764661641907347,0.67980702986016,0.6822330552958121,0.7861709766284348,2026-09-01,0.8707,proxy_eur_l
2023-06-13,2.731,1.0792,0.6685080383525791,SP95,0.6709052154050088,0.676619483126908,0.6809787414578424,0.7974935975544842,2026-09-01,0.8707,proxy_eur_l
2023-06-14,2.636,1.0859,0.6412722442361904,SP95,0.6562656685804865,0.6678357550321946,0.6726879188413671,0.765002781908261,2026-09-01,0.8707,proxy_eur_l
2023-06-15,2.714,1.0933,0.6557787890789489,SP95,0.6551863572225729,0.6619533359060331,0.66859263556424,0.7823082980292733,2026-09-01,0.8707,proxy_eur_l
2023-06-16,2.742,1.0925,0.6630295355295588,SP95,0.6533601896148995,0.6575210660699935,0.6654267285384973,0.7909580427445381,2026-09-01,0.8707,proxy_eur_l
2023-06-17,2.742,1.0925,0.6630295355295588,SP95,0.6606126200460222,0.6583236285453672,0.6622608215127548,0.7909580427445381,2026-09-01,0.8707,proxy_eur_l
2023-06-18,2.742,1.0925,0.6630295355295588,SP95,0.6630295355295588,0.6572279279807631,0.6590949144870121,0.7909580427445381,2026-09-01,0.8707,proxy_eur_l
2023-06-19,2.742,1.0925,0.6630295355295588,SP95,0.6630295355295588,0.6615793862394368,0.6596681733979933,0.7909580427445381,2026-09-01,0.8707,proxy_eur_l
2023-06-20,2.662,1.09,0.6451614709884322,SP95,0.65707351401585,0.6594559226213335,0.6563329494888296,0.7696424171204176,2026-09-01,0.8707,proxy_eur_l
2023-06-21,2.586,1.0951,0.6238233288267481,SP95,0.6440047784482464,0.6516146812807714,0.6538402472874807,0.7441871783179255,2026-09-01,0.8707,proxy_eur_l
2023-06-22,2.523,1.0953,0.608514642654623,SP95,0.6258331474899345,0.6407117027057841,0.6470882263697197,0.7259247513778896,2026-09-01,0.8707,proxy_eur_l
2023-06-23,2.502,1.0887,0.6071079957748574,SP95,0.6131486557520761,0.6295273947548439,0.639099434976191,0.7242466984357028,2026-09-01,0.8707,proxy_eur_l
2023-06-24,2.502,1.0887,0.6071079957748574,SP95,0.6075768780681127,0.6183430868039036,0.6311106435826622,0.7242466984357028,2026-09-01,0.8707,proxy_eur_l
2023-06-25,2.502,1.0887,0.6071079957748574,SP95,0.6071079957748574,0.6107323917611887,0.6231218521891335,0.7242466984357028,2026-09-01,0.8707,proxy_eur_l
2023-06-26,2.521,1.091,0.6104287296011843,SP95,0.6082149070502999,0.6080534719160758,0.6156074513422228,0.7282081526198657,2026-09-01,0.8707,proxy_eur_l
2023-06-27,2.519,1.0961,0.6071064682877254,SP95,0.6082143978879224,0.6077718370426963,0.6101710223849791,0.7242448762269361,2026-09-01,0.8707,proxy_eur_l
2023-06-28,2.568,1.0904,0.6221513485470701,SP95,0.6132288488119934,0.610780507597139,0.6099321680593107,0.7421925971135371,2026-09-01,0.8707,proxy_eur_l
2023-06-29,2.579,1.0881,0.6261370490135694,SP95,0.6184649552827884,0.6145863182448814,0.6124496546820174,0.7469473202005417,2026-09-01,0.8707,proxy_eur_l
2023-06-30,2.614,1.092,0.6323678982272892,SP95,0.6268854319293097,0.6196382987353677,0.6160582121752219,0.754380383185864,2026-09-01,0.8707,proxy_eur_l
2023-07-01,2.614,1.092,0.6323678982272892,SP95,0.6302909484893827,0.6240261324605887,0.6196667696684265,0.754380383185864,2026-09-01,0.8707,proxy_eur_l
2023-07-02,2.614,1.092,0.6323678982272892,SP95,0.6323678982272892,0.6290784184485014,0.6232753271616309,0.754380383185864,2026-09-01,0.8707,proxy_eur_l
2023-07-03,2.451,1.0919,0.5929899261194448,SP95,0.6192419075246745,0.6232461339629765,0.6207840695213825,0.7074046120072945,2026-09-01,0.8707,proxy_eur_l
2023-07-04,2.451,1.0919,0.5929899261194448,SP95,0.6061159168220597,0.6166167093841515,0.6187674206401995,0.7074046120072945,2026-09-01,0.8707,proxy_eur_l
2023-07-05,2.575,1.0868,0.625913723612654,SP95,0.6039645252838479,0.6153258744612244,0.6193049027924259,0.7466809051880308,2026-09-01,0.8707,proxy_eur_l
2023-07-06,2.567,1.0873,0.6236822021552166,SP95,0.6141952839624385,0.6135887352468099,0.6189542103840896,0.7440188219025443,2026-09-01,0.8707,proxy_eur_l
2023-07-07,2.612,1.0964,0.6293482312654904,SP95,0.6263147190111203,0.6129848018544501,0.618522829389547,0.7507780853365877,2026-09-01,0.8707,proxy_eur_l
2023-07-08,2.612,1.0964,0.6293482312654904,SP95,0.6274595548953993,0.6202564628836592,0.6180914483950043,0.7507780853365877,2026-09-01,0.8707,proxy_eur_l
2023-07-09,2.612,1.0964,0.6293482312654904,SP95,0.6293482312654904,0.6275281239128684,0.6176600674004616,0.7507780853365877,2026-09-01,0.8707,proxy_eur_l
2023-07-10,2.604,1.0991,0.625879377982548,SP95,0.6281919468378431,0.6275212547868472,0.622358560523762,0.7466399327261574,2026-09-01,0.8707,proxy_eur_l
2023-07-11,2.658,1.0992,0.638800323114955,SP95,0.6313426441209979,0.6305448789787949,0.6289029029516922,0.7620539149466864,2026-09-01,0.8707,proxy_eur_l
2023-07-12,2.709,1.1123,0.6433894541384734,SP95,0.6360230517453256,0.6333531235533914,0.6313994358839521,0.7675284977484331,2026-09-01,0.8707,proxy_eur_l
2023-07-13,2.689,1.1194,0.6345887518233528,SP95,0.6389261763589271,0.634401227664964,0.6329575144079715,0.7570297402950638,2026-09-01,0.8707,proxy_eur_l
2023-07-14,2.583,1.1237,0.6072407326164434,SP95,0.6284063128594233,0.6299797279351546,0.6297993003152504,0.7244050462419392,2026-09-01,0.8707,proxy_eur_l
2023-07-15,2.583,1.1237,0.6072407326164434,SP95,0.6163567390187467,0.6262519988619336,0.6266410862225296,0.7244050462419392,2026-09-01,0.8707,proxy_eur_l
2023-07-16,2.583,1.1237,0.6072407326164434,SP95,0.6072407326164434,0.6199400807622313,0.6234828721298085,0.7244050462419392,2026-09-01,0.8707,proxy_eur_l
2023-07-17,2.584,1.1236,0.6075298890116195,SP95,0.6073371180815021,0.6127681677368606,0.620861516562533,0.7247499940370519,2026-09-01,0.8707,proxy_eur_l
2023-07-18,2.647,1.1223,0.6230628375586017,SP95,0.6126111530622216,0.6104629848839103,0.6186133043401968,0.743279953748364,2026-09-01,0.8707,proxy_eur_l
2023-07-19,2.678,1.1195,0.6319363610675494,SP95,0.6208430292125903,0.6154021105741314,0.6169771481872077,0.7538655829108404,2026-09-01,0.8707,proxy_eur_l
2023-07-20,2.708,1.1135,0.6424588395023494,SP95,0.6324860127095002,0.6224457319513126,0.6181014464270643,0.7664183252874882,2026-09-01,0.8707,proxy_eur_l
2023-07-21,2.766,1.112,0.6571042237613656,SP95,0.6438331414437548,0.6324184301802972,0.6252248023049104,0.7838894692531958,2026-09-01,0.8707,proxy_eur_l
2023-07-22,2.766,1.112,0.6571042237613656,SP95,0.6522224290083604,0.6423332971302462,0.6323481581827564,0.7838894692531958,2026-09-01,0.8707,proxy_eur_l
2023-07-23,2.766,1.112,0.6571042237613656,SP95,0.6571042237613656,0.6491415743707991,0.6394715140606024,0.7838894692531958,2026-09-01,0.8707,proxy_eur_l
2023-07-24,2.876,1.1083,0.6855172990905304,SP95,0.6665752488710872,0.6598577619753954,0.650612572643304,0.8177847171213919,2026-09-01,0.8707,proxy_eur_l
2023-07-25,2.823,1.105,0.6748938495991429,SP95,0.6725051241503465,0.666344763994754,0.6580170029348098,0.8051115217859953,2026-09-01,0.8707,proxy_eur_l
2023-07-26,2.877,1.1078,0.6860651693756933,SP95,0.6821587726884556,0.6721369531176196,0.6657496898359733,0.8184382964647076,2026-09-01,0.8707,proxy_eur_l
2023-07-27,2.848,1.0998,0.6840898391671273,SP95,0.6816829527139879,0.6775340761987719,0.6716969755023701,0.816081835354278,2026-09-01,0.8707,proxy_eur_l
2023-07-28,2.855,1.1039,0.6832242136810524,SP95,0.684459740741291,0.6827580741827093,0.6754284026337539,0.8150491914017447,2026-09-01,0.8707,proxy_eur_l
2023-07-29,2.855,1.1039,0.6832242136810524,SP95,0.683512755509744,0.6822994571008136,0.6791598297651378,0.8150491914017447,2026-09-01,0.8707,proxy_eur_l
2023-07-30,2.855,1.1039,0.6832242136810524,SP95,0.6832242136810524,0.6839655299171955,0.6828912568965216,0.8150491914017447,2026-09-01,0.8707,proxy_eur_l
2023-07-31,2.889,1.102,0.6925526853563436,SP95,0.6863337042394827,0.6852630331133256,0.683896312077352,0.8261775488921741,2026-09-01,0.8707,proxy_eur_l
2023-08-01,2.9,1.0971,0.6982945509421479,SP95,0.6913571499931814,0.6881039754683297,0.6872392694120669,0.8330272811017997,2026-09-01,0.8707,proxy_eur_l
2023-08-02,2.798,1.0939,0.6757047284926403,SP95,0.6888506549303773,0.6866000784306473,0.6857592064287736,0.8060788560420648,2026-09-01,0.8707,proxy_eur_l
2023-08-03,2.804,1.0947,0.6766588424337702,SP95,0.6835527072895196,0.6852870041811909,0.6846976354668656,0.8072170618911129,2026-09-01,0.8707,proxy_eur_l
2023-08-04,2.799,1.1036,0.6700050512418064,SP95,0.6741228740560724,0.6826431716933417,0.6828091836898305,0.7992794522131019,2026-09-01,0.8707,proxy_eur_l
2023-08-05,2.799,1.1036,0.6700050512418064,SP95,0.6722229816391277,0.6781336448704343,0.6809207319127953,0.7992794522131019,2026-09-01,0.8707,proxy_eur_l
2023-08-06,2.799,1.1036,0.6700050512418064,SP95,0.6700050512418064,0.672475744930366,0.6790322801357601,0.7992794522131019,2026-09-01,0.8707,proxy_eur_l
2023-08-07,2.846,1.1,0.6834851463739003,SP95,0.6744984162858377,0.674031828506618,0.6777369174239826,0.8153604698606421,2026-09-01,0.8707,proxy_eur_l
2023-08-08,2.879,1.0951,0.6945040076149296,SP95,0.6826647350768789,0.6776008615428498,0.67719541123438,0.8285053698288118,2026-09-01,0.8707,proxy_eur_l
2023-08-09,2.987,1.0975,0.7189812486503776,SP95,0.6989901342130693,0.687396101024564,0.6833777712569139,0.8577053822320619,2026-09-01,0.8707,proxy_eur_l
2023-08-10,2.95,1.1016,0.7074324205306264,SP95,0.706972558931978,0.694881574882328,0.6877739966993219,0.8439282607071579,2026-09-01,0.8707,proxy_eur_l
2023-08-11,2.995,1.0957,0.7220911716826273,SP95,0.716168280287877,0.7052987989704922,0.6952148710480105,0.8614153506465304,2026-09-01,0.8707,proxy_eur_l
2023-08-12,2.995,1.0957,0.7220911716826273,SP95,0.717204921298627,0.7130200040322376,0.7026557453966993,0.8614153506465304,2026-09-01,0.8707,proxy_eur_l
2023-08-13,2.995,1.0957,0.7220911716826273,SP95,0.7220911716826273,0.7185374368457772,0.7100966197453881,0.8614153506465304,2026-09-01,0.8707,proxy_eur_l
2023-08-14,2.954,1.0922,0.7144884111572701,SP95,0.7195569181741749,0.7176388693471556,0.7145256575715837,0.8523456723556697,2026-09-01,0.8707,proxy_eur_l
2023-08-15,2.904,1.0928,0.7020091874524734,SP95,0.7128629234307904,0.716554222731525,0.7155978261198043,0.8374586396857997,2026-09-01,0.8707,proxy_eur_l
2023-08-16,2.905,1.0904,0.7037965995051552,SP95,0.7067647327049663,0.7128953082960306,0.7134285905276295,0.8395909246942467,2026-09-01,0.8707,proxy_eur_l
2023-08-17,2.862,1.0874,0.6952919016452279,SP95,0.7003658962009522,0.7075354542885508,0.7116942306868583,0.8294452843977717,2026-09-01,0.8707,proxy_eur_l
2023-08-18,2.879,1.0875,0.6993575528635488,SP95,0.699482018004644,0.7029887305247351,0.7084465708555615,0.8342953843673857,2026-09-01,0.8707,proxy_eur_l
2023-08-19,2.879,1.0875,0.6993575528635488,SP95,0.6980023357907753,0.6999625588659908,0.7051989110242645,0.8342953843673857,2026-09-01,0.8707,proxy_eur_l
2023-08-20,2.879,1.0875,0.6993575528635488,SP95,0.6993575528635488,0.6994322319482059,0.7019512511929676,0.8342953843673857,2026-09-01,0.8707,proxy_eur_l
2023-08-21,2.84,1.0888,0.6890600924845164,SP95,0.6959250660705382,0.6964849305440781,0.6983186342397171,0.8220110762480896,2026-09-01,0.8707,proxy_eur_l
2023-08-22,2.845,1.0846,0.6929462372846509,SP95,0.6937879608775721,0.6960157976719628,0.6970239270728852,0.8266470348596183,2026-09-01,0.8707,proxy_eur_l
2023-08-23,2.83,1.0862,0.6882773965877003,SP95,0.6900945754522892,0.6937997664167931,0.6948068980846774,0.8210773627686208,2026-09-01,0.8707,proxy_eur_l
2023-08-24,2.824,1.0826,0.6891020467942094,SP95,0.6901085602221869,0.6917486652029252,0.6939226331059605,0.8220611254493713,2026-09-01,0.8707,proxy_eur_l
2023-08-25,2.923,1.0787,0.7158384249957058,SP95,0.6977392894592053,0.6950448396293566,0.6962770434105544,0.8539561651710075,2026-09-01,0.8707,proxy_eur_l
2023-08-26,2.923,1.0787,0.7158384249957058,SP95,0.7069262989285404,0.7004005061315944,0.6986314537151481,0.8539561651710075,2026-09-01,0.8707,proxy_eur_l
2023-08-27,2.923,1.0787,0.7158384249957058,SP95,0.7158384249957058,0.7049789436738054,0.700985864019742,0.8539561651710075,2026-09-01,0.8707,proxy_eur_l
2023-08-28,2.841,1.081,0.6942764114241441,SP95,0.7086510871385187,0.7061787466410941,0.7017310524396888,0.8282338599971178,2026-09-01,0.8707,proxy_eur_l
2023-08-29,2.851,1.0851,0.6940876612967295,SP95,0.7014008325721933,0.7071758695415983,0.7018941130128429,0.8280086913985147,2026-09-01,0.8707,proxy_eur_l
2023-08-30,2.871,1.0926,0.6941588525720704,SP95,0.6941743084309814,0.7028399550568711,0.7027343210106102,0.828093618703841,2026-09-01,0.8707,proxy_eur_l
2023-08-31,2.818,1.0839,0.68681321482172,SP95,0.6916865762301733,0.697034913022074,0.7024073450145403,0.8193306738478668,2026-09-01,0.8707,proxy_eur_l
2023-09-01,2.648,1.0787,0.648491327194194,SP95,0.6764877981959949,0.6835654934617715,0.6927863310428958,0.7736147538052782,2026-09-01,0.8707,proxy_eur_l
2023-09-02,2.648,1.0787,0.648491327194194,SP95,0.6612652897367027,0.6744084766157815,0.683165317071251,0.7736147538052782,2026-09-01,0.8707,proxy_eur_l
2023-09-03,2.648,1.0787,0.648491327194194,SP95,0.648491327194194,0.6652892097952745,0.6735443030996066,0.7736147538052782,2026-09-01,0.8707,proxy_eur_l
2023-09-04,2.648,1.0787,0.648491327194194,SP95,0.648491327194194,0.6561557047196992,0.6670035767810424,0.7736147538052782,2026-09-01,0.8707,proxy_eur_l
2023-09-05,2.868,1.0727,0.7062976099218511,SP95,0.667760088103413,0.6600525837397254,0.6687478551560596,0.8425744935973928,2026-09-01,0.8707,proxy_eur_l
2023-09-06,2.866,1.0714,0.7066614728938337,SP95,0.6871501366699597,0.6716866128796534,0.6705339437734544,0.8430085622605885,2026-09-01,0.8707,proxy_eur_l
2023-09-07,2.885,1.0704,0.7120108100273338,SP95,0.7083232976143395,0.6843905094462813,0.6741336002313992,0.8493900294537725,2026-09-01,0.8707,proxy_eur_l
2023-09-08,2.916,1.0709,0.7193255249569155,SP95,0.7126659359593611,0.6985573489988256,0.6842527713403594,0.8581160850725698,2026-09-01,0.8707,proxy_eur_l
2023-09-09,2.916,1.0709,0.7193255249569155,SP95,0.7168872866470549,0.71272418855137,0.6943719424493197,0.8581160850725698,2026-09-01,0.8707,proxy_eur_l
2023-09-10,2.916,1.0709,0.7193255249569155,SP95,0.7193255249569155,0.7153297715583828,0.70449111355828,0.8581160850725698,2026-09-01,0.8707,proxy_eur_l
2023-09-11,2.987,1.0744,0.7344396131736685,SP95,0.7243635543624999,0.7208853996143498,0.7167694401267762,0.8761463672744677,2026-09-01,0.8707,proxy_eur_l
2023-09-12,3.013,1.0726,0.7420756980748658,SP95,0.7319469454018166,0.7268983772238562,0.7218805955772069,0.8852557997266105,2026-09-01,0.8707,proxy_eur_l
2023-09-13,3.024,1.0737,0.7440218742023291,SP95,0.7401790618169546,0.7318376470729389,0.7272177957641348,0.8875774816097337,2026-09-01,0.8707,proxy_eur_l
2023-09-14,3.036,1.066,0.7523699352339012,SP95,0.746155835837032,0.738446529128336,0.7329833850793588,0.8975362627203978,2026-09-01,0.8707,proxy_eur_l
2023-09-15,3.003,1.0673,0.7432855553560571,SP95,0.7465591215974293,0.7432385352081644,0.7364062465649504,0.8866990934199555,2026-09-01,0.8707,proxy_eur_l
2023-09-16,3.003,1.0673,0.7432855553560571,SP95,0.7463136819820052,0.7450077236446421,0.739829108050542,0.8866990934199555,2026-09-01,0.8707,proxy_eur_l
2023-09-17,3.003,1.0673,0.7432855553560571,SP95,0.7432855553560571,0.7452496951008803,0.7432519695361337,0.8866990934199555,2026-09-01,0.8707,proxy_eur_l
2023-09-18,2.99,1.0695,0.7385455227217055,SP95,0.74170554447794,0.7441544248047556,0.7438385280429961,0.8810444932338303,2026-09-01,0.8707,proxy_eur_l
2023-09-19,2.925,1.0684,0.7232340445035418,SP95,0.7350217075271015,0.7383272466586838,0.7411468632470928,0.8627787355352813,2026-09-01,0.8707,proxy_eur_l
2023-09-20,2.872,1.0715,0.7080747870952891,SP95,0.7232847847735123,0.7312850930065301,0.7360115650889442,0.8446945689535986,2026-09-01,0.8707,proxy_eur_l
2023-09-21,2.872,1.0664,0.7114611162533779,SP95,0.7142566492840697,0.7249202051859943,0.7301674480917264,0.8487342747878666,2026-09-01,0.8707,proxy_eur_l
2023-09-22,2.833,1.066,0.7020632498411206,SP95,0.7071997177299293,0.7166757440830069,0.7242785473038785,0.8375231331643237,2026-09-01,0.8707,proxy_eur_l
2023-09-23,2.833,1.066,0.7020632498411206,SP95,0.7051958719785397,0.70937928950689,0.7183896465160303,0.8375231331643237,2026-09-01,0.8707,proxy_eur_l
2023-09-24,2.833,1.066,0.7020632498411206,SP95,0.7020632498411206,0.7051451305744058,0.7125007457281823,0.8375231331643237,2026-09-01,0.8707,proxy_eur_l
2023-09-25,2.767,1.0591,0.6901747416438455,SP95,0.6981004137753622,0.701565121484117,0.705590634145631,0.8233407918492288,2026-09-01,0.8707,proxy_eur_l
2023-09-26,2.836,1.0573,0.7085897479312484,SP95,0.7002759131387383,0.7009908478196911,0.7034985917781604,0.8453088891204599,2026-09-01,0.8707,proxy_eur_l
2023-09-27,2.914,1.051,0.7324427788502803,SP95,0.7104024228084581,0.707066753621523,0.7069797334574448,0.8737642529289117,2026-09-01,0.8707,proxy_eur_l
2023-09-28,2.846,1.0578,0.7107521847336835,SP95,0.7172615705050709,0.7088045406000356,0.70687845752606,0.8478885581836891,2026-09-01,0.8707,proxy_eur_l
2023-09-29,2.769,1.0584,0.6911303977510517,SP95,0.7114417871116719,0.7066179701820219,0.7053166215131929,0.8244808374182228,2026-09-01,0.8707,proxy_eur_l
2023-09-30,2.769,1.0584,0.6911303977510517,SP95,0.6976709934119291,0.7068091014034631,0.703754785500326,0.8244808374182228,2026-09-01,0.8707,proxy_eur_l
2023-10-01,2.769,1.0584,0.6911303977510517,SP95,0.6911303977510517,0.7033172313674239,0.7021929494874589,0.8244808374182228,2026-09-01,0.8707,proxy_eur_l
2023-10-02,2.709,1.05,0.6815638950840229,SP95,0.6879415635287088,0.6931414546141722,0.7009628285503414,0.8130685219481737,2026-09-01,0.8707,proxy_eur_l
2023-10-03,2.655,1.0453,0.6709813441221507,SP95,0.6812252123190752,0.6851872864918658,0.695590199434756,0.8004441163259394,2026-09-01,0.8707,proxy_eur_l
2023-10-04,2.492,1.0518,0.6258953740982182,SP95,0.6594802044347973,0.672140281761299,0.6803691416130329,0.7466590152189635,2026-09-01,0.8707,proxy_eur_l
2023-10-05,2.414,1.0527,0.6057863915574906,SP95,0.6342210365926199,0.6550714805225868,0.6653740283021481,0.7226700967474893,2026-09-01,0.8707,proxy_eur_l
2023-10-06,2.411,1.0596,0.6010936374438428,SP95,0.6109251343665173,0.637064128461145,0.652511633972547,0.7170718972557462,2026-09-01,0.8707,proxy_eur_l
2023-10-07,2.411,1.0596,0.6010936374438428,SP95,0.6026578888150588,0.6209700769331091,0.6396492396429457,0.7170718972557462,2026-09-01,0.8707,proxy_eur_l
2023-10-08,2.411,1.0596,0.6010936374438428,SP95,0.6010936374438428,0.6069925355974475,0.6267868453133444,0.7170718972557462,2026-09-01,0.8707,proxy_eur_l
2023-10-09,2.411,1.0596,0.6010936374438428,SP95,0.6010936374438428,0.6020321882665723,0.6152910942218901,0.7170718972557462,2026-09-01,0.8707,proxy_eur_l
2023-10-10,2.558,1.0618,0.6364212751291615,SP95,0.6128695166722825,0.6081591649809066,0.6103539415086059,0.7592158405659791,2026-09-01,0.8707,proxy_eur_l
2023-10-11,2.524,1.062,0.6278439361129629,SP95,0.6217862828953225,0.6135092247147306,0.6106323075107124,0.7489835433353735,2026-09-01,0.8707,proxy_eur_l
2023-10-12,2.472,1.0553,0.6188129569121036,SP95,0.6276927227180761,0.6170530886083826,0.6124932454185142,0.7382100781275633,2026-09-01,0.8707,proxy_eur_l
2023-10-13,2.554,1.0502,0.6424446978886983,SP95,0.6297005303045883,0.6253233006973538,0.6184005397677792,0.7664014551143582,2026-09-01,0.8707,proxy_eur_l
2023-10-14,2.554,1.0502,0.6424446978886983,SP95,0.6345674508965001,0.6335935127863249,0.6243078341170444,0.7664014551143582,2026-09-01,0.8707,proxy_eur_l
2023-10-15,2.554,1.0502,0.6424446978886983,SP95,0.6424446978886983,0.6347981973382322,0.6302151284663093,0.7664014551143582,2026-09-01,0.8707,proxy_eur_l
2023-10-16,2.578,1.0546,0.6457761719887224,SP95,0.6435551892553731,0.6383846445133842,0.6365983476870064,0.7703757218587567,2026-09-01,0.8707,proxy_eur_l
2023-10-17,2.579,1.0593,0.6431603162764703,SP95,0.6437937287179637,0.6432541163862575,0.6375610678509077,0.7672551487871326,2026-09-01,0.8707,proxy_eur_l
2023-10-18,2.58,1.0532,0.6471362467565733,SP95,0.6453575783405887,0.6441924261598325,0.6403171122285664,0.7719982168136857,2026-09-01,0.8707,proxy_eur_l
2023-10-19,2.583,1.057,0.6455595186765349,SP95,0.6452853605698596,0.6448153903173999,0.6441380496234851,0.7701172662838855,2026-09-01,0.8707,proxy_eur_l
2023-10-20,2.578,1.0592,0.642971630456294,SP95,0.6452224652964675,0.644920776830919,0.6442133257045702,0.7670300569035544,2026-09-01,0.8707,proxy_eur_l
2023-10-21,2.578,1.0592,0.642971630456294,SP95,0.643834259863041,0.6443598685244333,0.6442886017856554,0.7670300569035544,2026-09-01,0.8707,proxy_eur_l
2023-10-22,2.578,1.0592,0.642971630456294,SP95,0.642971630456294,0.6443221313603981,0.6443638778667404,0.7670300569035544,2026-09-01,0.8707,proxy_eur_l
2023-10-23,2.534,1.0646,0.6287920164151306,SP95,0.638245092442573,0.6406532852921095,0.6419375699276558,0.7501145513825013,2026-09-01,0.8707,proxy_eur_l
2023-10-24,2.474,1.0595,0.6168585724719766,SP95,0.6295407397811338,0.634913096051198,0.6381801779555853,0.735878604175504,2026-09-01,0.8707,proxy_eur_l
2023-10-25,2.436,1.0583,0.6080724931913914,SP95,0.6179076940261662,0.6279332685982173,0.632599641731988,0.7253972912040999,2026-09-01,0.8707,proxy_eur_l
2023-10-26,2.425,1.0532,0.6082579063506551,SP95,0.6110629906713412,0.6209905237770895,0.627270839971148,0.7256184789818558,2026-09-01,0.8707,proxy_eur_l
2023-10-27,2.468,1.0592,0.6155368440520301,SP95,0.6106224145313589,0.6155035664962367,0.6233515847705389,0.7343018543203927,2026-09-01,0.8707,proxy_eur_l
2023-10-28,2.468,1.0592,0.6155368440520301,SP95,0.6131105314849052,0.6128525320236167,0.6194323295699297,0.7343018543203927,2026-09-01,0.8707,proxy_eur_l
2023-10-29,2.468,1.0592,0.6155368440520301,SP95,0.6155368440520301,0.6125881863396273,0.6155130743693206,0.7343018543203927,2026-09-01,0.8707,proxy_eur_l
2023-10-30,2.525,1.062,0.6280926856914545,SP95,0.6197221245985051,0.61659222483964,0.615413169980224,0.7492802880038899,2026-09-01,0.8707,proxy_eur_l
2023-10-31,2.448,1.0568,0.6119352613292462,SP95,0.6185215970242437,0.6173276958353583,0.6147098398169769,0.7300053627336033,2026-09-01,0.8707,proxy_eur_l
2023-11-01,2.412,1.0538,0.6046526763027652,SP95,0.614893541107822,0.6151508622855052,0.6142212945471731,0.7213176363353131,2026-09-01,0.8707,proxy_eur_l
2023-11-02,2.068,1.0618,0.5145110230520351,SP95,0.5770329868946823,0.5949456980855061,0.6008288826473702,0.6137835646170621,2026-09-01,0.8707,proxy_eur_l
2023-11-03,2.028,1.0733,0.4991530067849856,SP95,0.5394389020465954,0.5716689306320972,0.5842026201806495,0.5954622895665893,2026-09-01,0.8707,proxy_eur_l
2023-11-04,2.028,1.0733,0.4991530067849856,SP95,0.5042723455406688,0.5458809948508035,0.5675763577139289,0.5954622895665893,2026-09-01,0.8707,proxy_eur_l
2023-11-05,2.028,1.0733,0.4991530067849856,SP95,0.4991530067849856,0.5233245439419514,0.5509500952472083,0.5954622895665893,2026-09-01,0.8707,proxy_eur_l
2023-11-06,2.415,1.0747,0.5936312519260524,SP95,0.5306457551653413,0.5211202590666089,0.5460270332807222,0.7081696786861882,2026-09-01,0.8707,proxy_eur_l
2023-11-07,2.298,1.0687,0.5680428336474456,SP95,0.5536090307861613,0.5318266211856909,0.5397566864690364,0.6776440924882666,2026-09-01,0.8707,proxy_eur_l
2023-11-08,2.262,1.0715,0.5576828580813177,SP95,0.573118981218272,0.5435325914449574,0.5330467124374011,0.665285207163315,2026-09-01,0.8707,proxy_eur_l
2023-11-09,2.254,1.071,0.5559699402570183,SP95,0.5605652106619273,0.5548959781393639,0.5389694148952558,0.6632417897028726,2026-09-01,0.8707,proxy_eur_l
2023-11-10,2.287,1.071,0.5641096953716951,SP95,0.5592541645700105,0.5678873158567057,0.5482489418362143,0.6729520732255855,2026-09-01,0.8707,proxy_eur_l
2023-11-11,2.287,1.071,0.5641096953716951,SP95,0.561396443666803,0.5619830045458343,0.5575284687771728,0.6729520732255855,2026-09-01,0.8707,proxy_eur_l
2023-11-12,2.287,1.071,0.5641096953716951,SP95,0.5641096953716951,0.5611963768906842,0.5668079957181312,0.6729520732255855,2026-09-01,0.8707,proxy_eur_l
2023-11-13,2.342,1.07,0.5782158379652184,SP95,0.5688117429028696,0.5653029728674644,0.5646057937237264,0.6897799313202285,2026-09-01,0.8707,proxy_eur_l
2023-11-14,2.333,1.0861,0.5674554812186356,SP95,0.5699270048518498,0.5676000810597879,0.5645218862338964,0.6769434131028126,2026-09-01,0.8707,proxy_eur_l
2023-11-15,2.272,1.0853,0.5530258020434103,SP95,0.5662323737424214,0.5653833023941309,0.5638565925141954,0.6597295935272607,2026-09-01,0.8707,proxy_eur_l
2023-11-16,2.242,1.0851,0.5458241096553025,SP95,0.5554351309724496,0.5617261852508524,0.5624071881425218,0.6511383676308208,2026-09-01,0.8707,proxy_eur_l
2023-11-17,2.345,1.0879,0.5694305200660521,SP95,0.5560934772549216,0.5627903501897238,0.5631673059560013,0.6792995266352952,2026-09-01,0.8707,proxy_eur_l
2023-11-18,2.345,1.0879,0.5694305200660521,SP95,0.5615617165958023,0.5610332866098906,0.5639274237694809,0.6792995266352952,2026-09-01,0.8707,proxy_eur_l
2023-11-19,2.345,1.0879,0.5694305200660521,SP95,0.5694305200660521,0.5614282943793738,0.5646875415829605,0.6792995266352952,2026-09-01,0.8707,proxy_eur_l
2023-11-20,2.384,1.0945,0.5754099340537467,SP95,0.5714236580619504,0.5659051207814411,0.564286698167036,0.6864326411211966,2026-09-01,0.8707,proxy_eur_l
2023-11-21,2.405,1.0923,0.5816477029399861,SP95,0.5754960523532616,0.5730698394383779,0.5663141584129432,0.6938739588981068,2026-09-01,0.8707,proxy_eur_l
2023-11-22,2.395,1.0871,0.5819998761822882,SP95,0.5796858377253403,0.5755837106616251,0.5704533118613543,0.6942940823519071,2026-09-01,0.8707,proxy_eur_l
2023-11-23,2.395,1.0871,0.5819998761822882,SP95,0.581882485101521,0.5780975818848723,0.5756212785080664,0.6942940823519071,2026-09-01,0.8707,proxy_eur_l
2023-11-24,2.341,1.0934,0.5655997572438499,SP95,0.5765331698694756,0.5773314293204319,0.5750740266763233,0.6747296357002746,2026-09-01,0.8707,proxy_eur_l
2023-11-25,2.341,1.0934,0.5655997572438499,SP95,0.5710664635566628,0.5753693939584524,0.5745267748445801,0.6747296357002746,2026-09-01,0.8707,proxy_eur_l
2023-11-26,2.341,1.0934,0.5655997572438499,SP95,0.5655997572438499,0.5721598048192252,0.573979523012837,0.6747296357002746,2026-09-01,0.8707,proxy_eur_l
2023-11-27,2.328,1.0937,0.5623045971379442,SP95,0.5645013705418814,0.5682207490103564,0.5721073320248652,0.670798689568568,2026-09-01,0.8707,proxy_eur_l
2023-11-28,2.332,1.1007,0.5596885855357518,SP95,0.5625309799725153,0.5637584908810491,0.5689703152528317,0.6676779305287547,2026-09-01,0.8707,proxy_eur_l
2023-11-29,2.382,1.0969,0.5736692758839544,SP95,0.5652208195192169,0.5653723946090701,0.5677802294959269,0.6843561309428581,2026-09-01,0.8707,proxy_eur_l
2023-11-30,2.295,1.0908,0.555807535902045,SP95,0.5630551324405838,0.5634139503407092,0.5640384665987493,0.6630480501726416,2026-09-01,0.8707,proxy_eur_l
2023-12-01,2.226,1.0878,0.5405837364857863,SP95,0.5566868494239287,0.5584107461890964,0.5604647493475973,0.6448868884985963,2026-09-01,0.8707,proxy_eur_l
2023-12-02,2.226,1.0878,0.5405837364857863,SP95,0.545658336291206,0.5540665740586648,0.5568910320964454,0.6448868884985963,2026-09-01,0.8707,proxy_eur_l
2023-12-03,2.226,1.0878,0.5405837364857863,SP95,0.5405837364857863,0.5502456042486716,0.5533173148452935,0.6448868884985963,2026-09-01,0.8707,proxy_eur_l
2023-12-04,2.315,1.0824,0.5650021260246799,SP95,0.5487231996654175,0.5485121742768168,0.5537026761148272,0.6740166942790147,2026-09-01,0.8707,proxy_eur_l
2023-12-05,2.281,1.0787,0.5586135639463582,SP95,0.5547331421522749,0.5490733798856794,0.5535491016020566,0.6663954884553774,2026-09-01,0.8707,proxy_eur_l
2023-12-06,2.202,1.079,0.5391166443861379,SP95,0.554244111452392,0.5487799614657497,0.5486130113880828,0.6431367277086445,2026-09-01,0.8707,proxy_eur_l
2023-12-07,2.181,1.0794,0.5337773264713006,SP95,0.543835844934599,0.5474186794628526,0.5454658386122622,0.6367672128964007,2026-09-01,0.8707,proxy_eur_l
2023-12-08,2.23,1.0746,0.5482074043910953,SP95,0.5403671250828447,0.5489434130439144,0.5465549340273064,0.6539815081524575,2026-09-01,0.8707,proxy_eur_l
2023-12-09,2.23,1.0746,0.5482074043910953,SP95,0.5433973784178304,0.5455844687171976,0.5476440294423506,0.6539815081524575,2026-09-01,0.8707,proxy_eur_l
2023-12-10,2.23,1.0746,0.5482074043910953,SP95,0.5482074043910953,0.5435032368061449,0.5487331248573947,0.6539815081524575,2026-09-01,0.8707,proxy_eur_l
2023-12-11,2.214,1.0747,0.544223433442766,SP95,0.5468794140749855,0.5445245946174706,0.5457647402028355,0.6492288482862196,2026-09-01,0.8707,proxy_eur_l
2023-12-12,2.141,1.079,0.5241819871165856,SP95,0.538870941650149,0.5426055267465275,0.540845943512868,0.6253204968320654,2026-09-01,0.8707,proxy_eur_l
2023-12-13,2.183,1.0793,0.5343163071415158,SP95,0.5342405759002892,0.5398273072966115,0.5401601810493505,0.637410187414346,2026-09-01,0.8707,proxy_eur_l
2023-12-14,2.27,1.0997,0.5453037727134645,SP95,0.534600688990522,0.5392465809610855,0.5418068162268026,0.6505176340631146,2026-09-01,0.8707,proxy_eur_l
2023-12-15,2.283,1.0906,0.5530027466840756,SP95,0.5442076088463521,0.5402056494196815,0.5424918651257997,0.6597020897421093,2026-09-01,0.8707,proxy_eur_l
2023-12-16,2.283,1.0906,0.5530027466840756,SP95,0.5504364220272053,0.5419615120679434,0.543176914024797,0.6597020897421093,2026-09-01,0.8707,proxy_eur_l
2023-12-17,2.283,1.0906,0.5530027466840756,SP95,0.5530027466840756,0.5477256639814414,0.5438619629237941,0.6597020897421093,2026-09-01,0.8707,proxy_eur_l
2023-12-18,2.252,1.092,0.5447943790389653,SP95,0.5502666241357055,0.5498212783609313,0.5439435265803939,0.6499099552159777,2026-09-01,0.8707,proxy_eur_l
2023-12-19,2.281,1.0977,0.5489445672122953,SP95,0.5489138976451121,0.5505494372606975,0.5474810380226383,0.6548609031582542,2026-09-01,0.8707,proxy_eur_l
2023-12-20,2.257,1.0957,0.5441601918155892,SP95,0.5459663793556168,0.5487809262870001,0.5488873072617916,0.6491534044772016,2026-09-01,0.8707,proxy_eur_l
2023-12-21,2.237,1.099,0.5377187271384696,SP95,0.5436078287221181,0.545724122377879,0.5478037293225066,0.6414690887410206,2026-09-01,0.8707,proxy_eur_l
2023-12-22,2.196,1.1008,0.527000206194126,SP95,0.5362930417160617,0.540523614279889,0.5440890806810852,0.628682478351963,2026-09-01,0.8707,proxy_eur_l
2023-12-23,2.196,1.1008,0.527000206194126,SP95,0.5305730465089072,0.5369647797109213,0.5403744320396638,0.628682478351963,2026-09-01,0.8707,proxy_eur_l
2023-12-24,2.196,1.1008,0.527000206194126,SP95,0.527000206194126,0.5325759075072873,0.5366597833982425,0.628682478351963,2026-09-01,0.8707,proxy_eur_l
2023-12-25,2.196,1.1008,0.527000206194126,SP95,0.527000206194126,0.5291439103829948,0.5341177587061227,0.628682478351963,2026-09-01,0.8707,proxy_eur_l
2023-12-26,2.223,1.1035,0.5321744199294643,SP95,0.5287249441059055,0.5280350489411937,0.5317220233800038,0.6348550328906931,2026-09-01,0.8707,proxy_eur_l
2023-12-27,2.222,1.1114,0.5281539502787528,SP95,0.5291095254674478,0.5282657977581191,0.5294354174461701,0.6300588320648871,2026-09-01,0.8707,proxy_eur_l
2023-12-28,2.166,1.1073,0.5167494494786865,SP95,0.5256926065623012,0.5262156464150312,0.5264398063519155,0.6164538851538957,2026-09-01,0.8707,proxy_eur_l
2023-12-29,2.159,1.1062,0.5155916299414594,SP95,0.520165009899633,0.5239339311644977,0.5248100097443916,0.6150726696484882,2026-09-01,0.8707,proxy_eur_l
2023-12-30,2.159,1.1062,0.5155916299414594,SP95,0.5159775697872018,0.5216522159139645,0.5231802131368678,0.6150726696484882,2026-09-01,0.8707,proxy_eur_l
2023-12-31,2.159,1.1062,0.5155916299414594,SP95,0.5155916299414594,0.5183356579163634,0.521550416529344,0.6150726696484882,2026-09-01,0.8707,proxy_eur_l
2024-01-01,2.159,1.1062,0.5155916299414594,SP95,0.5155916299414594,0.5158231938489048,0.5199206199218201,0.6150726696484882,2026-09-01,0.8707,proxy_eur_l
2024-01-02,2.215,1.0957,0.5340340384898227,SP95,0.5217390994575805,0.519280111651132,0.520186279716157,0.6370734563212235,2026-09-01,0.8707,proxy_eur_l
2024-01-03,2.228,1.0909,0.5395318843651616,SP95,0.5297191842654813,0.5240681625358725,0.5218116988713584,0.6436320863366964,2026-09-01,0.8707,proxy_eur_l
2024-01-04,2.213,1.0957,0.5335518407124054,SP95,0.53570592118913,0.5276602046900616,0.5242120404761753,0.6364982206947485,2026-09-01,0.8707,proxy_eur_l
2024-01-05,2.207,1.0957,0.532105247380153,SP95,0.53506299081924,0.5309629281778004,0.526571128681703,0.634772513815323,2026-09-01,0.8707,proxy_eur_l
2024-01-06,2.207,1.0957,0.532105247380153,SP95,0.5325874451575704,0.5342656516655391,0.5289302168872306,0.634772513815323,2026-09-01,0.8707,proxy_eur_l
2024-01-07,2.207,1.0957,0.532105247380153,SP95,0.532105247380153,0.5338798934436052,0.5312893050927583,0.634772513815323,2026-09-01,0.8707,proxy_eur_l
2024-01-08,2.137,1.0976,0.5143364394035743,SP95,0.5261823113879601,0.5288408044512878,0.5311099921587746,0.6135752958545378,2026-09-01,0.8707,proxy_eur_l
2024-01-09,2.176,1.0935,0.5256866812357852,SP95,0.5240427893398375,0.5272677725559637,0.529917512551055,0.6271155147787406,2026-09-01,0.8707,proxy_eur_l
2024-01-10,2.14,1.096,0.515810394202954,SP95,0.5186111716141046,0.5240088019205238,0.5265287282421682,0.6153336434706514,2026-09-01,0.8707,proxy_eur_l
2024-01-11,2.201,1.0943,0.5313375557345195,SP95,0.5242782103910862,0.5238552635913971,0.526212401816756,0.6338566995884701,2026-09-01,0.8707,proxy_eur_l
2024-01-12,2.192,1.0959,0.5283923156940061,SP95,0.5251800885438266,0.5231126772541679,0.5256819830044492,0.6303431889935059,2026-09-01,0.8707,proxy_eur_l
2024-01-13,2.192,1.0959,0.5283923156940061,SP95,0.5293740623741773,0.5259238525122543,0.5251515641921426,0.6303431889935059,2026-09-01,0.8707,proxy_eur_l
2024-01-14,2.192,1.0959,0.5283923156940061,SP95,0.5283923156940061,0.5264649794038985,0.524621145379836,0.6303431889935059,2026-09-01,0.8707,proxy_eur_l
2024-01-15,2.192,1.0959,0.5283923156940061,SP95,0.5283923156940061,0.5289813637021088,0.5266291277070405,0.6303431889935059,2026-09-01,0.8707,proxy_eur_l
2024-01-16,2.188,1.0882,0.5311601273291939,SP95,0.5293149195724021,0.5289458780210438,0.5274110485775274,0.6336450371862945,2026-09-01,0.8707,proxy_eur_l
2024-01-17,2.202,1.0858,0.5357403382691498,SP95,0.5317642604307834,0.5304154825360724,0.5302581834441268,0.6391089788152766,2026-09-01,0.8707,proxy_eur_l
2024-01-18,2.245,1.0863,0.5459507111700665,SP95,0.5376170589228034,0.5339271616312844,0.5323457770777764,0.6512893963270707,2026-09-01,0.8707,proxy_eur_l
2024-01-19,2.241,1.0887,0.5437765861436673,SP95,0.5418225451942945,0.5370040157212167,0.5345435299991566,0.6486957838506836,2026-09-01,0.8707,proxy_eur_l
2024-01-20,2.241,1.0887,0.5437765861436673,SP95,0.5445012944858004,0.540080869811149,0.5367412829205367,0.6486957838506836,2026-09-01,0.8707,proxy_eur_l
2024-01-21,2.241,1.0887,0.5437765861436673,SP95,0.5437765861436673,0.5426041615740436,0.5389390358419169,0.6486957838506836,2026-09-01,0.8707,proxy_eur_l
2024-01-22,2.301,1.0895,0.5579255552786596,SP95,0.5484929091886649,0.5470412049759457,0.543158070068296,0.6655747316715043,2026-09-01,0.8707,proxy_eur_l
2024-01-23,2.274,1.0829,0.5547393545686855,SP95,0.5521471653303376,0.5487989336556695,0.546526531102509,0.6617737681513203,2026-09-01,0.8707,proxy_eur_l
2024-01-24,2.307,1.0901,0.559072493156819,SP95,0.5572458010013882,0.5518581150582997,0.5498596960864618,0.6669429659516467,2026-09-01,0.8707,proxy_eur_l
2024-01-25,2.345,1.0837,0.5716374114421501,SP95,0.5618164197225516,0.5574302801179962,0.5535292246967595,0.6819322275782391,2026-09-01,0.8707,proxy_eur_l
2024-01-26,2.379,1.0866,0.5783777954721471,SP95,0.5696959000237054,0.5643505219836923,0.5584722546008279,0.6899731377851348,2026-09-01,0.8707,proxy_eur_l
2024-01-27,2.379,1.0866,0.5783777954721471,SP95,0.5761310007954815,0.5684409700223898,0.5634152845048965,0.6899731377851348,2026-09-01,0.8707,proxy_eur_l
2024-01-28,2.379,1.0866,0.5783777954721471,SP95,0.5783777954721471,0.573168658203082,0.5683583144089651,0.6899731377851348,2026-09-01,0.8707,proxy_eur_l
2024-01-29,2.324,1.0807,0.5680909130011446,SP95,0.5749488346484797,0.5749723421719473,0.5698105083693201,0.6777014485326965,2026-09-01,0.8707,proxy_eur_l
2024-01-30,2.345,1.0844,0.5712684090555681,SP95,0.5725790391762867,0.5748985416946308,0.5721718018674462,0.6814920278739743,2026-09-01,0.8707,proxy_eur_l
2024-01-31,2.256,1.0855,0.5490300784154609,SP95,0.5627964668240579,0.5690289982832935,0.5707371711901092,0.6549629133557857,2026-09-01,0.8707,proxy_eur_l
2024-02-01,2.227,1.0865,0.5414736867018836,SP95,0.5539240580576377,0.5616481765292408,0.5664280676557855,0.6459485505262195,2026-09-01,0.8707,proxy_eur_l
2024-02-02,2.169,1.0787,0.5311849277508334,SP95,0.540562897622726,0.5522096029849781,0.5596862294098834,0.6336746227355167,2026-09-01,0.8707,proxy_eur_l
2024-02-03,2.169,1.0787,0.5311849277508334,SP95,0.5346145140678501,0.5448284059349159,0.5529443911639815,0.6336746227355167,2026-09-01,0.8707,proxy_eur_l
2024-02-04,2.169,1.0787,0.5311849277508334,SP95,0.5311849277508334,0.5368117096739689,0.5462025529180796,0.6336746227355167,2026-09-01,0.8707,proxy_eur_l
2024-02-05,2.238,1.0736,0.5506865249418184,SP95,0.5376854601478285,0.5371429989792403,0.5437162117667472,0.6569389636404117,2026-09-01,0.8707,proxy_eur_l
2024-02-06,2.252,1.0751,0.553358256823133,SP95,0.545076569838595,0.5395199130034902,0.5411576185906851,0.6601261939315857,2026-09-01,0.8707,proxy_eur_l
2024-02-07,2.312,1.0769,0.5671518108014106,SP95,0.5570655308554541,0.5467132896136058,0.5437464375029636,0.67658115087168,2026-09-01,0.8707,proxy_eur_l
2024-02-08,2.359,1.0774,0.5784127264830817,SP95,0.5663075980358752,0.5561588493600553,0.5490234431859919,0.6900148085743824,2026-09-01,0.8707,proxy_eur_l
2024-02-09,2.354,1.0782,0.5767584968012255,SP95,0.5741076780285727,0.5652735631701338,0.5555339530503337,0.6880414028642341,2026-09-01,0.8707,proxy_eur_l
2024-02-10,2.354,1.0782,0.5767584968012255,SP95,0.5773099066951777,0.5704879575420152,0.5620444629146755,0.6880414028642341,2026-09-01,0.8707,proxy_eur_l
2024-02-11,2.354,1.0782,0.5767584968012255,SP95,0.5767584968012255,0.5751680055376338,0.5685549727790172,0.6880414028642341,2026-09-01,0.8707,proxy_eur_l
2024-02-12,2.386,1.0774,0.585032965404253,SP95,0.5795166530022348,0.5787442364582023,0.5734616071307936,0.6979123922248733,2026-09-01,0.8707,proxy_eur_l
2024-02-13,2.404,1.072,0.5924156845792806,SP95,0.5847357155949199,0.581544828077442,0.579041239667386,0.7067195731963039,2026-09-01,0.8707,proxy_eur_l
2024-02-14,2.334,1.0735,0.5743619657232589,SP95,0.5839368719022643,0.5810655218618487,0.5800712617990786,0.6851824721089235,2026-09-01,0.8707,proxy_eur_l
2024-02-15,2.326,1.0761,0.5710103092510485,SP95,0.5792626531845294,0.5799158843518133,0.5790137736230739,0.6811841288962123,2026-09-01,0.8707,proxy_eur_l
2024-02-16,2.348,1.0769,0.5759828943606022,SP95,0.5737850564449699,0.5797607638636887,0.5789029732744134,0.6871161514907893,2026-09-01,0.8707,proxy_eur_l
2024-02-17,2.348,1.0769,0.5759828943606022,SP95,0.574325365990751,0.5779507496549585,0.5787921729257529,0.6871161514907893,2026-09-01,0.8707,proxy_eur_l
2024-02-18,2.348,1.0769,0.5759828943606022,SP95,0.5759828943606022,0.5746641916112228,0.5786813725770925,0.6871161514907893,2026-09-01,0.8707,proxy_eur_l
2024-02-19,2.348,1.0769,0.5759828943606022,SP95,0.5759828943606022,0.5749883773386915,0.5773885052851424,0.6871161514907893,2026-09-01,0.8707,proxy_eur_l
2024-02-20,2.312,1.0814,0.5647917376105411,SP95,0.5722525087772485,0.57374466301059,0.5734422271467511,0.6737657123855301,2026-09-01,0.8707,proxy_eur_l
2024-02-21,2.367,1.0818,0.5780137252095926,SP95,0.5729294523935787,0.5741508291803881,0.5739639070733702,0.6895388218356024,2026-09-01,0.8707,proxy_eur_l
2024-02-22,2.36,1.0815,0.5764642104163017,SP95,0.5730898910788119,0.5742470923915279,0.5747430358112634,0.6876903352713859,2026-09-01,0.8707,proxy_eur_l
2024-02-23,2.315,1.0828,0.5647934071011392,SP95,0.5730904475756778,0.5720091949396353,0.5731445376313402,0.6737677039966803,2026-09-01,0.8707,proxy_eur_l
2024-02-24,2.315,1.0828,0.5647934071011392,SP95,0.5686836748728602,0.5697712974877428,0.5715460394514169,0.6737677039966803,2026-09-01,0.8707,proxy_eur_l
2024-02-25,2.315,1.0828,0.5647934071011392,SP95,0.5647934071011392,0.5697716313858624,0.5699475412714936,0.6737677039966803,2026-09-01,0.8707,proxy_eur_l
2024-02-26,2.341,1.0855,0.5697160521146252,SP95,0.5664342887723013,0.568112096766869,0.5690522780934969,0.6796401507827547,2026-09-01,0.8707,proxy_eur_l
2024-02-27,2.377,1.0857,0.5783706074010488,SP95,0.5709600222056045,0.5684933761638183,0.5709921166349979,0.6899645628086937,2026-09-01,0.8707,proxy_eur_l
2024-02-28,2.346,1.0843,0.571564728241461,SP95,0.5732171292523783,0.5698476403918826,0.5700708313538363,0.6818455204874132,2026-09-01,0.8707,proxy_eur_l
2024-02-29,2.39,1.0807,0.5842243038178725,SP95,0.5780532131534608,0.5737338197352293,0.5711794161254893,0.696947703095157,2026-09-01,0.8707,proxy_eur_l
2024-03-01,2.42,1.0832,0.5901923621738545,SP95,0.5819937980777294,0.5788136107497724,0.5748078382787344,0.704067270932301,2026-09-01,0.8707,proxy_eur_l
2024-03-02,2.42,1.0832,0.5901923621738545,SP95,0.5882030093885273,0.5829088727616183,0.5784362604319794,0.704067270932301,2026-09-01,0.8707,proxy_eur_l
2024-03-03,2.42,1.0832,0.5901923621738545,SP95,0.5901923621738545,0.5852732237161794,0.5820646825852245,0.704067270932301,2026-09-01,0.8707,proxy_eur_l
2024-03-04,2.396,1.0862,0.5827253152735441,SP95,0.5877033465404179,0.587505341122596,0.5839231487507843,0.69515949158785,2026-09-01,0.8707,proxy_eur_l
2024-03-05,2.379,1.0861,0.5786440590737825,SP95,0.5838539121737272,0.586389292173778,0.5839622132754606,0.6902907757272145,2026-09-01,0.8707,proxy_eur_l
2024-03-06,2.353,1.0913,0.5695929984410549,SP95,0.5769874575961272,0.5822694194272181,0.5836805375896883,0.6794933544673811,2026-09-01,0.8707,proxy_eur_l
2024-03-07,2.36,1.0941,0.5698254671101637,SP95,0.5726875082083338,0.5781960404144799,0.5816235609171584,0.6797706768997382,2026-09-01,0.8707,proxy_eur_l
2024-03-08,2.33,1.0941,0.5625819230367296,SP95,0.5673334628626495,0.572673952587055,0.5776792124689977,0.6711295242272842,2026-09-01,0.8707,proxy_eur_l
2024-03-09,2.33,1.0941,0.5625819230367296,SP95,0.5649964377278743,0.5686452741396921,0.5737348640208371,0.6711295242272842,2026-09-01,0.8707,proxy_eur_l
2024-03-10,2.33,1.0941,0.5625819230367296,SP95,0.5625819230367296,0.5654328469322815,0.5697905155726762,0.6711295242272842,2026-09-01,0.8707,proxy_eur_l
2024-03-11,2.412,1.0928,0.5830737466030874,SP95,0.5694125308921824,0.568128996564688,0.5698402914768967,0.6955751511439907,2026-09-01,0.8707,proxy_eur_l
2024-03-12,2.42,1.0918,0.5855434756427176,SP95,0.5770663817608449,0.5712725982711987,0.570825922415316,0.6985214030718705,2026-09-01,0.8707,proxy_eur_l
2024-03-13,2.488,1.0944,0.60056658101889,SP95,0.589727934421565,0.5788695298676308,0.5752507199264354,0.716443147711484,2026-09-01,0.8707,proxy_eur_l
2024-03-14,2.527,1.0888,0.6131179062353427,SP95,0.5997426542989835,0.5889767265073534,0.5814353540871752,0.7314161935489163,2026-09-01,0.8707,proxy_eur_l
2024-03-15,2.545,1.0888,0.6174851885116529,SP95,0.610389891921962,0.5999573796023381,0.58927867772645,0.7366261229054182,2026-09-01,0.8707,proxy_eur_l
2024-03-16,2.545,1.0888,0.6174851885116529,SP95,0.6160294277528829,0.6068396679840513,0.5971220013657248,0.7366261229054182,2026-09-01,0.8707,proxy_eur_l
2024-03-17,2.545,1.0888,0.6174851885116529,SP95,0.6174851885116529,0.6132280105578383,0.6049653250049996,0.7366261229054182,2026-09-01,0.8707,proxy_eur_l
2024-03-18,2.55,1.0886,0.6188119911016704,SP95,0.6179274560416589,0.6168770925743944,0.610070788504797,0.7382089259684378,2026-09-01,0.8707,proxy_eur_l
2024-03-19,2.566,1.0859,0.6242430116502522,SP95,0.6201800637545253,0.6191021136573763,0.6155992936487306,0.7446878370169187,2026-09-01,0.8707,proxy_eur_l
2024-03-20,2.586,1.0856,0.6292823575885886,SP95,0.6241124534468371,0.6214615474727634,0.6197015474444019,0.750699501635925,2026-09-01,0.8707,proxy_eur_l
2024-03-21,2.572,1.0861,0.625587440074724,SP95,0.626370936437855,0.6230819977853777,0.6214829094214563,0.7462916667382915,2026-09-01,0.8707,proxy_eur_l
2024-03-22,2.585,1.0817,0.6313069754514317,SP95,0.6287255910382482,0.6258463551733333,0.6234574504128533,0.7531147602274157,2026-09-01,0.8707,proxy_eur_l
2024-03-23,2.585,1.0817,0.6313069754514317,SP95,0.6294004636591959,0.6283453520432857,0.6254319914042502,0.7531147602274157,2026-09-01,0.8707,proxy_eur_l
2024-03-24,2.585,1.0817,0.6313069754514317,SP95,0.6313069754514317,0.6297581448035215,0.6274065323956471,0.7531147602274157,2026-09-01,0.8707,proxy_eur_l
2024-03-25,2.555,1.0837,0.6228288214220441,SP95,0.6284809241083026,0.6284674375702126,0.6279803652985577,0.7430007852718128,2026-09-01,0.8707,proxy_eur_l
2024-03-26,2.49,1.0829,0.6074322747915687,SP95,0.6205226905550149,0.6248364045135816,0.6255788314616029,0.7246335456010501,2026-09-01,0.8707,proxy_eur_l
2024-03-27,2.491,1.0821,0.6081254804769871,SP95,0.6127955255635333,0.6202001055186926,0.6225564204456598,0.7254605021433707,2026-09-01,0.8707,proxy_eur_l
2024-03-28,2.583,1.0801,0.6317529962421048,SP95,0.6157702505035536,0.6202893096768273,0.6234372141838571,0.7536468386835172,2026-09-01,0.8707,proxy_eur_l
2024-03-29,2.583,1.0791,0.632338440590397,SP95,0.6240723057698297,0.6204956027046202,0.6235845663465664,0.754345241833071,2026-09-01,0.8707,proxy_eur_l
2024-03-30,2.583,1.0791,0.632338440590397,SP95,0.6321432924742997,0.622397526538291,0.6237319185092758,0.754345241833071,2026-09-01,0.8707,proxy_eur_l
2024-03-31,2.583,1.0791,0.632338440590397,SP95,0.632338440590397,0.6273787596980566,0.623879270671985,0.754345241833071,2026-09-01,0.8707,proxy_eur_l
2024-04-01,2.693,1.0733,0.6628299049664528,SP95,0.6425022620490823,0.6383196445959498,0.6295937111783292,0.7907198943800913,2026-09-01,0.8707,proxy_eur_l
2024-04-02,2.743,1.0769,0.6728795056350647,SP95,0.6560159503973049,0.6465449464745416,0.6389433155845429,0.8027085193949042,2026-09-01,0.8707,proxy_eur_l
2024-04-03,2.751,1.0827,0.6712268551189308,SP95,0.6689787552401496,0.6543226293802485,0.6479577976762492,0.8007369975432599,2026-09-01,0.8707,proxy_eur_l
2024-04-04,2.787,1.0865,0.6776323147005611,SP95,0.6739128918181856,0.6633814042022813,0.6545119860274572,0.8083783611659514,2026-09-01,0.8707,proxy_eur_l
2024-04-05,2.763,1.0841,0.6732841810400922,SP95,0.6740477836198614,0.6715705522922203,0.6603613775202708,0.8031912750628727,2026-09-01,0.8707,proxy_eur_l
2024-04-06,2.763,1.0841,0.6732841810400922,SP95,0.6747335589269152,0.6736614075069481,0.6662107690130845,0.8031912750628727,2026-09-01,0.8707,proxy_eur_l
2024-04-07,2.763,1.0841,0.6732841810400922,SP95,0.6732841810400922,0.6737423425879537,0.6720601605058981,0.8031912750628727,2026-09-01,0.8707,proxy_eur_l
2024-04-08,2.736,1.0853,0.6659676911931209,SP95,0.6708453510911019,0.6726905098027917,0.6725084156811363,0.7944631020645181,2026-09-01,0.8707,proxy_eur_l
2024-04-09,2.748,1.0856,0.6687037581799853,SP95,0.6693185434710661,0.6709047984986766,0.6719118803304107,0.7977270806247186,2026-09-01,0.8707,proxy_eur_l
2024-04-10,2.754,1.0737,0.6775913497199783,SP95,0.6707542663643616,0.6717662322346538,0.6728210938448461,0.808329492180293,2026-09-01,0.8707,proxy_eur_l
2024-04-11,2.756,1.0722,0.6790320614615343,SP95,0.6751090564538327,0.6729158083189423,0.6730210576678423,0.8100481826430792,2026-09-01,0.8707,proxy_eur_l
2024-04-12,2.769,1.0647,0.6870408687702761,SP95,0.6812214266505962,0.6756671458649789,0.6749862987721542,0.8196022525814286,2026-09-01,0.8707,proxy_eur_l
2024-04-13,2.769,1.0647,0.6870408687702761,SP95,0.684371266334029,0.67988178138041,0.6769515398764662,0.8196022525814286,2026-09-01,0.8707,proxy_eur_l
2024-04-14,2.769,1.0647,0.6870408687702761,SP95,0.6870408687702761,0.6835492034984683,0.6789167809807781,0.8196022525814286,2026-09-01,0.8707,proxy_eur_l
2024-04-15,2.776,1.0644,0.6889718314038143,SP95,0.6876845229814555,0.6858252998352354,0.682203086725163,0.821905785596766,2026-09-01,0.8707,proxy_eur_l
2024-04-16,2.789,1.0628,0.6932403594532142,SP95,0.6897510198757683,0.6886669594335714,0.6857083154784814,0.8269979065513128,2026-09-01,0.8707,proxy_eur_l
2024-04-17,2.707,1.0644,0.6718468110987484,SP95,0.6846863339852591,0.6856281478992658,0.6848876671040198,0.8014765711853191,2026-09-01,0.8707,proxy_eur_l
2024-04-18,2.676,1.066,0.663156108921581,SP95,0.6760810931578479,0.6808511959295268,0.6826196738840267,0.7911090378918921,2026-09-01,0.8707,proxy_eur_l
2024-04-19,2.684,1.0655,0.6654507635187897,SP95,0.6668178945130397,0.6765331748792296,0.6795353731338143,0.7938464355668441,2026-09-01,0.8707,proxy_eur_l
2024-04-20,2.684,1.0655,0.6654507635187897,SP95,0.6646858786530535,0.6718289613022247,0.6764510723836018,0.7938464355668441,2026-09-01,0.8707,proxy_eur_l
2024-04-21,2.684,1.0655,0.6654507635187897,SP95,0.6654507635187897,0.6662710421153397,0.6733667716333896,0.7938464355668441,2026-09-01,0.8707,proxy_eur_l
2024-04-22,2.723,1.0655,0.675120130052781,SP95,0.6686738856967868,0.6669257059061462,0.6713879571546705,0.8053814620150954,2026-09-01,0.8707,proxy_eur_l
2024-04-23,2.759,1.0695,0.6814873234746438,SP95,0.6740194056820715,0.6705919488167588,0.6697089520148748,0.8129771761980392,2026-09-01,0.8707,proxy_eur_l
2024-04-24,2.763,1.0687,0.6829862268789783,SP95,0.6798645601354677,0.6740990414887965,0.6713002971263362,0.8147652861379812,2026-09-01,0.8707,proxy_eur_l
2024-04-25,2.797,1.0721,0.68919805097075,SP95,0.6845572004414574,0.6788484989791885,0.6750205745619317,0.8221756531913537,2026-09-01,0.8707,proxy_eur_l
2024-04-26,2.789,1.0686,0.6894776848464121,SP95,0.6872206542320468,0.6836538832447131,0.6784529918944493,0.822509241140497,2026-09-01,0.8707,proxy_eur_l
2024-04-27,2.789,1.0686,0.6894776848464121,SP95,0.6893844735545249,0.6865253942034393,0.6818854092269667,0.822509241140497,2026-09-01,0.8707,proxy_eur_l
2024-04-28,2.789,1.0686,0.6894776848464121,SP95,0.6894776848464121,0.688123466477793,0.6853178265594843,0.822509241140497,2026-09-01,0.8707,proxy_eur_l
2024-04-29,2.781,1.0717,0.6855113162340307,SP95,0.6881555619756184,0.6886284843488035,0.6868022817282341,0.8177775799001771,2026-09-01,0.8707,proxy_eur_l
2024-04-30,2.733,1.0684,0.6757602200438222,SP95,0.6835830737080885,0.685940918163418,0.6859841240952597,0.8061450544334783,2026-09-01,0.8707,proxy_eur_l
2024-05-01,2.608,1.068,0.6450943001404972,SP95,0.6687886121394501,0.677064241222235,0.680570991704048,0.7695622859655216,2026-09-01,0.8707,proxy_eur_l
2024-05-02,2.641,1.0706,0.6516704560787129,SP95,0.6575083254210109,0.6695027954686951,0.6752099067194713,0.7774072810237275,2026-09-01,0.8707,proxy_eur_l
2024-05-03,2.599,1.077,0.637495974075049,SP95,0.6447535767647531,0.6591064533144224,0.6677839480378481,0.7604978977432659,2026-09-01,0.8707,proxy_eur_l
2024-05-04,2.599,1.077,0.637495974075049,SP95,0.6422208014096037,0.6495033848826262,0.6603579893562247,0.7604978977432659,2026-09-01,0.8707,proxy_eur_l
2024-05-05,2.599,1.077,0.637495974075049,SP95,0.637495974075049,0.6418505356888715,0.6529320306746014,0.7604978977432659,2026-09-01,0.8707,proxy_eur_l
2024-05-06,2.575,1.0779,0.6310817653049747,SP95,0.6353579044850243,0.6390480287217669,0.6451563805418791,0.7528460968163574,2026-09-01,0.8707,proxy_eur_l
2024-05-07,2.54,1.0767,0.6231977458806511,SP95,0.6305918284202251,0.6333534866821545,0.6376474556614262,0.7434408920122573,2026-09-01,0.8707,proxy_eur_l
2024-05-08,2.533,1.0755,0.6221736946752114,SP95,0.6254844019536125,0.6302890308021871,0.6343730834520995,0.74221925482459,2026-09-01,0.8707,proxy_eur_l
2024-05-09,2.581,1.0771,0.6330220658586772,SP95,0.6261311688048466,0.6293942491589126,0.6317090277063802,0.755160769460717,2026-09-01,0.8707,proxy_eur_l
2024-05-10,2.521,1.0773,0.6181915380997792,SP95,0.6244624328778894,0.6255333619638587,0.6289512511384846,0.7374687594061761,2026-09-01,0.8707,proxy_eur_l
2024-05-11,2.521,1.0773,0.6181915380997792,SP95,0.6231350473527453,0.6229553165228197,0.6261934745705888,0.7374687594061761,2026-09-01,0.8707,proxy_eur_l
2024-05-12,2.521,1.0773,0.6181915380997792,SP95,0.6181915380997792,0.6219540749666452,0.623435698002693,0.7374687594061761,2026-09-01,0.8707,proxy_eur_l
2024-05-13,2.533,1.0796,0.6198108638599389,SP95,0.6187313133531659,0.6214815088035908,0.6218255692248309,0.739400526643059,2026-09-01,0.8707,proxy_eur_l
2024-05-14,2.481,1.0818,0.6058521555745666,SP95,0.6146181858447616,0.6160475267467687,0.619347627752533,0.7227485496299659,2026-09-01,0.8707,proxy_eur_l
2024-05-15,2.52,1.086,0.6129959225990184,SP95,0.6128863140111747,0.6150084036466165,0.6180365174559341,0.7312706737295664,2026-09-01,0.8707,proxy_eur_l
2024-05-16,2.554,1.0875,0.6204095831932976,SP95,0.6130858871222943,0.6154520126653201,0.6162347342180227,0.7401147661251487,2026-09-01,0.8707,proxy_eur_l
2024-05-17,2.588,1.0869,0.6290157986041846,SP95,0.6208071014655002,0.6176168647662011,0.6177810571472235,0.7503815113183265,2026-09-01,0.8707,proxy_eur_l
2024-05-18,2.588,1.0869,0.6290157986041846,SP95,0.626147060133889,0.6194578517150504,0.6193273800764242,0.7503815113183265,2026-09-01,0.8707,proxy_eur_l
2024-05-19,2.588,1.0869,0.6290157986041846,SP95,0.6290157986041846,0.624090580320974,0.6208737030056249,0.7503815113183265,2026-09-01,0.8707,proxy_eur_l
2024-05-20,2.551,1.0861,0.6204796110538962,SP95,0.6261704027540885,0.6255873180119494,0.6209692383190475,0.740198305540195,2026-09-01,0.8707,proxy_eur_l
2024-05-21,2.527,1.0855,0.6149818298563253,SP95,0.6214924131714687,0.6245017673445551,0.6222734775021559,0.7336397526817688,2026-09-01,0.8707,proxy_eur_l
2024-05-22,2.482,1.0836,0.605089547760174,SP95,0.6135169962234652,0.6197165171757529,0.6211439953823209,0.7218388001362698,2026-09-01,0.8707,proxy_eur_l
2024-05-23,2.505,1.0827,0.6112043882489718,SP95,0.6104252552884905,0.6161542351047105,0.6198289675331315,0.7291334710453893,2026-09-01,0.8707,proxy_eur_l
2024-05-24,2.503,1.0852,0.6093094794069717,SP95,0.6085344718053726,0.6122129712652677,0.6170137790763869,0.7268729482352694,2026-09-01,0.8707,proxy_eur_l
2024-05-25,2.503,1.0852,0.6093094794069717,SP95,0.6099411156876384,0.6099789449358829,0.6141985906196422,0.7268729482352694,2026-09-01,0.8707,proxy_eur_l
2024-05-26,2.503,1.0852,0.6093094794069717,SP95,0.6093094794069717,0.6088444748460122,0.6113834021628974,0.7268729482352694,2026-09-01,0.8707,proxy_eur_l
2024-05-27,2.503,1.0852,0.6093094794069717,SP95,0.6093094794069717,0.6096884611753717,0.6097876690704798,0.7268729482352694,2026-09-01,0.8707,proxy_eur_l
2024-05-28,2.526,1.0879,0.6133823000796791,SP95,0.6106670862978741,0.6101240435415132,0.6095591648166732,0.7317316009726037,2026-09-01,0.8707,proxy_eur_l
2024-05-29,2.47,1.0811,0.6035565343859279,SP95,0.6087494379575263,0.6089734545373044,0.6093401629060665,0.720009998864202,2026-09-01,0.8707,proxy_eur_l
2024-05-30,2.409,1.0837,0.5872386030550701,SP95,0.6013924791735591,0.6045592792669241,0.6059164793069377,0.7005435975419948,2026-09-01,0.8707,proxy_eur_l
2024-05-31,2.435,1.0846,0.5930840378868628,SP95,0.5946263917759537,0.6013141909629023,0.6035985590897793,0.7075168822084957,2026-09-01,0.8707,proxy_eur_l
2024-06-01,2.435,1.0846,0.5930840378868628,SP95,0.5911355596095987,0.5980691026588806,0.6012806388726208,0.7075168822084957,2026-09-01,0.8707,proxy_eur_l
2024-06-02,2.435,1.0846,0.5930840378868628,SP95,0.5930840378868628,0.5940094502203174,0.5989627186554625,0.7075168822084957,2026-09-01,0.8707,proxy_eur_l
2024-06-03,2.343,1.089,0.5683701732554102,SP95,0.5848460830097121,0.5869721779942138,0.5931142463480965,0.678034590771909,2026-09-01,0.8707,proxy_eur_l
2024-06-04,2.347,1.0878,0.5699685667260289,SP95,0.5771409259561007,0.5835181707284055,0.5869122844404322,0.6799413869300114,2026-09-01,0.8707,proxy_eur_l
2024-06-05,2.36,1.0865,0.5738113608515695,SP95,0.5707167002776696,0.5796636353213469,0.5826629739355239,0.6845256305531559,2026-09-01,0.8707,proxy_eur_l
2024-06-06,2.4,1.0883,0.5825718328214244,SP95,0.5754505867996743,0.5775611943082593,0.5819962924735744,0.6949763954006986,2026-09-01,0.8707,proxy_eur_l
2024-06-07,2.376,1.0807,0.5808020694022029,SP95,0.579061754358399,0.5751048006113272,0.5802417255471946,0.6928651642485745,2026-09-01,0.8707,proxy_eur_l
2024-06-08,2.376,1.0807,0.5808020694022029,SP95,0.5813919905419435,0.5775911798406856,0.5784871586208146,0.6928651642485745,2026-09-01,0.8707,proxy_eur_l
2024-06-09,2.376,1.0807,0.5808020694022029,SP95,0.5808020694022029,0.5797578803759206,0.5767325916944345,0.6928651642485745,2026-09-01,0.8707,proxy_eur_l
2024-06-10,2.413,1.0751,0.5929189492514297,SP95,0.5848410293519453,0.5835793980558925,0.580239559693866,0.7073199404782043,2026-09-01,0.8707,proxy_eur_l
2024-06-11,2.411,1.0733,0.5934210549105524,SP95,0.5890473578547284,0.5857492424737182,0.5835899151487978,0.7079189251208318,2026-09-01,0.8707,proxy_eur_l
2024-06-12,2.393,1.0843,0.5830155135046104,SP95,0.5897851725555309,0.5861919312941997,0.5849047940992322,0.6955056822363085,2026-09-01,0.8707,proxy_eur_l
2024-06-13,2.412,1.0756,0.5923977224691838,SP95,0.5896114302947822,0.5885110619075958,0.5863084926203407,0.7066981453794655,2026-09-01,0.8707,proxy_eur_l
2024-06-14,2.402,1.0699,0.5930846525509604,SP95,0.5894992961749184,0.5909675785373474,0.5880631473558775,0.7075176154692112,2026-09-01,0.8707,proxy_eur_l
2024-06-15,2.402,1.0699,0.5930846525509604,SP95,0.592855675857035,0.5910007191972534,0.5898178020914143,0.7075176154692112,2026-09-01,0.8707,proxy_eur_l
2024-06-16,2.402,1.0699,0.5930846525509604,SP95,0.5930846525509604,0.5909334387253351,0.591572456826951,0.7075176154692112,2026-09-01,0.8707,proxy_eur_l
2024-06-17,2.446,1.0723,0.6025970717784491,SP95,0.5962554589601233,0.5948497503801028,0.5929550457593825,0.7188654123481703,2026-09-01,0.8707,proxy_eur_l
2024-06-18,2.48,1.0739,0.6100630317983128,SP95,0.6019149187092409,0.5983828122459286,0.5953324710290625,0.7277718951035784,2026-09-01,0.8707,proxy_eur_l
2024-06-19,2.48,1.0739,0.6100630317983128,SP95,0.6075743784583583,0.6017784880953991,0.5991964022138772,0.7277718951035784,2026-09-01,0.8707,proxy_eur_l
2024-06-20,2.5,1.0708,0.6167632899657929,SP95,0.6122964511874729,0.6065142155783656,0.6026771975705356,0.735764937346863,2026-09-01,0.8707,proxy_eur_l
2024-06-21,2.511,1.0694,0.6202880339174404,SP95,0.6157047852271821,0.6119548918516615,0.6065633949086041,0.7399697644741252,2026-09-01,0.8707,proxy_eur_l
2024-06-22,2.511,1.0694,0.6202880339174404,SP95,0.6191131192668913,0.6154930842794599,0.6104495922466727,0.7399697644741252,2026-09-01,0.8707,proxy_eur_l
2024-06-23,2.511,1.0694,0.6202880339174404,SP95,0.6202880339174404,0.6175380847032853,0.6143357895847412,0.7399697644741252,2026-09-01,0.8707,proxy_eur_l
2024-06-24,2.512,1.0727,0.6186260795410355,SP95,0.6197340491253055,0.61925069425183,0.6166256478365393,0.7379871436250527,2026-09-01,0.8707,proxy_eur_l
2024-06-25,2.514,1.0705,0.6203909758322139,SP95,0.6197683630968966,0.619976231425114,0.6181010684128109,0.7400925685591057,2026-09-01,0.8707,proxy_eur_l
2024-06-26,2.536,1.0682,0.6271675011985249,SP95,0.6220615188572581,0.6213521248813311,0.6205445640414127,0.7481765934073578,2026-09-01,0.8707,proxy_eur_l
2024-06-27,2.544,1.0708,0.6276183238691908,SP95,0.62505893363331,0.6228181828716812,0.6220952831704694,0.7487144002441678,2026-09-01,0.8707,proxy_eur_l
2024-06-28,2.527,1.0711,0.6232497211362535,SP95,0.6260118487346564,0.6234105203154436,0.6225183813445857,0.7435028956549904,2026-09-01,0.8707,proxy_eur_l
2024-06-29,2.527,1.0711,0.6232497211362535,SP95,0.6247059220472327,0.6243352486344873,0.6229414795187018,0.7435028956549904,2026-09-01,0.8707,proxy_eur_l
2024-06-30,2.527,1.0711,0.6232497211362535,SP95,0.6232497211362535,0.6249069976952952,0.623364577692818,0.7435028956549904,2026-09-01,0.8707,proxy_eur_l
2024-07-01,2.573,1.0728,0.633589383592017,SP95,0.6266962752881747,0.6261913741739937,0.6255021925572439,0.7558375485481197,2026-09-01,0.8707,proxy_eur_l
2024-07-02,2.577,1.0737,0.6340424503371038,SP95,0.6302938516884583,0.6274761994675763,0.6274524032007996,0.7563780324432154,2026-09-01,0.8707,proxy_eur_l
2024-07-03,2.592,1.0799,0.6340716359962225,SP95,0.6339011566417811,0.6296405824395701,0.6284387081718992,0.756412849341371,2026-09-01,0.8707,proxy_eur_l
2024-07-04,2.592,1.0799,0.6340716359962225,SP95,0.6340619074431829,0.6318049654115638,0.6293606099043324,0.756412849341371,2026-09-01,0.8707,proxy_eur_l
2024-07-05,2.579,1.0828,0.6292018129217444,SP95,0.6324483616380633,0.632995383768662,0.6302109087308311,0.7506034162451138,2026-09-01,0.8707,proxy_eur_l
2024-07-06,2.579,1.0828,0.6292018129217444,SP95,0.6308250872799038,0.6321178696346076,0.6310612075573296,0.7506034162451138,2026-09-01,0.8707,proxy_eur_l
2024-07-07,2.579,1.0828,0.6292018129217444,SP95,0.6292018129217444,0.6311497421515356,0.6319115063838284,0.7506034162451138,2026-09-01,0.8707,proxy_eur_l
2024-07-08,2.542,1.0835,0.6197742105163021,SP95,0.6260592787865971,0.6282902570555515,0.6299379102301549,0.7393568012049158,2026-09-01,0.8707,proxy_eur_l
2024-07-09,2.527,1.0813,0.6173705505493768,SP95,0.6221155246624746,0.6249500399661825,0.6275562102604796,0.7364893660742257,2026-09-01,0.8707,proxy_eur_l
2024-07-10,2.51,1.0823,0.6126506988995218,SP95,0.616598486655067,0.621639817161738,0.6244960763895223,0.7308588407009747,2026-09-01,0.8707,proxy_eur_l
2024-07-11,2.525,1.087,0.613647131742709,SP95,0.6145561270638692,0.6185288809259308,0.6215782900675918,0.7320475306900931,2026-09-01,0.8707,proxy_eur_l
2024-07-12,2.503,1.0902,0.6065149945445291,SP95,0.6109376083955868,0.6139915172504878,0.6183373160137039,0.7235392803383914,2026-09-01,0.8707,proxy_eur_l
2024-07-13,2.503,1.0902,0.6065149945445291,SP95,0.6088923736105891,0.6113396740561331,0.6150963419598161,0.7235392803383914,2026-09-01,0.8707,proxy_eur_l
2024-07-14,2.503,1.0902,0.6065149945445291,SP95,0.6065149945445291,0.6091685628551635,0.6118553679059282,0.7235392803383914,2026-09-01,0.8707,proxy_eur_l
2024-07-15,2.483,1.0912,0.6011173075561608,SP95,0.6047157655484064,0.6068618845864914,0.6091900960544793,0.7171001344076486,2026-09-01,0.8707,proxy_eur_l
2024-07-16,2.464,1.0885,0.5979971860454549,SP95,0.601876496048715,0.6037318954470405,0.606422472553919,0.7133779997650916,2026-09-01,0.8707,proxy_eur_l
2024-07-17,2.492,1.0933,0.6021373405986516,SP95,0.6004172780667559,0.6028563646578651,0.6049205642252234,0.7183169781462597,2026-09-01,0.8707,proxy_eur_l
2024-07-18,2.498,1.0913,0.6046932894627095,SP95,0.6016092720356054,0.6024920236415012,0.6036414438995091,0.7213660856181547,2026-09-01,0.8707,proxy_eur_l
2024-07-19,2.446,1.0888,0.5934651359919463,SP95,0.6000985886844359,0.5998820519309846,0.6017771783919973,0.7079715114446575,2026-09-01,0.8707,proxy_eur_l
2024-07-20,2.446,1.0888,0.5934651359919463,SP95,0.5972078538155342,0.5983516176181417,0.5999129128844854,0.7079715114446575,2026-09-01,0.8707,proxy_eur_l
2024-07-21,2.446,1.0888,0.5934651359919463,SP95,0.5934651359919463,0.5974452076074399,0.5980486473769737,0.7079715114446575,2026-09-01,0.8707,proxy_eur_l
2024-07-22,2.457,1.088,0.596572364562473,SP95,0.5945008788487885,0.5963322124002043,0.5973993698064468,0.7116782655133744,2026-09-01,0.8707,proxy_eur_l
2024-07-23,2.415,1.0855,0.5877250174527209,SP95,0.5925875060023801,0.5929385579982066,0.5959319171503419,0.7011238633662334,2026-09-01,0.8707,proxy_eur_l
2024-07-24,2.433,1.0853,0.5922146903044091,SP95,0.5921706907732011,0.5926884688606991,0.594514395679736,0.7064797979981624,2026-09-01,0.8707,proxy_eur_l
2024-07-25,2.457,1.0861,0.5976159954368572,SP95,0.5925185677313292,0.5935186407496813,0.5935033536760427,0.7129232601772869,2026-09-01,0.8707,proxy_eur_l
2024-07-26,2.446,1.0859,0.5950500415029294,SP95,0.594960242414732,0.5938356218518779,0.5937297687490403,0.7098622172031891,2026-09-01,0.8707,proxy_eur_l
2024-07-27,2.446,1.0859,0.5950500415029294,SP95,0.5959053594809054,0.5935311572399692,0.5939561838220379,0.7098622172031891,2026-09-01,0.8707,proxy_eur_l
2024-07-28,2.446,1.0859,0.5950500415029294,SP95,0.5950500415029294,0.5949961620500108,0.5941825988950356,0.7098622172031891,2026-09-01,0.8707,proxy_eur_l
2024-07-29,2.405,1.0819,0.5872389184964847,SP95,0.5924463338341145,0.594001007688426,0.5928492494570372,0.7005439738463832,2026-09-01,0.8707,proxy_eur_l
2024-07-30,2.387,1.0809,0.5833830039586458,SP95,0.5885573213193535,0.5911544093927837,0.5922289618150264,0.6959440782875779,2026-09-01,0.8707,proxy_eur_l
2024-07-31,2.477,1.0823,0.6045959287546278,SP95,0.5917392837365861,0.5930635868431233,0.5939977101650576,0.7212499396080935,2026-09-01,0.8707,proxy_eur_l
2024-08-01,2.399,1.0789,0.5874026819975884,SP95,0.5917938715702874,0.5915341149420552,0.5925386653880194,0.7007393347637555,2026-09-01,0.8707,proxy_eur_l
2024-08-02,2.328,1.0914,0.5634895894170511,SP95,0.5851627333897558,0.5852220245248795,0.5880300293757509,0.6722123206717453,2026-09-01,0.8707,proxy_eur_l
2024-08-03,2.328,1.0914,0.5634895894170511,SP95,0.5714606202772302,0.5804721587089928,0.5835213933634825,0.6722123206717453,2026-09-01,0.8707,proxy_eur_l
2024-08-04,2.328,1.0914,0.5634895894170511,SP95,0.5634895894170511,0.5764934758006739,0.5790127573512143,0.6722123206717453,2026-09-01,0.8707,proxy_eur_l
2024-08-05,2.38,1.0957,0.5738153551267621,SP95,0.5669315113202882,0.5703373610751008,0.5770951054412539,0.6845303955054229,2026-09-01,0.8707,proxy_eur_l
2024-08-06,2.346,1.0926,0.5672228032511589,SP95,0.5681759159316574,0.5663013853258148,0.5747865053401844,0.6766658409889276,2026-09-01,0.8707,proxy_eur_l
2024-08-07,2.387,1.0925,0.5771887313308012,SP95,0.5727422965695741,0.5690412137085649,0.5708711914224949,0.6885546491725794,2026-09-01,0.8707,proxy_eur_l
2024-08-08,2.421,1.0914,0.5860001271386086,SP95,0.5768038872401897,0.5735433212528764,0.5706708264426406,0.699066163378993,2026-09-01,0.8707,proxy_eur_l
2024-08-09,2.419,1.0925,0.5849264939628018,SP95,0.5827051174774039,0.5778307021620265,0.5737332413777478,0.6977853776072347,2026-09-01,0.8707,proxy_eur_l
2024-08-10,2.419,1.0925,0.5849264939628018,SP95,0.5852843716880708,0.5800529299292345,0.5767956563128551,0.6977853776072347,2026-09-01,0.8707,proxy_eur_l
2024-08-11,2.419,1.0925,0.5849264939628018,SP95,0.5849264939628018,0.583593668071563,0.5798580712479623,0.6977853776072347,2026-09-01,0.8707,proxy_eur_l
2024-08-12,2.462,1.0928,0.5951606816487569,SP95,0.5883378898581202,0.5871880581351542,0.5829074036082472,0.7099942048575895,2026-09-01,0.8707,proxy_eur_l
2024-08-13,2.4,1.0954,0.578795805787435,SP95,0.586294327132998,0.5857471938649195,0.5845606896848582,0.6904718012731242,2026-09-01,0.8707,proxy_eur_l
2024-08-14,2.352,1.1024,0.5636181668599103,SP95,0.579191551432034,0.5814855284443412,0.582622037617588,0.6723657065423517,2026-09-01,0.8707,proxy_eur_l
2024-08-15,2.38,1.0986,0.572300641373014,SP95,0.5715715380067864,0.5789603579263836,0.580664968222503,0.6827234246816783,2026-09-01,0.8707,proxy_eur_l
2024-08-16,2.339,1.0996,0.5619301841266908,SP95,0.5659496641198717,0.5743610959591614,0.5773797811030587,0.6703520352844228,2026-09-01,0.8707,proxy_eur_l
2024-08-17,2.339,1.0996,0.5619301841266908,SP95,0.5653870032087986,0.5677149964547482,0.5740945939836142,0.6703520352844228,2026-09-01,0.8707,proxy_eur_l
2024-08-18,2.339,1.0996,0.5619301841266908,SP95,0.5619301841266908,0.5643418721225993,0.5708094068641698,0.6703520352844228,2026-09-01,0.8707,proxy_eur_l
2024-08-19,2.292,1.107,0.5469578536629414,SP95,0.5569394073054411,0.5610098094832056,0.5639232885804819,0.6524908623436532,2026-09-01,0.8707,proxy_eur_l
2024-08-20,2.28,1.1106,0.5423305234797212,SP95,0.5504061870897846,0.555015785904547,0.5587139625365227,0.6469707100295796,2026-09-01,0.8707,proxy_eur_l
2024-08-21,2.215,1.1143,0.5251198922851106,SP95,0.5381360898092579,0.547653727536231,0.5532142090258371,0.6264393665001926,2026-09-01,0.8707,proxy_eur_l
2024-08-22,2.253,1.1114,0.535522434733587,SP95,0.534324283499473,0.5423721776576101,0.5479601795059189,0.6388490317921651,2026-09-01,0.8707,proxy_eur_l
2024-08-23,2.301,1.1176,0.5438975415856295,SP95,0.5348466228681091,0.5387656491493978,0.5453840877143388,0.6488400770902861,2026-09-01,0.8707,proxy_eur_l
2024-08-24,2.301,1.1176,0.5438975415856295,SP95,0.5411058393016154,0.5381535867339355,0.5428079959227585,0.6488400770902861,2026-09-01,0.8707,proxy_eur_l
2024-08-25,2.301,1.1176,0.5438975415856295,SP95,0.5438975415856295,0.5384669903551172,0.5402319041311784,0.6488400770902861,2026-09-01,0.8707,proxy_eur_l
2024-08-26,2.298,1.1164,0.5437722826218425,SP95,0.5438557885977007,0.5421974684224635,0.5397768225538785,0.6486906499840652,2026-09-01,0.8707,proxy_eur_l
2024-08-27,2.256,1.116,0.5340252241218483,SP95,0.5405650161097736,0.5418980263001159,0.5385903512170396,0.6370629412613845,2026-09-01,0.8707,proxy_eur_l
2024-08-28,2.232,1.1127,0.5299110459812953,SP95,0.5359028509083288,0.5391007271792491,0.5392748017450659,0.6321549513225125,2026-09-01,0.8707,proxy_eur_l
2024-08-29,2.268,1.1086,0.5404494089376516,SP95,0.5347952263469318,0.5384111006496535,0.5399786552027895,0.6447266430662802,2026-09-01,0.8707,proxy_eur_l
2024-08-30,2.22,1.106,0.5302549333047826,SP95,0.5335384627412433,0.535682578993484,0.5380297111626685,0.6325651901274744,2026-09-01,0.8707,proxy_eur_l
2024-08-31,2.22,1.106,0.5302549333047826,SP95,0.5336530918490724,0.5329791091300721,0.5360807671225475,0.6325651901274744,2026-09-01,0.8707,proxy_eur_l
2024-09-01,2.22,1.106,0.5302549333047826,SP95,0.5302549333047826,0.532225050966659,0.5341318230824265,0.6325651901274744,2026-09-01,0.8707,proxy_eur_l
2024-09-02,2.22,1.106,0.5302549333047826,SP95,0.5302549333047826,0.5322938284313563,0.5322007731799894,0.6325651901274744,2026-09-01,0.8707,proxy_eur_l
2024-09-03,1.979,1.1043,0.4734189003140231,SP95,0.5113095889745295,0.5188877267066306,0.5235427269217287,0.5647629053079456,2026-09-01,0.8707,proxy_eur_l
2024-09-04,2.062,1.1081,0.4915826838394567,SP95,0.4984188391527542,0.5111532768135655,0.5180672466157517,0.5864313075377764,2026-09-01,0.8707,proxy_eur_l
2024-09-05,2.039,1.1096,0.4854423348578449,SP95,0.48348130633710834,0.5021907571241779,0.5102090931757793,0.5791062063891752,2026-09-01,0.8707,proxy_eur_l
2024-09-06,2.009,1.1086,0.47873142087995685,SP95,0.4852521465257529,0.49188605463921287,0.5028485914008042,0.5711004523457481,2026-09-01,0.8707,proxy_eur_l
2024-09-07,2.009,1.1086,0.47873142087995685,SP95,0.4809683922059196,0.4815813521542477,0.4954880896258291,0.5711004523457481,2026-09-01,0.8707,proxy_eur_l
2024-09-08,2.009,1.1086,0.47873142087995685,SP95,0.47873142087995685,0.4826438562674344,0.48812758785085403,0.5711004523457481,2026-09-01,0.8707,proxy_eur_l
2024-09-09,2.036,1.1042,0.4870986221709746,SP95,0.48152048797696284,0.481747043933738,0.48196240054602424,0.5810820667411116,2026-09-01,0.8707,proxy_eur_l
2024-09-10,1.994,1.1025,0.47778600671396637,SP95,0.48120534992163266,0.48021577830496226,0.4825862728888733,0.5699726248535423,2026-09-01,0.8707,proxy_eur_l
2024-09-11,2.009,1.1012,0.4819484682051582,SP95,0.4822776990300331,0.4808591877700025,0.4812099563696878,0.5749382141940579,2026-09-01,0.8707,proxy_eur_l
2024-09-12,2.048,1.1041,0.4900139147083488,SP95,0.4832494632091579,0.48311568653568104,0.4818630392054741,0.584559851599591,2026-09-01,0.8707,proxy_eur_l
2024-09-13,2.051,1.1085,0.48878383345652904,SP95,0.4869154054566787,0.4851261690509954,0.48329909814498434,0.5830924318132628,2026-09-01,0.8707,proxy_eur_l
2024-09-14,2.051,1.1085,0.48878383345652904,SP95,0.48919386054046904,0.4854632113081063,0.4847351570844947,0.5830924318132628,2026-09-01,0.8707,proxy_eur_l
2024-09-15,2.051,1.1085,0.48878383345652904,SP95,0.48878383345652904,0.48766277665661883,0.48617121602400504,0.5830924318132628,2026-09-01,0.8707,proxy_eur_l
2024-09-16,2.085,1.1123,0.49518900401576865,SP95,0.49091889030960895,0.4903108838187409,0.4873269848589756,0.5907334506480191,2026-09-01,0.8707,proxy_eur_l
2024-09-17,2.105,1.1118,0.5001638516045175,SP95,0.49471222969227185,0.49234087119797465,0.49052381984334004,0.5966681722567727,2026-09-01,0.8707,proxy_eur_l
2024-09-18,2.078,1.1116,0.4938372839152865,SP95,0.49639671317852424,0.4933515612897262,0.4922222220876441,0.5891209223552004,2026-09-01,0.8707,proxy_eur_l
2024-09-19,2.139,1.1147,0.506920265536987,SP95,0.5003071336855971,0.49697884770581774,0.49463741506316383,0.6047282052622853,2026-09-01,0.8707,proxy_eur_l
2024-09-20,2.124,1.1159,0.5028241233163432,SP95,0.5011938909228723,0.4997869056777805,0.49664317075742304,0.5998417311913287,2026-09-01,0.8707,proxy_eur_l
2024-09-21,2.124,1.1159,0.5028241233163432,SP95,0.5041895040565579,0.5013139295378954,0.49864892645168213,0.5998417311913287,2026-09-01,0.8707,proxy_eur_l
2024-09-22,2.124,1.1159,0.5028241233163432,SP95,0.5028241233163432,0.5018459838802606,0.5006546821459413,0.5998417311913287,2026-09-01,0.8707,proxy_eur_l
2024-09-23,2.076,1.113,0.4927414022421529,SP95,0.4994632162916132,0.5016268075456339,0.5003050247497105,0.5878135953406217,2026-09-01,0.8707,proxy_eur_l
2024-09-24,2.105,1.115,0.4987284037792847,SP95,0.498097976445927,0.4999884351940934,0.5000999607746772,0.5949557613588159,2026-09-01,0.8707,proxy_eur_l
2024-09-25,2.083,1.1143,0.4938260657471266,SP95,0.4950986239228548,0.4981888236802501,0.5000983581792259,0.5891075396929577,2026-09-01,0.8707,proxy_eur_l
2024-09-26,2.028,1.1184,0.4790244297052262,SP95,0.49052629974387923,0.4934288849580267,0.49611323877468855,0.5714499958796675,2026-09-01,0.8707,proxy_eur_l
2024-09-27,2.033,1.1159,0.48128128187482366,SP95,0.48471059244239223,0.48912031666972283,0.4930356899973286,0.5741422973220202,2026-09-01,0.8707,proxy_eur_l
2024-09-28,2.033,1.1159,0.48128128187482366,SP95,0.4805289978182912,0.48682829259625693,0.4899581412199687,0.5741422973220202,2026-09-01,0.8707,proxy_eur_l
2024-09-29,2.033,1.1159,0.48128128187482366,SP95,0.48128128187482366,0.48333886821536476,0.4868805924426088,0.5741422973220202,2026-09-01,0.8707,proxy_eur_l
2024-09-30,2.05,1.1145,0.4859153946471101,SP95,0.4828259861322525,0.4817567339953614,0.48590544850045975,0.5796705408946049,2026-09-01,0.8707,proxy_eur_l
2024-10-01,2.081,1.1067,0.4967398942417158,SP95,0.4879788569212166,0.4852998269026593,0.4856213757093785,0.592583578028313,2026-09-01,0.8707,proxy_eur_l
2024-10-02,2.105,1.105,0.5032417829990068,SP95,0.49529902396261094,0.48969192712749604,0.4869664781739328,0.6003399763937374,2026-09-01,0.8707,proxy_eur_l
2024-10-03,2.202,1.1015,0.5281042753451137,SP95,0.5093619841952789,0.49905652582155396,0.4939778846939168,0.6299995725806875,2026-09-01,0.8707,proxy_eur_l
2024-10-04,2.196,1.0961,0.529259946153174,SP95,0.5202020014990982,0.5086522586772241,0.5008319795908239,0.6313782247694927,2026-09-01,0.8707,proxy_eur_l
2024-10-05,2.196,1.0961,0.529259946153174,SP95,0.5288747225504873,0.5173211689784368,0.5076860744877311,0.6313782247694927,2026-09-01,0.8707,proxy_eur_l
2024-10-06,2.196,1.0961,0.529259946153174,SP95,0.529259946153174,0.5238251793607285,0.5145401693846383,0.6313782247694927,2026-09-01,0.8707,proxy_eur_l
2024-10-07,2.257,1.0976,0.5432182235535178,SP95,0.5339127052866219,0.5318204674716307,0.5227262877998394,0.6480296877602678,2026-09-01,0.8707,proxy_eur_l
2024-10-08,2.181,1.097,0.5252135334486069,SP95,0.5325639010517663,0.5312423190923293,0.5267939505436809,0.6265510752966041,2026-09-01,0.8707,proxy_eur_l
2024-10-09,2.173,1.0951,0.5241949317635436,SP95,0.5308755629218895,0.5302293162144032,0.5297872575100434,0.62533593908927,2026-09-01,0.8707,proxy_eur_l
2024-10-10,2.248,1.0925,0.5435778248980482,SP95,0.5309954300367329,0.5330928919633781,0.531997764589034,0.6484586725345447,2026-09-01,0.8707,proxy_eur_l
2024-10-11,2.257,1.0942,0.5449061617367401,SP95,0.5375596394661107,0.5362221350800913,0.5342329382438292,0.650043305872482,2026-09-01,0.8707,proxy_eur_l
2024-10-12,2.257,1.0942,0.5449061617367401,SP95,0.5444633827905095,0.5365597227167357,0.5364681118986244,0.650043305872482,2026-09-01,0.8707,proxy_eur_l
2024-10-13,2.257,1.0942,0.5449061617367401,SP95,0.5449061617367401,0.5404982483743624,0.5387032855534195,0.650043305872482,2026-09-01,0.8707,proxy_eur_l
2024-10-14,2.257,1.0942,0.5449061617367401,SP95,0.5449061617367401,0.5446404943690017,0.5389444195795942,0.650043305872482,2026-09-01,0.8707,proxy_eur_l
2024-10-15,2.148,1.0899,0.5206363597259407,SP95,0.5368162277331404,0.5400522013345802,0.5382905376192133,0.6210907569020545,2026-09-01,0.8707,proxy_eur_l
2024-10-16,2.148,1.0873,0.5218813284882764,SP95,0.5291412833169858,0.5354472346848875,0.5379600228656037,0.6225759366757558,2026-09-01,0.8707,proxy_eur_l
2024-10-17,2.15,1.0837,0.5241025307465341,SP95,0.5222067396535838,0.5312865084868463,0.535177837986816,0.6252257097199206,2026-09-01,0.8707,proxy_eur_l
2024-10-18,2.108,1.0854,0.5130594125400562,SP95,0.5196810905916224,0.5249171586475094,0.5306283023872896,0.6120518725160983,2026-09-01,0.8707,proxy_eur_l
2024-10-19,2.108,1.0854,0.5130594125400562,SP95,0.5167404519422155,0.5185478088081727,0.5260787667877634,0.6120518725160983,2026-09-01,0.8707,proxy_eur_l
2024-10-20,2.108,1.0854,0.5130594125400562,SP95,0.5130594125400562,0.5170324193709959,0.5215292311882371,0.6120518725160983,2026-09-01,0.8707,proxy_eur_l
2024-10-21,2.118,1.082,0.5171131302167822,SP95,0.5144106517656316,0.516078779716697,0.5175587981139574,0.616887736422012,2026-09-01,0.8707,proxy_eur_l
2024-10-22,2.172,1.0805,0.5310335008994894,SP95,0.5204020145521093,0.5174649737472881,0.519044103995893,0.6334939787678806,2026-09-01,0.8707,proxy_eur_l
2024-10-23,2.15,1.0779,0.526922638992503,SP95,0.5250230900362582,0.5202376190377774,0.5197642912107824,0.6285899449146284,2026-09-01,0.8707,proxy_eur_l
2024-10-24,2.141,1.0806,0.5234058523957021,SP95,0.5271206640958982,0.5223069070089066,0.5196647657320922,0.6243946104773259,2026-09-01,0.8707,proxy_eur_l
2024-10-25,2.185,1.0813,0.5338166414524687,SP95,0.5280483776135579,0.5264583527913891,0.5226300841481512,0.6368141135228267,2026-09-01,0.8707,proxy_eur_l
2024-10-26,2.185,1.0813,0.5338166414524687,SP95,0.5303463784335466,0.5297990550385263,0.52559540256421,0.6368141135228267,2026-09-01,0.8707,proxy_eur_l
2024-10-27,2.185,1.0813,0.5338166414524687,SP95,0.5338166414524687,0.5303556831491222,0.528560720980269,0.6368141135228267,2026-09-01,0.8707,proxy_eur_l
2024-10-28,2.082,1.0819,0.5083706562618218,SP95,0.5253346463889197,0.526645286602986,0.5273117961295604,0.6064584422237713,2026-09-01,0.8707,proxy_eur_l
2024-10-29,2.043,1.0798,0.499818024604276,SP95,0.5140017741061889,0.5219277210447008,0.5228524423731012,0.5962556195233251,2026-09-01,0.8707,proxy_eur_l
2024-10-30,2.095,1.0864,0.5094260398474972,SP95,0.5058715735711984,0.5170496007237064,0.520352928209529,0.6077174572307029,2026-09-01,0.8707,proxy_eur_l
2024-10-31,2.093,1.0855,0.5093616817923581,SP95,0.5062019154147105,0.5121586087916844,0.5183466181233369,0.607640681584069,2026-09-01,0.8707,proxy_eur_l
2024-11-01,2.067,1.0848,0.5033588055164941,SP95,0.5073821757187832,0.5060670416044895,0.513995498703912,0.6004795778691301,2026-09-01,0.8707,proxy_eur_l
2024-11-02,2.067,1.0848,0.5033588055164941,SP95,0.5053597642751155,0.5050646714554239,0.5096443792844871,0.6004795778691301,2026-09-01,0.8707,proxy_eur_l
2024-11-03,2.067,1.0848,0.5033588055164941,SP95,0.5033588055164941,0.5057728276378676,0.5052932598650622,0.6004795778691301,2026-09-01,0.8707,proxy_eur_l
2024-11-04,2.124,1.0884,0.5155287019558134,SP95,0.507415437662934,0.5069933600595308,0.5063158378213467,0.6149975999966956,2026-09-01,0.8707,proxy_eur_l
2024-11-05,2.162,1.092,0.5230219571413158,SP95,0.5139698215378745,0.5097254151293223,0.5096306853266381,0.6239366443947353,2026-09-01,0.8707,proxy_eur_l
2024-11-06,2.154,1.0732,0.5302148721388853,SP95,0.5229218437453382,0.5150966284538006,0.5126005185111221,0.6325173993433989,2026-09-01,0.8707,proxy_eur_l
2024-11-07,2.163,1.0792,0.5294701160588168,SP95,0.5275689817796727,0.5203188905622651,0.5154731519777591,0.6316289459942693,2026-09-01,0.8707,proxy_eur_l
2024-11-08,2.131,1.071,0.5256308530114046,SP95,0.5284386137363689,0.5247733000612472,0.5186548730484606,0.6270489147545791,2026-09-01,0.8707,proxy_eur_l
2024-11-09,2.131,1.071,0.5256308530114046,SP95,0.526910607360542,0.5267937302723654,0.5218365941191621,0.6270489147545791,2026-09-01,0.8707,proxy_eur_l
2024-11-10,2.131,1.071,0.5256308530114046,SP95,0.5256308530114046,0.5273155094463832,0.5250183151898635,0.6270489147545791,2026-09-01,0.8707,proxy_eur_l
2024-11-11,2.131,1.071,0.5256308530114046,SP95,0.5256308530114046,0.526398705620887,0.5264614796263766,0.6270489147545791,2026-09-01,0.8707,proxy_eur_l
2024-11-12,2.076,1.0598,0.5174761093560257,SP95,0.5229126051262784,0.5239999042803287,0.5256692156570494,0.6173207507209962,2026-09-01,0.8707,proxy_eur_l
2024-11-13,2.07,1.0567,0.5174942257796604,SP95,0.5202003960490303,0.52237257883398,0.5238519804628744,0.6173423626254616,2026-09-01,0.8707,proxy_eur_l
2024-11-14,2.093,1.0562,0.5234918628911235,SP95,0.5194873993422698,0.5219447808099238,0.5229979442960612,0.6244972163032634,2026-09-01,0.8707,proxy_eur_l
2024-11-15,2.054,1.0552,0.5142242186728931,SP95,0.5184034357812258,0.5196634539422215,0.5213684251048452,0.6134414226486873,2026-09-01,0.8707,proxy_eur_l
2024-11-16,2.054,1.0552,0.5142242186728931,SP95,0.5173134334123034,0.5173821270745191,0.5197389059136294,0.6134414226486873,2026-09-01,0.8707,proxy_eur_l
2024-11-17,2.054,1.0552,0.5142242186728931,SP95,0.5142242186728931,0.5167317489378926,0.5181093867224134,0.6134414226486873,2026-09-01,0.8707,proxy_eur_l
2024-11-18,2.12,1.0586,0.5290428405434296,SP95,0.5191637592964055,0.5190414718906464,0.5185968135127027,0.6311192296283259,2026-09-01,0.8707,proxy_eur_l
2024-11-19,2.142,1.0578,0.5349371678494553,SP95,0.5260680756885928,0.5213305328823129,0.5210912504403354,0.6381508403476676,2026-09-01,0.8707,proxy_eur_l
2024-11-20,2.151,1.0521,0.540095128431116,SP95,0.5346917122746672,0.5265047148339574,0.5243199508191149,0.6443040057612797,2026-09-01,0.8707,proxy_eur_l
2024-11-21,2.154,1.0475,0.5432234852309801,SP95,0.5394185938371838,0.5323045681455748,0.5271387540105229,0.6480359646542584,2026-09-01,0.8707,proxy_eur_l
2024-11-22,2.16,1.0399,0.548717793147034,SP95,0.5440121356030434,0.539203283040403,0.5320664075068288,0.6545903740774326,2026-09-01,0.8707,proxy_eur_l
2024-11-23,2.16,1.0399,0.548717793147034,SP95,0.546886357175016,0.5431382735611239,0.5369940610031346,0.6545903740774326,2026-09-01,0.8707,proxy_eur_l
2024-11-24,2.16,1.0399,0.548717793147034,SP95,0.548717793147034,0.5458943986206395,0.5419217144994404,0.6545903740774326,2026-09-01,0.8707,proxy_eur_l
2024-11-25,2.106,1.0478,0.5309661598265514,SP95,0.5428005820402065,0.5440686048997266,0.5421964743970292,0.6334136445438482,2026-09-01,0.8707,proxy_eur_l
2024-11-26,2.093,1.0481,0.5275375494567356,SP95,0.5357405008101069,0.5409314177448777,0.5411393860552122,0.6293234995320167,2026-09-01,0.8707,proxy_eur_l
2024-11-27,2.077,1.0575,0.518851397397517,SP95,0.5257850355602681,0.5349581385949744,0.5381045673361265,0.6189613942809231,2026-09-01,0.8707,proxy_eur_l
2024-11-28,2.077,1.0575,0.518851397397517,SP95,0.5217467814172565,0.5289848594450709,0.5346228405027746,0.6189613942809231,2026-09-01,0.8707,proxy_eur_l
2024-11-29,2.035,1.0547,0.509709041953951,SP95,0.515803945582995,0.5211831092064544,0.5290501617609057,0.6080550632953173,2026-09-01,0.8707,proxy_eur_l
2024-11-30,2.035,1.0547,0.509709041953951,SP95,0.5127564937684731,0.5169316856319343,0.5234774830190366,0.6080550632953173,2026-09-01,0.8707,proxy_eur_l
2024-12-01,2.035,1.0547,0.509709041953951,SP95,0.509709041953951,0.5133659841313774,0.5179048042771677,0.6080550632953173,2026-09-01,0.8707,proxy_eur_l
2024-12-02,2.068,1.0484,0.521087184544688,SP95,0.5135017561508635,0.5138131415608116,0.5164935220940443,0.6216285663014085,2026-09-01,0.8707,proxy_eur_l
2024-12-03,2.111,1.0518,0.5302027025366527,SP95,0.5203329763450973,0.5160834025886387,0.5168742582483182,0.6325028816722439,2026-09-01,0.8707,proxy_eur_l
2024-12-04,2.08,1.0527,0.5219700474066199,SP95,0.5244199781626536,0.5185356036791726,0.5173197796781901,0.6226817735023934,2026-09-01,0.8707,proxy_eur_l
2024-12-05,2.079,1.0571,0.5195475327335074,SP95,0.5239067608922601,0.5205033018350839,0.5174192275833316,0.6197918457364537,2026-09-01,0.8707,proxy_eur_l
2024-12-06,1.988,1.0563,0.4971826565256074,SP95,0.5129000788885782,0.5179980247494151,0.515629743950711,0.5931117692636978,2026-09-01,0.8707,proxy_eur_l
2024-12-07,1.988,1.0563,0.4971826565256074,SP95,0.5046376152615741,0.513217119145599,0.5138402603180906,0.5931117692636978,2026-09-01,0.8707,proxy_eur_l
2024-12-08,1.988,1.0563,0.4971826565256074,SP95,0.4971826565256074,0.5066131099433899,0.51205077668547,0.5931117692636978,2026-09-01,0.8707,proxy_eur_l
2024-12-09,2.03,1.057,0.507350299230881,SP95,0.5005718707606986,0.5036891603082421,0.5100883644977834,0.6052412119846253,2026-09-01,0.8707,proxy_eur_l
2024-12-10,2.023,1.0512,0.508390469863522,SP95,0.5043078085400036,0.501457747734245,0.5069723312587646,0.6064820787690242,2026-09-01,0.8707,proxy_eur_l
2024-12-11,2.061,1.0508,0.5181372286925617,SP95,0.5112926659289884,0.5056486621676359,0.506424785728185,0.6181094300006145,2026-09-01,0.8707,proxy_eur_l
2024-12-12,2.064,1.0514,0.5185953167844953,SP95,0.5150410051135265,0.5099311942194136,0.506288754878326,0.6186559040883955,2026-09-01,0.8707,proxy_eur_l
2024-12-13,2.07,1.0498,0.5208955499917767,SP95,0.519209365156278,0.5146737729126473,0.5096763110877788,0.6213999567406414,2026-09-01,0.8707,proxy_eur_l
2024-12-14,2.07,1.0498,0.5208955499917767,SP95,0.5201288055893497,0.5173828230648265,0.5130638672972315,0.6213999567406414,2026-09-01,0.8707,proxy_eur_l
2024-12-15,2.07,1.0498,0.5208955499917767,SP95,0.5208955499917767,0.5198838390904774,0.5164514235066843,0.6213999567406414,2026-09-01,0.8707,proxy_eur_l
2024-12-16,2.047,1.0512,0.5144217952598268,SP95,0.5187376317477934,0.5191407524039304,0.5174616372251052,0.613677120731682,2026-09-01,0.8707,proxy_eur_l
2024-12-17,2.019,1.0506,0.5076750178099197,SP95,0.5143307876871744,0.5169566926090153,0.5173594297888763,0.6056285835238345,2026-09-01,0.8707,proxy_eur_l
2024-12-18,2.003,1.0469,0.5054318663419346,SP95,0.5091762264705605,0.5138639558790469,0.5155443780245009,0.6029526262706181,2026-09-01,0.8707,proxy_eur_l
2024-12-19,1.986,1.0357,0.5065614521418198,SP95,0.5065561120978914,0.5109971363090555,0.5138252545041188,0.6043001604685866,2026-09-01,0.8707,proxy_eur_l
2024-12-20,2.014,1.043,0.5101078748315541,SP95,0.5073670644384363,0.508839601277011,0.5122841580526584,0.6085308491469976,2026-09-01,0.8707,proxy_eur_l
2024-12-21,2.014,1.043,0.5101078748315541,SP95,0.5089257339349761,0.5079768171913565,0.510743061601198,0.6085308491469976,2026-09-01,0.8707,proxy_eur_l
2024-12-22,2.014,1.043,0.5101078748315541,SP95,0.5101078748315541,0.5084633885956833,0.5092019651497376,0.6085308491469976,2026-09-01,0.8707,proxy_eur_l
2024-12-23,2.021,1.0409,0.5129135534785455,SP95,0.511043101047218,0.5099597260230055,0.508986502038126,0.6118778706178014,2026-09-01,0.8707,proxy_eur_l
2024-12-24,2.038,1.0388,0.5182736260164675,SP95,0.5137650181088558,0.5123021607979351,0.5105005889247757,0.6182721445624416,2026-09-01,0.8707,proxy_eur_l
2024-12-25,2.038,1.0388,0.5182736260164675,SP95,0.5164869351704936,0.5139353110349176,0.5123351260211375,0.6182721445624416,2026-09-01,0.8707,proxy_eur_l
2024-12-26,2.016,1.0423,0.510957361176271,SP95,0.5158348710697355,0.5141052083038611,0.5129631130260591,0.6095442399848867,2026-09-01,0.8707,proxy_eur_l
2024-12-27,2.02,1.0423,0.5119711654643191,SP95,0.5137340508856859,0.5144778664304142,0.5132292974021684,0.6107536531594598,2026-09-01,0.8707,proxy_eur_l
2024-12-28,2.02,1.0423,0.5119711654643191,SP95,0.5116332307016365,0.5142893888275688,0.5134954817782776,0.6107536531594598,2026-09-01,0.8707,proxy_eur_l
2024-12-29,2.02,1.0423,0.5119711654643191,SP95,0.5119711654643191,0.5130288967171392,0.513761666154387,0.6107536531594598,2026-09-01,0.8707,proxy_eur_l
2024-12-30,2.048,1.0386,0.5209169682548508,SP95,0.5149530997278298,0.5135575651648158,0.5149050111224306,0.6214255075593188,2026-09-01,0.8707,proxy_eur_l
2024-12-31,2.07,1.0351,0.528293061908383,SP95,0.520393731875851,0.5170247053112382,0.5163363591069899,0.6302247846452762,2026-09-01,0.8707,proxy_eur_l
2025-01-01,2.07,1.0351,0.528293061908383,SP95,0.5258343640238724,0.5202890846000511,0.5177677070915493,0.6302247846452762,2026-09-01,0.8707,proxy_eur_l
2025-01-02,2.122,1.0261,0.546314292080685,SP95,0.5343001386324838,0.5271577099233241,0.5228186972207512,0.6517231285064561,2026-09-01,0.8707,proxy_eur_l
2025-01-03,2.125,1.0292,0.5454387983492669,SP95,0.5400153841127784,0.5338512365003137,0.5275997876328867,0.6506787122759113,2026-09-01,0.8707,proxy_eur_l
2025-01-04,2.125,1.0292,0.5454387983492669,SP95,0.545730629593073,0.538755602519197,0.5323808780450221,0.6506787122759113,2026-09-01,0.8707,proxy_eur_l
2025-01-05,2.125,1.0292,0.5454387983492669,SP95,0.5454387983492669,0.5421847498073737,0.5371619684571576,0.6506787122759113,2026-09-01,0.8707,proxy_eur_l
2025-01-06,2.101,1.0397,0.5338323381787725,SP95,0.5415699782924355,0.5432926050614516,0.539007021303432,0.6368328388604617,2026-09-01,0.8707,proxy_eur_l
2025-01-07,2.097,1.0369,0.5342547919712963,SP95,0.5378419761664454,0.5408807050395739,0.5398586970267053,0.6373368031742351,2026-09-01,0.8707,proxy_eur_l
2025-01-08,2.082,1.0313,0.5333135004457141,SP95,0.5338002101985945,0.5384556454588634,0.5405759025320384,0.6362138937669914,2026-09-01,0.8707,proxy_eur_l
2025-01-09,2.082,1.0298,0.5340903214310205,SP95,0.5338862046160103,0.5361859500752141,0.5388296210106578,0.637140598797726,2026-09-01,0.8707,proxy_eur_l
2025-01-10,2.154,1.0238,0.55579859423662,SP95,0.5410674720377849,0.5382579092526847,0.5403095918517081,0.6630373832538929,2026-09-01,0.8707,proxy_eur_l
2025-01-11,2.154,1.0238,0.55579859423662,SP95,0.5485625033014202,0.5426511604642542,0.5417895626927586,0.6630373832538929,2026-09-01,0.8707,proxy_eur_l
2025-01-12,2.154,1.0238,0.55579859423662,SP95,0.55579859423662,0.5469599209173189,0.543269533533809,0.6630373832538929,2026-09-01,0.8707,proxy_eur_l
2025-01-13,2.182,1.0209,0.5646228016901556,SP95,0.558739996721132,0.5532217811662072,0.5476681711782924,0.6735641810543042,2026-09-01,0.8707,proxy_eur_l
2025-01-14,2.204,1.0292,0.5657162877937809,SP95,0.5620458945735188,0.5595469744387593,0.5521626705815045,0.6748686502852277,2026-09-01,0.8707,proxy_eur_l
2025-01-15,2.262,1.0282,0.5811682381191711,SP95,0.5705024425343693,0.5646209032152695,0.5589990616777125,0.693301983539673,2026-09-01,0.8707,proxy_eur_l
2025-01-16,2.207,1.0303,0.5658815098072731,SP95,0.5709220119067417,0.5666374863294001,0.5635406600171773,0.675065751128263,2026-09-01,0.8707,proxy_eur_l
2025-01-17,2.205,1.0287,0.5662480562357513,SP95,0.5710992680540653,0.5687273787292264,0.5650334403027674,0.6755030210085745,2026-09-01,0.8707,proxy_eur_l
2025-01-18,2.205,1.0287,0.5662480562357513,SP95,0.5661258740929253,0.5690524296383456,0.5665262205883577,0.6755030210085745,2026-09-01,0.8707,proxy_eur_l
2025-01-19,2.205,1.0287,0.5662480562357513,SP95,0.5662480562357513,0.5691587833267395,0.5680190008739477,0.6755030210085745,2026-09-01,0.8707,proxy_eur_l
2025-01-20,2.205,1.0287,0.5662480562357513,SP95,0.5662480562357513,0.5661747469500557,0.5682511800947472,0.6755030210085745,2026-09-01,0.8707,proxy_eur_l
2025-01-21,2.182,1.0423,0.5530302391302694,SP95,0.5618421172005906,0.5636044928146549,0.5664388874285312,0.6597348867296738,2026-09-01,0.8707,proxy_eur_l
2025-01-22,2.151,1.042,0.5453302155685001,SP95,0.5548695036448404,0.5594209246812046,0.5613191699212925,0.6505491789457221,2026-09-01,0.8707,proxy_eur_l
2025-01-23,2.15,1.042,0.54507669152593,SP95,0.5478123820748998,0.5551866517392404,0.5583470530239578,0.6502467386021862,2026-09-01,0.8707,proxy_eur_l
2025-01-24,2.145,1.0515,0.5388959127990759,SP95,0.543100939964502,0.5497162230519054,0.5544396039615755,0.6428734069744707,2026-09-01,0.8707,proxy_eur_l
2025-01-25,2.145,1.0515,0.5388959127990759,SP95,0.5409561723746941,0.5442457943645702,0.5505321548991934,0.6428734069744707,2026-09-01,0.8707,proxy_eur_l
2025-01-26,2.145,1.0515,0.5388959127990759,SP95,0.5388959127990759,0.5414189290983316,0.5466247058368112,0.6428734069744707,2026-09-01,0.8707,proxy_eur_l
2025-01-27,2.122,1.0492,0.5342862134044901,SP95,0.537359346334214,0.5392101286655295,0.5420587282894882,0.637374287228817,2026-09-01,0.8707,proxy_eur_l
2025-01-28,2.148,1.0427,0.5442040553038293,SP95,0.5391287271691318,0.5390356014211094,0.540797844885711,0.6492057312242728,2026-09-01,0.8707,proxy_eur_l
2025-01-29,2.135,1.0416,0.5414816933416348,SP95,0.5399906540166515,0.5395527575296212,0.5402480559961589,0.6459581020103801,2026-09-01,0.8707,proxy_eur_l
2025-01-30,2.142,1.042,0.5430484991853685,SP95,0.5429114159436109,0.5403832748068798,0.5399583142332215,0.647827215853899,2026-09-01,0.8707,proxy_eur_l
2025-01-31,2.122,1.04,0.5390125914461451,SP95,0.5411809279910496,0.5404066105362936,0.5399749826113742,0.6430125982312256,2026-09-01,0.8707,proxy_eur_l
2025-02-01,2.122,1.04,0.5390125914461451,SP95,0.5403578940258863,0.5413518861446246,0.539991650989527,0.6430125982312256,2026-09-01,0.8707,proxy_eur_l
2025-02-02,2.122,1.04,0.5390125914461451,SP95,0.5390125914461451,0.5403135933730876,0.5400083193676798,0.6430125982312256,2026-09-01,0.8707,proxy_eur_l
2025-02-03,2.194,1.0277,0.5639714730697456,SP95,0.547332218654012,0.5448115493187098,0.5442490707484305,0.6727871815645733,2026-09-01,0.8707,proxy_eur_l
2025-02-04,2.174,1.0379,0.5533385122137149,SP95,0.5521075255765353,0.5468695519243791,0.5455539931641284,0.6601026396903592,2026-09-01,0.8707,proxy_eur_l
2025-02-05,2.126,1.0419,0.5390438461593469,SP95,0.5521179438142693,0.5468758028670195,0.5452057292809445,0.6430498833979579,2026-09-01,0.8707,proxy_eur_l
2025-02-06,2.148,1.0368,0.5473008955105159,SP95,0.5465610846278594,0.5485334636798938,0.5458132144702512,0.6529000925420035,2026-09-01,0.8707,proxy_eur_l
2025-02-07,2.181,1.0329,0.5578073832831075,SP95,0.5480507083176568,0.5522924220472862,0.5484981847326744,0.6654337589315276,2026-09-01,0.8707,proxy_eur_l
2025-02-08,2.181,1.0329,0.5578073832831075,SP95,0.5543052206922437,0.5510596040899585,0.5511831549950976,0.6654337589315276,2026-09-01,0.8707,proxy_eur_l
2025-02-09,2.181,1.0329,0.5578073832831075,SP95,0.5578073832831075,0.5519533783038371,0.5538681252575209,0.6654337589315276,2026-09-01,0.8707,proxy_eur_l
2025-02-10,2.181,1.0312,0.5587269648885975,SP95,0.5581139104849376,0.5558900020496871,0.5531189098030712,0.666530769589192,2026-09-01,0.8707,proxy_eur_l
2025-02-11,2.219,1.0346,0.566593644096976,SP95,0.5610426640895604,0.5597485517669792,0.5550125000721085,0.6759152884622291,2026-09-01,0.8707,proxy_eur_l
2025-02-12,2.157,1.0392,0.5483247853507758,SP95,0.5578817981121165,0.5578520321805128,0.5563383485280268,0.65412153722982,2026-09-01,0.8707,proxy_eur_l
2025-02-13,2.186,1.0428,0.553778391306974,SP95,0.5562322735849087,0.5570462337852862,0.557263705070378,0.6606273914367059,2026-09-01,0.8707,proxy_eur_l
2025-02-14,2.161,1.0498,0.5437948229624298,SP95,0.5486326665400599,0.5542437217211507,0.5552619107388527,0.6487175393799643,2026-09-01,0.8707,proxy_eur_l
2025-02-15,2.161,1.0498,0.5437948229624298,SP95,0.547122679077278,0.5512572933359171,0.5532601164073272,0.6487175393799643,2026-09-01,0.8707,proxy_eur_l
2025-02-16,2.161,1.0498,0.5437948229624298,SP95,0.5437948229624298,0.5466975291090078,0.5512583220758017,0.6487175393799643,2026-09-01,0.8707,proxy_eur_l
2025-02-17,2.161,1.0498,0.5437948229624298,SP95,0.5437948229624298,0.5457915366313386,0.5491251589434921,0.6487175393799643,2026-09-01,0.8707,proxy_eur_l
2025-02-18,2.166,1.0457,0.5471900788063014,SP95,0.544926574910387,0.5444738741312041,0.5463532210448243,0.6527678942630856,2026-09-01,0.8707,proxy_eur_l
2025-02-19,2.164,1.0406,0.5493641373275354,SP95,0.5467830130320889,0.5455877370042252,0.5465016998986472,0.6553614274024409,2026-09-01,0.8707,proxy_eur_l
2025-02-20,2.158,1.0475,0.5442322567912976,SP95,0.5469288243083782,0.5456752237699989,0.5451379663964077,0.649239374059373,2026-09-01,0.8707,proxy_eur_l
2025-02-21,2.102,1.0455,0.5311235332920401,SP95,0.5415733091369578,0.5431409658359209,0.5433277821577805,0.6336013824975479,2026-09-01,0.8707,proxy_eur_l
2025-02-22,2.102,1.0455,0.5311235332920401,SP95,0.5354931077917927,0.540606707901843,0.5415175979191534,0.6336013824975479,2026-09-01,0.8707,proxy_eur_l
2025-02-23,2.102,1.0455,0.5311235332920401,SP95,0.5311235332920401,0.5373933987989906,0.5397074136805263,0.6336013824975479,2026-09-01,0.8707,proxy_eur_l
2025-02-24,2.1,1.0478,0.5294534357244814,SP95,0.5305668341028539,0.5334112584783799,0.5376586440751051,0.6316090472659455,2026-09-01,0.8707,proxy_eur_l
2025-02-25,1.927,1.0498,0.48491097818075063,SP95,0.5151626490657575,0.5215470027562705,0.5287616297000265,0.5784723268788483,2026-09-01,0.8707,proxy_eur_l
2025-02-26,1.904,1.0514,0.47839412943686,SP95,0.4975861811140308,0.5110011219852344,0.5186230571442156,0.5706980820660392,2026-09-01,0.8707,proxy_eur_l
2025-02-27,1.949,1.0414,0.49440304402345997,SP95,0.48590271721369027,0.5036570241315184,0.5115045981773817,0.5897958432808065,2026-09-01,0.8707,proxy_eur_l
2025-02-28,1.925,1.0402,0.4888782933949584,SP95,0.4872251556184262,0.4952079761521021,0.5054695639063701,0.5832051173634746,2026-09-01,0.8707,proxy_eur_l
2025-03-01,1.925,1.0402,0.4888782933949584,SP95,0.49071987693779234,0.4870929476861975,0.49943452963535845,0.5832051173634746,2026-09-01,0.8707,proxy_eur_l
2025-03-02,1.925,1.0402,0.4888782933949584,SP95,0.4888782933949584,0.4878864107290391,0.49339949536434674,0.5832051173634746,2026-09-01,0.8707,proxy_eur_l
2025-03-03,1.995,1.0496,0.502118182597662,SP95,0.4932915897958597,0.4926312213611995,0.4894944592033726,0.5989995824494996,2026-09-01,0.8707,proxy_eur_l
2025-03-04,1.971,1.0534,0.49428812910376935,SP95,0.4950948683654634,0.49260823837726136,0.49083405219237525,0.5896587560545369,2026-09-01,0.8707,proxy_eur_l
2025-03-05,1.929,1.0768,0.47324283896625957,SP95,0.48988305022256373,0.48948114749152155,0.49009815355371805,0.5645528737308171,2026-09-01,0.8707,proxy_eur_l
2025-03-06,1.891,1.0818,0.4617760685979466,SP95,0.4764356788893253,0.48406070253211925,0.48543715706435897,0.550873642624049,2026-09-01,0.8707,proxy_eur_l
2025-03-07,1.937,1.0859,0.47122319312803523,SP95,0.468747366897414,0.4805296824787346,0.48291499988337,0.5621435464932858,2026-09-01,0.8707,proxy_eur_l
2025-03-08,1.937,1.0859,0.47122319312803523,SP95,0.4680741516180058,0.4743506845848092,0.4803928427023809,0.5621435464932858,2026-09-01,0.8707,proxy_eur_l
2025-03-09,1.937,1.0859,0.47122319312803523,SP95,0.47122319312803523,0.4697376973896624,0.4778706855213919,0.5621435464932858,2026-09-01,0.8707,proxy_eur_l
2025-03-10,1.919,1.0837,0.4677919797686507,SP95,0.47007945534157386,0.46864752555014066,0.47296694226010455,0.5580502962569897,2026-09-01,0.8707,proxy_eur_l
2025-03-11,1.941,1.0927,0.4692577593366579,SP95,0.46942431074444807,0.47014386369788286,0.4693911751505172,0.5597988912683415,2026-09-01,0.8707,proxy_eur_l
2025-03-12,1.96,1.0925,0.473937961210042,SP95,0.47032923343845034,0.47068681731428424,0.46949047832820046,0.5653821166226457,2026-09-01,0.8707,proxy_eur_l
2025-03-13,1.938,1.0859,0.47146646787926294,SP95,0.47155406280865436,0.4707354722645298,0.4708748210826742,0.5624337599917336,2026-09-01,0.8707,proxy_eur_l
2025-03-14,1.964,1.0872,0.4772203006175529,SP95,0.4742082432356194,0.4719348937624333,0.4717315507240338,0.5692977683610174,2026-09-01,0.8707,proxy_eur_l
2025-03-15,1.964,1.0872,0.4772203006175529,SP95,0.4753023563714563,0.4738205579322138,0.4725882803653935,0.5692977683610174,2026-09-01,0.8707,proxy_eur_l
2025-03-16,1.964,1.0872,0.4772203006175529,SP95,0.4772203006175529,0.47541306618839274,0.4734450100067532,0.5692977683610174,2026-09-01,0.8707,proxy_eur_l
2025-03-17,1.995,1.0922,0.48253364260621323,SP95,0.4789914146137731,0.47713220246762694,0.47555096184069073,0.5756362953112935,2026-09-01,0.8707,proxy_eur_l
2025-03-18,1.981,1.0927,0.4789281922956823,SP95,0.47956071183981624,0.47862454735091087,0.47693245226340847,0.5713351899034438,2026-09-01,0.8707,proxy_eur_l
2025-03-19,1.984,1.0877,0.48185837260142184,SP95,0.48110673583443925,0.47955216174768467,0.47806393960503407,0.5748307350568965,2026-09-01,0.8707,proxy_eur_l
2025-03-20,2.008,1.0848,0.488991040869434,SP95,0.4832592019221795,0.4819063097980608,0.4805674500322014,0.5833396189459182,2026-09-01,0.8707,proxy_eur_l
2025-03-21,2.008,1.0806,0.49089161681950955,SP95,0.48724701009678856,0.48464057303845215,0.48252049520390955,0.5856069023066186,2026-09-01,0.8707,proxy_eur_l
2025-03-22,2.008,1.0806,0.49089161681950955,SP95,0.49025809150281785,0.4863121678811114,0.48447354037561763,0.5856069023066186,2026-09-01,0.8707,proxy_eur_l
2025-03-23,2.008,1.0806,0.49089161681950955,SP95,0.49089161681950955,0.48870485278587694,0.48642658554732565,0.5856069023066186,2026-09-01,0.8707,proxy_eur_l
2025-03-24,2.023,1.0794,0.49510845091767125,SP95,0.49229722818556354,0.4913548684491268,0.48822298673467684,0.5906373551991831,2026-09-01,0.8707,proxy_eur_l
2025-03-25,2.027,1.0804,0.4956282396612059,SP95,0.49387610246612906,0.49268230820748116,0.49060870778689447,0.5912574347962383,2026-09-01,0.8707,proxy_eur_l
2025-03-26,2.05,1.0781,0.5023214055599705,SP95,0.49768603204628264,0.49496826595557336,0.4935319982095443,0.5992420163500948,2026-09-01,0.8707,proxy_eur_l
2025-03-27,2.057,1.08,0.5031499182413993,SP95,0.500366521154192,0.49741992623995135,0.4955546949769679,0.6002303867525816,2026-09-01,0.8707,proxy_eur_l
2025-03-28,2.043,1.0826,0.498525312181505,SP95,0.5013322119942917,0.4989466653123504,0.4966452228858244,0.5947134841689327,2026-09-01,0.8707,proxy_eur_l
2025-03-29,2.043,1.0826,0.498525312181505,SP95,0.5000668475348032,0.49963003756511715,0.49773575079468085,0.5947134841689327,2026-09-01,0.8707,proxy_eur_l
2025-03-30,2.043,1.0826,0.498525312181505,SP95,0.498525312181505,0.5002094520691769,0.4988262787035374,0.5947134841689327,2026-09-01,0.8707,proxy_eur_l
2025-03-31,2.101,1.0796,0.5141028918159224,SP95,0.5037178387263109,0.5025657493203673,0.5015397702604305,0.6132966863312542,2026-09-01,0.8707,proxy_eur_l
2025-04-01,2.119,1.08,0.5183153508767745,SP95,0.5103145182914007,0.5055988358474424,0.5047807861483687,0.6183219200431309,2026-09-01,0.8707,proxy_eur_l
2025-04-02,2.135,1.0868,0.5189614756943751,SP95,0.5171265727956907,0.5096860685500164,0.5071579390247124,0.619092711680173,2026-09-01,0.8707,proxy_eur_l
2025-04-03,1.97,1.1052,0.4708821418255089,SP95,0.5027196561322197,0.5041574344788172,0.5025482566795851,0.5617366909065188,2026-09-01,0.8707,proxy_eur_l
2025-04-04,1.886,1.1014,0.4523592616192736,SP95,0.480734293046386,0.49492422436637085,0.4959531065992664,0.539639905938691,2026-09-01,0.8707,proxy_eur_l
2025-04-05,1.886,1.1014,0.4523592616192736,SP95,0.4585335550213521,0.48257549832704116,0.4893579565189476,0.539639905938691,2026-09-01,0.8707,proxy_eur_l
2025-04-06,1.886,1.1014,0.4523592616192736,SP95,0.4523592616192736,0.4693842804755409,0.48276280643862884,0.539639905938691,2026-09-01,0.8707,proxy_eur_l
2025-04-07,1.843,1.0912,0.446177687404754,SP95,0.4502987368811005,0.45482752281761674,0.47305920580846195,0.5322656253376143,2026-09-01,0.8707,proxy_eur_l
2025-04-08,1.782,1.0912,0.4314100048590731,SP95,0.443315651294367,0.4469330954243295,0.4606441563773617,0.5146485861918767,2026-09-01,0.8707,proxy_eur_l
2025-04-09,1.855,1.104,0.44387604811989606,SP95,0.44048791346124117,0.44523645272445406,0.4499176667238647,0.5295198953115738,2026-09-01,0.8707,proxy_eur_l
2025-04-10,1.782,1.1192,0.4206170454808975,SP95,0.43196769948662234,0.43888800949677886,0.4427369386746345,0.5017731748146674,2026-09-01,0.8707,proxy_eur_l
2025-04-11,1.821,1.1325,0.42477466432157907,SP95,0.42975591930745766,0.43337109003723995,0.438796281917821,0.5067329871374726,2026-09-01,0.8707,proxy_eur_l
2025-04-12,1.821,1.1325,0.42477466432157907,SP95,0.4233887913746854,0.4290904854206049,0.4348556251610075,0.5067329871374726,2026-09-01,0.8707,proxy_eur_l
2025-04-13,1.821,1.1325,0.42477466432157907,SP95,0.42477466432157907,0.42776341731310613,0.430914968404194,0.5067329871374726,2026-09-01,0.8707,proxy_eur_l
2025-04-14,1.838,1.1358,0.4274944816290517,SP95,0.4256812700907367,0.4244871040149373,0.42824593900766506,0.5099775807171886,2026-09-01,0.8707,proxy_eur_l
2025-04-15,1.849,1.129,0.43264315749354865,SP95,0.42830410114805995,0.4268923264174675,0.42842210366973305,0.5161196699700542,2026-09-01,0.8707,proxy_eur_l
2025-04-16,1.863,1.1382,0.43239547842490816,SP95,0.43084437251583624,0.42841648923813336,0.4267820222847347,0.5158242023613537,2026-09-01,0.8707,proxy_eur_l
2025-04-17,1.908,1.1364,0.44354124947144236,SP95,0.4361932951299665,0.43216980626810597,0.4300569085690983,0.5291204987997986,2026-09-01,0.8707,proxy_eur_l
2025-04-18,1.908,1.139,0.4425287760310335,SP95,0.43948850130912814,0.43572062860999694,0.43259321024187747,0.5279126732538114,2026-09-01,0.8707,proxy_eur_l
2025-04-19,1.908,1.139,0.4425287760310335,SP95,0.44286626717783656,0.4387274874903932,0.4351295119146567,0.5279126732538114,2026-09-01,0.8707,proxy_eur_l
2025-04-20,1.908,1.139,0.4425287760310335,SP95,0.4425287760310335,0.4407046111978902,0.4376658135874359,0.5279126732538114,2026-09-01,0.8707,proxy_eur_l
2025-04-21,1.888,1.1508,0.433400099802037,SP95,0.4394858839547015,0.44090553547331596,0.4385094733264338,0.5170226608244726,2026-09-01,0.8707,proxy_eur_l
2025-04-22,1.953,1.1466,0.4499633858847583,SP95,0.44196408723927644,0.44218996275597916,0.4409837916680352,0.5367817569723441,2026-09-01,0.8707,proxy_eur_l
2025-04-23,1.94,1.135,0.45153637143154884,SP95,0.4449666190394482,0.4439914818360823,0.44371820495469816,0.5386582428642752,2026-09-01,0.8707,proxy_eur_l
2025-04-24,1.942,1.1363,0.45148475374419095,SP95,0.45099483702016613,0.44578267737871374,0.4448529912793765,0.538596665780939,2026-09-01,0.8707,proxy_eur_l
2025-04-25,1.96,1.1381,0.45494879414987344,SP95,0.45265663977520454,0.4482666810024817,0.44662727958206794,0.5427290768915214,2026-09-01,0.8707,proxy_eur_l
2025-04-26,1.96,1.1381,0.45494879414987344,SP95,0.45379411401464603,0.45257641987204905,0.4484015678847594,0.5427290768915214,2026-09-01,0.8707,proxy_eur_l
2025-04-27,1.96,1.1381,0.45494879414987344,SP95,0.45494879414987344,0.45357350152507203,0.4501758561874508,0.5427290768915214,2026-09-01,0.8707,proxy_eur_l
2025-04-28,1.946,1.1387,0.45146115209357757,SP95,0.45378624679777496,0.4535584576574777,0.4527560065148137,0.5385685103001131,2026-09-01,0.8707,proxy_eur_l
2025-04-29,1.901,1.1396,0.4406731059431732,SP95,0.4490276840622081,0.4513961280972742,0.45142882366601583,0.5256989601354339,2026-09-01,0.8707,proxy_eur_l
2025-04-30,1.873,1.1349,0.4359804864453361,SP95,0.44270491482736246,0.4476024665563667,0.44920655438227114,0.5201009212330046,2026-09-01,0.8707,proxy_eur_l
2025-05-01,1.874,1.1279,0.4389204948303664,SP95,0.4385246957396253,0.44439680669246534,0.4474116602517248,0.5236081907485606,2026-09-01,0.8707,proxy_eur_l
2025-05-02,1.85,1.133,0.43134889396520265,SP95,0.4354166250803018,0.4396768266555312,0.444040245939629,0.5145756842313818,2026-09-01,0.8707,proxy_eur_l
2025-05-03,1.85,1.133,0.43134889396520265,SP95,0.43387276092025734,0.4356543750298562,0.4406688316275331,0.5145756842313818,2026-09-01,0.8707,proxy_eur_l
2025-05-04,1.85,1.133,0.43134889396520265,SP95,0.43134889396520265,0.4337895326342621,0.4372974173154373,0.5145756842313818,2026-09-01,0.8707,proxy_eur_l
2025-05-05,1.868,1.1315,0.4361231938179596,SP95,0.43294032724945514,0.4338180741087868,0.43510628041892047,0.520271163338502,2026-09-01,0.8707,proxy_eur_l
2025-05-06,1.944,1.1345,0.4526667869407144,SP95,0.44004629157462566,0.43656733253085633,0.4368196634185692,0.5400067668601233,2026-09-01,0.8707,proxy_eur_l
2025-05-07,1.895,1.1348,0.44114032359771876,SP95,0.443310101452131,0.43852561845735955,0.43755678301176676,0.5262563252930507,2026-09-01,0.8707,proxy_eur_l
2025-05-08,1.971,1.1249,0.4628705797830123,SP95,0.45222589677381525,0.44482995562092154,0.4409782237192875,0.5521793347211743,2026-09-01,0.8707,proxy_eur_l
2025-05-09,1.985,1.127,0.4652897284214061,SP95,0.45643354393404584,0.4516181225121622,0.44582691435588806,0.5550652469914381,2026-09-01,0.8707,proxy_eur_l
2025-05-10,1.985,1.127,0.4652897284214061,SP95,0.46448334554194165,0.4574514294328515,0.45067560499248854,0.5550652469914381,2026-09-01,0.8707,proxy_eur_l
2025-05-11,1.985,1.127,0.4652897284214061,SP95,0.4652897284214061,0.4599760177289898,0.4555242956290891,0.5550652469914381,2026-09-01,0.8707,proxy_eur_l
2025-05-12,1.998,1.1106,0.47525280083880833,SP95,0.4686107525605403,0.4667985131772078,0.4611142394892103,0.5669506485259211,2026-09-01,0.8707,proxy_eur_l
2025-05-13,2.019,1.1176,0.47723995500277533,SP95,0.4725941614209967,0.46967238822116036,0.4646246920695048,0.5693212149697034,2026-09-01,0.8707,proxy_eur_l
2025-05-14,1.988,1.1206,0.46865432811707924,SP95,0.47371569465288776,0.47034530816029496,0.4685552641436991,0.5590790307632016,2026-09-01,0.8707,proxy_eur_l
2025-05-15,1.966,1.1189,0.46417218244357833,SP95,0.47002215518781104,0.47012179896472944,0.4687412073809228,0.5537320756439601,2026-09-01,0.8707,proxy_eur_l
2025-05-16,1.99,1.1141,0.4718628347479717,SP95,0.46822978176954316,0.4714364202300426,0.4696802225704322,0.5629066040294162,2026-09-01,0.8707,proxy_eur_l
2025-05-17,1.99,1.1141,0.4718628347479717,SP95,0.4692992839798407,0.4707584270118753,0.4706192377599415,0.5629066040294162,2026-09-01,0.8707,proxy_eur_l
2025-05-18,1.99,1.1141,0.4718628347479717,SP95,0.4718628347479717,0.4696830029609146,0.4715582529494509,0.5629066040294162,2026-09-01,0.8707,proxy_eur_l
2025-05-19,2.009,1.1236,0.4723403819753651,SP95,0.47202201715710296,0.47042021373257176,0.47114219311181615,0.5634762918035747,2026-09-01,0.8707,proxy_eur_l
2025-05-20,2.028,1.1254,0.4760448926446819,SP95,0.47341603645600633,0.4727947557727924,0.47097146991780287,0.567895570811996,2026-09-01,0.8707,proxy_eur_l
2025-05-21,2.063,1.1343,0.48046102795985207,SP95,0.4762821008599665,0.47451439441516846,0.47265814132391315,0.5731637791770913,2026-09-01,0.8707,proxy_eur_l
2025-05-22,2.041,1.1281,0.477949790677228,SP95,0.47815190376058747,0.47573178560101975,0.4746263710715775,0.5701680101811519,2026-09-01,0.8707,proxy_eur_l
2025-05-23,1.992,1.135,0.46363940819156974,SP95,0.4740167422762167,0.4740871002897394,0.4734515958492343,0.5530965050441423,2026-09-01,0.8707,proxy_eur_l
2025-05-24,1.992,1.135,0.46363940819156974,SP95,0.4684095356867893,0.47234690553298025,0.47227682062689114,0.5530965050441423,2026-09-01,0.8707,proxy_eur_l
2025-05-25,1.992,1.135,0.46363940819156974,SP95,0.46363940819156974,0.46986580864235783,0.4711020454045481,0.5530965050441423,2026-09-01,0.8707,proxy_eur_l
2025-05-26,1.992,1.135,0.46363940819156974,SP95,0.46363940819156974,0.4665014846887014,0.46985904914972015,0.5530965050441423,2026-09-01,0.8707,proxy_eur_l
2025-05-27,1.965,1.1326,0.45832428296288336,SP95,0.4618676997820077,0.46257638314583244,0.4673275334808918,0.5467558507858579,2026-09-01,0.8707,proxy_eur_l
2025-05-28,1.96,1.1286,0.4587783294541652,SP95,0.46024734020287283,0.46160416739835153,0.4642300051229365,0.5472975034646822,2026-09-01,0.8707,proxy_eur_l
2025-05-29,1.938,1.137,0.45027742961309725,SP95,0.455793347343382,0.4589317716826571,0.4602768106852035,0.5371563939973821,2026-09-01,0.8707,proxy_eur_l
2025-05-30,1.912,1.1347,0.4451370089968976,SP95,0.45139758935472013,0.45523129184372263,0.4576336108002504,0.5310241528051016,2026-09-01,0.8707,proxy_eur_l
2025-05-31,1.912,1.1347,0.4451370089968976,SP95,0.446850482535631,0.4515308120047882,0.45499041091529724,0.5310241528051016,2026-09-01,0.8707,proxy_eur_l
2025-06-01,1.912,1.1347,0.4451370089968976,SP95,0.4451370089968976,0.44889335721159107,0.45234721103034403,0.5310241528051016,2026-09-01,0.8707,proxy_eur_l
2025-06-02,1.937,1.1432,0.44760432594273397,SP95,0.4459594479788432,0.4466585565093048,0.45005648499479606,0.5339675272367557,2026-09-01,0.8707,proxy_eur_l
2025-06-03,1.957,1.1373,0.45457197438221797,SP95,0.44910443644061665,0.447517465463129,0.4495204409118439,0.5422795514783675,2026-09-01,0.8707,proxy_eur_l
2025-06-04,1.913,1.1424,0.44236794131752266,SP95,0.44818141388082494,0.446963651927254,0.44717609974946637,0.5277208062201622,2026-09-01,0.8707,proxy_eur_l
2025-06-05,1.911,1.144,0.44128740564372526,SP95,0.4460757737811554,0.4461937312566195,0.44589181061098465,0.5264317861450915,2026-09-01,0.8707,proxy_eur_l
2025-06-06,1.93,1.1397,0.44735637540688467,SP95,0.443670574122711,0.4466376045386169,0.4462088629552685,0.5336717357824938,2026-09-01,0.8707,proxy_eur_l
2025-06-07,1.93,1.1397,0.44735637540688467,SP95,0.4453333854858316,0.4465880144314471,0.44652591529955243,0.5336717357824938,2026-09-01,0.8707,proxy_eur_l
2025-06-08,1.93,1.1397,0.44735637540688467,SP95,0.44735637540688467,0.4451448946363804,0.44684296764383624,0.5336717357824938,2026-09-01,0.8707,proxy_eur_l
2025-06-09,1.947,1.1425,0.450190797322814,SP95,0.44830118271219455,0.44670946583743865,0.4472124635552763,0.5370530464041166,2026-09-01,0.8707,proxy_eur_l
2025-06-10,1.955,1.1423,0.4521197254313054,SP95,0.44988896605366807,0.44887592979495466,0.44686214227657445,0.5393541523421329,2026-09-01,0.8707,proxy_eur_l
2025-06-11,2.021,1.149,0.4646577178553681,SP95,0.4556560802031626,0.4523361982846514,0.4500463960676953,0.5543112928860482,2026-09-01,0.8707,proxy_eur_l
2025-06-12,2.178,1.1578,0.49694828989121376,SP95,0.47124191105929586,0.46225458118151713,0.4579979509601936,0.5928321826623609,2026-09-01,0.8707,proxy_eur_l
2025-06-13,2.252,1.1557,0.5147663423990224,SP95,0.4921241167152015,0.4757365745799447,0.4676279462447847,0.6140881466607664,2026-09-01,0.8707,proxy_eur_l
2025-06-14,2.252,1.1557,0.5147663423990224,SP95,0.5088269915630863,0.48865168359518635,0.4772579415293758,0.6140881466607664,2026-09-01,0.8707,proxy_eur_l
2025-06-15,2.252,1.1557,0.5147663423990224,SP95,0.5147663423990224,0.5011810069887298,0.48688793681396697,0.6140881466607664,2026-09-01,0.8707,proxy_eur_l
2025-06-16,2.227,1.1581,0.5079968574402872,SP95,0.5125098474127774,0.5098488349057136,0.4951459454021774,0.6060125206344337,2026-09-01,0.8707,proxy_eur_l
2025-06-17,2.314,1.1535,0.5299472294380194,SP95,0.5175701430924432,0.5164486228150748,0.5062641602602794,0.6321981162112189,2026-09-01,0.8707,proxy_eur_l
2025-06-18,2.338,1.1521,0.5360943133524444,SP95,0.5246794667435838,0.5207142170057593,0.5164693881884331,0.6395312517670229,2026-09-01,0.8707,proxy_eur_l
2025-06-19,2.338,1.1521,0.5360943133524444,SP95,0.5340452853809694,0.5249798111964437,0.5220616772543233,0.6395312517670229,2026-09-01,0.8707,proxy_eur_l
2025-06-20,2.353,1.152,0.5395805895822252,SP95,0.5372564054290381,0.5299426606330842,0.5256065697090665,0.643690189001956,2026-09-01,0.8707,proxy_eur_l
2025-06-21,2.353,1.152,0.5395805895822252,SP95,0.5384184975056318,0.5362594070614717,0.5291514621638097,0.643690189001956,2026-09-01,0.8707,proxy_eur_l
2025-06-22,2.353,1.152,0.5395805895822252,SP95,0.5395805895822252,0.5381860790903129,0.532696354618553,0.643690189001956,2026-09-01,0.8707,proxy_eur_l
2025-06-23,2.202,1.1538,0.5041661113647451,SP95,0.527775763509732,0.531800438692773,0.5321491051791899,0.6014426496772642,2026-09-01,0.8707,proxy_eur_l
2025-06-24,2.115,1.1608,0.48132657713429006,SP95,0.5083577593604202,0.5208468914491421,0.5252032977072285,0.5741963320940073,2026-09-01,0.8707,proxy_eur_l
2025-06-25,2.103,1.162,0.4781013994054959,SP95,0.4878646959681771,0.5085510534137963,0.5169185957148074,0.5703488711180301,2026-09-01,0.8707,proxy_eur_l
2025-06-26,2.118,1.1717,0.4775253109964652,SP95,0.47898442917875045,0.4961399976966443,0.5085515953782388,0.5696616290932978,2026-09-01,0.8707,proxy_eur_l
2025-06-27,2.098,1.1724,0.47273367950136075,SP95,0.47612012996777403,0.4827706156804714,0.49900203679525823,0.5639454742829485,2026-09-01,0.8707,proxy_eur_l
2025-06-28,2.098,1.1724,0.47273367950136075,SP95,0.474330889999729,0.4764841293077945,0.4894524782122776,0.5639454742829485,2026-09-01,0.8707,proxy_eur_l
2025-06-29,2.098,1.1724,0.47273367950136075,SP95,0.47273367950136075,0.47476554978120866,0.47990291962929693,0.5639454742829485,2026-09-01,0.8707,proxy_eur_l
2025-06-30,2.102,1.177,0.4717839031918674,SP95,0.4724170873981963,0.47350205053848293,0.4752768898903144,0.5628124429916622,2026-09-01,0.8707,proxy_eur_l
2025-07-01,2.122,1.1776,0.4760301419021662,SP95,0.47351590819846484,0.47320301671962317,0.47452025628572525,0.5678779739813813,2026-09-01,0.8707,proxy_eur_l
2025-07-02,2.139,1.179,0.47927397794239135,SP95,0.4756960076788084,0.47451107640782925,0.47468776750528174,0.5717476933043846,2026-09-01,0.8707,proxy_eur_l
2025-07-03,2.137,1.1758,0.48012899803483855,SP95,0.4784777059597987,0.4759901401145249,0.475059722796478,0.5727676856012424,2026-09-01,0.8707,proxy_eur_l
2025-07-04,2.137,1.1758,0.48012899803483855,SP95,0.4798439913373562,0.4774692038212204,0.4761161968726891,0.5727676856012424,2026-09-01,0.8707,proxy_eur_l
2025-07-05,2.137,1.1758,0.48012899803483855,SP95,0.48012899803483855,0.4791382227898146,0.4771726709489002,0.5727676856012424,2026-09-01,0.8707,proxy_eur_l
2025-07-06,2.137,1.1758,0.48012899803483855,SP95,0.48012899803483855,0.47995799401634914,0.4782291450251113,0.5727676856012424,2026-09-01,0.8707,proxy_eur_l
2025-07-07,2.174,1.1733,0.4894826914059615,SP95,0.48324689582521296,0.48199973670906315,0.48075754334141046,0.583926131198009,2026-09-01,0.8707,proxy_eur_l
2025-07-08,2.206,1.1707,0.49779067865556964,SP95,0.48913412269879,0.4855320728332094,0.48386619144903953,0.5938371064743188,2026-09-01,0.8707,proxy_eur_l
2025-07-09,2.209,1.1707,0.49846763787404963,SP95,0.49524700264519367,0.4891998008010516,0.48660814286784787,0.5946446818684362,2026-09-01,0.8707,proxy_eur_l
2025-07-10,2.173,1.1688,0.4911412301285562,SP95,0.4957998488860585,0.4914022472197951,0.48818131888123606,0.5859046773585382,2026-09-01,0.8707,proxy_eur_l
2025-07-11,2.208,1.1696,0.49871057763918586,SP95,0.4961064818805973,0.4951185631406646,0.4908358302532857,0.5949344957467628,2026-09-01,0.8707,proxy_eur_l
2025-07-12,2.208,1.1696,0.49871057763918586,SP95,0.4961874618023094,0.4969641403873094,0.4934903416253353,0.5949344957467628,2026-09-01,0.8707,proxy_eur_l
2025-07-13,2.208,1.1696,0.49871057763918586,SP95,0.49871057763918586,0.49714812018403265,0.496144852997385,0.5949344957467628,2026-09-01,0.8707,proxy_eur_l
2025-07-14,2.182,1.1672,0.4938514549738518,SP95,0.4970908700840746,0.49622488360399314,0.4967689620785122,0.5891378276545057,2026-09-01,0.8707,proxy_eur_l
2025-07-15,2.19,1.1619,0.49792305246952845,SP95,0.4968283616941888,0.4975812480721876,0.4967878726233634,0.5939950212084125,2026-09-01,0.8707,proxy_eur_l
2025-07-16,2.171,1.1629,0.49317871327675655,SP95,0.49498440690671236,0.4964748751997017,0.49603231196660724,0.5883352835331762,2026-09-01,0.8707,proxy_eur_l
2025-07-17,2.18,1.1597,0.4965896991814811,SP95,0.4958971549759221,0.4960506995081608,0.49681066468845364,0.5924044035202297,2026-09-01,0.8707,proxy_eur_l
2025-07-18,2.157,1.1645,0.48932513262046035,SP95,0.49303118169289945,0.4941736105044157,0.49546988682863574,0.5837381721676503,2026-09-01,0.8707,proxy_eur_l
2025-07-19,2.157,1.1645,0.48932513262046035,SP95,0.4917466548074673,0.49326834603373737,0.49412910896881773,0.5837381721676503,2026-09-01,0.8707,proxy_eur_l
2025-07-20,2.157,1.1645,0.48932513262046035,SP95,0.48932513262046035,0.4915487620639237,0.49278833110899983,0.5837381721676503,2026-09-01,0.8707,proxy_eur_l
2025-07-21,2.131,1.1705,0.4809488625162018,SP95,0.48653304258570756,0.4891027919118128,0.49094510361504984,0.5737457391731348,2026-09-01,0.8707,proxy_eur_l
2025-07-22,2.116,1.1749,0.4757750130137391,SP95,0.4820163360501338,0.4849398546782644,0.4877810979785085,0.5675736191443427,2026-09-01,0.8707,proxy_eur_l
2025-07-23,2.126,1.1748,0.47806416693345544,SP95,0.47826268082113216,0.4826876615408634,0.48562187707232257,0.5703044548113144,2026-09-01,0.8707,proxy_eur_l
2025-07-24,2.112,1.1765,0.4742298126480318,SP95,0.4760229975317422,0.47966859754637764,0.48242760756754416,0.5657302794567195,2026-09-01,0.8707,proxy_eur_l
2025-07-25,2.097,1.173,0.47226666137684337,SP95,0.4748535469861103,0.47625690329765424,0.4799906831041703,0.5633883471537634,2026-09-01,0.8707,proxy_eur_l
2025-07-26,2.097,1.173,0.47226666137684337,SP95,0.47292104513390626,0.47452046306978257,0.4775537586407964,0.5633883471537634,2026-09-01,0.8707,proxy_eur_l
2025-07-27,2.097,1.173,0.47226666137684337,SP95,0.47226666137684337,0.47381879274240346,0.47511683417742256,0.5633883471537634,2026-09-01,0.8707,proxy_eur_l
2025-07-28,2.157,1.1609,0.49084255055261106,SP95,0.4784586244354327,0.47637446946623463,0.4765302181826239,0.5855483689286148,2026-09-01,0.8707,proxy_eur_l
2025-07-29,2.231,1.1534,0.5109830490818702,SP95,0.491364087003775,0.4837251167530022,0.48155993762092836,0.6095748842540274,2026-09-01,0.8707,proxy_eur_l
2025-07-30,2.296,1.147,0.5288047360194496,SP95,0.5102101118846437,0.4950327316815235,0.48880859034749896,0.6308351839287546,2026-09-01,0.8707,proxy_eur_l
2025-07-31,2.236,1.1431,0.5167428125910418,SP95,0.5188435325641206,0.5039279619243632,0.49488187605364325,0.6164459677092269,2026-09-01,0.8707,proxy_eur_l
2025-08-01,2.118,1.1555,0.4842201703977138,SP95,0.5099225730027351,0.5063186637285373,0.4965895201994819,0.5776482309031734,2026-09-01,0.8707,proxy_eur_l
2025-08-02,2.118,1.1555,0.4842201703977138,SP95,0.4950610511288233,0.5049941876975579,0.4982971643453205,0.5776482309031734,2026-09-01,0.8707,proxy_eur_l
2025-08-03,2.118,1.1555,0.4842201703977138,SP95,0.4842201703977138,0.49964161196072654,0.5000048084911591,0.5776482309031734,2026-09-01,0.8707,proxy_eur_l
2025-08-04,2.107,1.1568,0.4811639992380868,SP95,0.4832014466778382,0.49011346460445393,0.49862215830337,0.5740023855385621,2026-09-01,0.8707,proxy_eur_l
2025-08-05,2.097,1.158,0.4783841051770616,SP95,0.48125609160428745,0.48244172312165795,0.49396516631696874,0.5706861236712992,2026-09-01,0.8707,proxy_eur_l
2025-08-06,2.09,1.1647,0.47404446589553545,SP95,0.47786419010356135,0.48040658222122223,0.48614227058498105,0.5655091708986121,2026-09-01,0.8707,proxy_eur_l
2025-08-07,2.079,1.1641,0.47179254089218337,SP95,0.4747403706549269,0.4779210563201162,0.47972080319942983,0.5628227472966285,2026-09-01,0.8707,proxy_eur_l
2025-08-08,2.082,1.166,0.47170344168924955,SP95,0.47251348282565625,0.4754177105784233,0.4779326990982206,0.5627164568112335,2026-09-01,0.8707,proxy_eur_l
2025-08-09,2.082,1.166,0.47170344168924955,SP95,0.4717331414235609,0.4735255990686559,0.47614459499701145,0.5627164568112335,2026-09-01,0.8707,proxy_eur_l
2025-08-10,2.082,1.166,0.47170344168924955,SP95,0.47170344168924955,0.4721894663710935,0.4743564908958023,0.5627164568112335,2026-09-01,0.8707,proxy_eur_l
2025-08-11,2.086,1.1607,0.47476772742232926,SP95,0.4727248702669429,0.47233411867645225,0.4734427377792655,0.5663719824190195,2026-09-01,0.8707,proxy_eur_l
2025-08-12,2.079,1.1673,0.47049918345977093,SP95,0.47232345085711663,0.47207544718996974,0.47231632039108107,0.5612798424809433,2026-09-01,0.8707,proxy_eur_l
2025-08-13,2.082,1.1715,0.46948887154047375,SP95,0.4715852608075248,0.4716325331602146,0.4716655211975008,0.5600745955116503,2026-09-01,0.8707,proxy_eur_l
2025-08-14,2.117,1.1644,0.4802921975628651,SP95,0.47342675085436997,0.47335028433493775,0.47287975786474107,0.5729623737295195,2026-09-01,0.8707,proxy_eur_l
2025-08-15,2.088,1.1708,0.4711233731839886,SP95,0.47363481409577596,0.47323427063388557,0.47279689093541816,0.562024466748962,2026-09-01,0.8707,proxy_eur_l
2025-08-16,2.088,1.1708,0.4711233731839886,SP95,0.47417964797694756,0.4725053997862174,0.47271402400609513,0.562024466748962,2026-09-01,0.8707,proxy_eur_l
2025-08-17,2.088,1.1708,0.4711233731839886,SP95,0.4711233731839886,0.4726302377310609,0.47263115707677217,0.562024466748962,2026-09-01,0.8707,proxy_eur_l
2025-08-18,2.106,1.1667,0.47685466895196754,SP95,0.47303380510664833,0.47410339721335965,0.47292929158100616,0.5688615897429022,2026-09-01,0.8707,proxy_eur_l
2025-08-19,2.1,1.166,0.475781569427197,SP95,0.4745865371877178,0.4732012715862261,0.4736839181477813,0.5675814405876995,2026-09-01,0.8707,proxy_eur_l
2025-08-20,2.137,1.1649,0.484621577722863,SP95,0.479085938700676,0.4759009124940009,0.4758457333166941,0.5781270879302436,2026-09-01,0.8707,proxy_eur_l
2025-08-21,2.169,1.1605,0.4937433705858026,SP95,0.4847155059119543,0.48042491197436377,0.47776732946282807,0.5890088888796224,2026-09-01,0.8707,proxy_eur_l
2025-08-22,2.168,1.1713,0.48896526040507626,SP95,0.48911006957124736,0.4839932894185813,0.48031617049441194,0.5833088642592312,2026-09-01,0.8707,proxy_eur_l
2025-08-23,2.168,1.1713,0.48896526040507626,SP95,0.49055796379865174,0.48641540770920305,0.4828650115259959,0.5833088642592312,2026-09-01,0.8707,proxy_eur_l
2025-08-24,2.168,1.1713,0.48896526040507626,SP95,0.48896526040507626,0.48905214590477886,0.48541385255757985,0.5833088642592312,2026-09-01,0.8707,proxy_eur_l
2025-08-25,2.158,1.167,0.4885032467771073,SP95,0.48881125586242,0.4898284797156277,0.48707793510402836,0.5827577072212453,2026-09-01,0.8707,proxy_eur_l
2025-08-26,2.143,1.1657,0.4856487159676693,SP95,0.48770574104995107,0.48820954879200107,0.488487527466953,0.5793524077873614,2026-09-01,0.8707,proxy_eur_l
2025-08-27,2.15,1.1611,0.48916537126002846,SP95,0.48777244466826847,0.48824957096299154,0.4891366408294052,0.5835475855856326,2026-09-01,0.8707,proxy_eur_l
2025-08-28,2.236,1.1672,0.5060732600007025,SP95,0.49362911574280016,0.4916711708821168,0.4908980536029623,0.603717773893435,2026-09-01,0.8707,proxy_eur_l
2025-08-29,2.255,1.1695,0.5093697974071181,SP95,0.5015361428892832,0.49575207828252515,0.49381298746039687,0.6076503630694663,2026-09-01,0.8707,proxy_eur_l
2025-08-30,2.255,1.1695,0.5093697974071181,SP95,0.5082709516049797,0.4999253884085273,0.4967279213178314,0.6076503630694663,2026-09-01,0.8707,proxy_eur_l
2025-08-31,2.255,1.1695,0.5093697974071181,SP95,0.5093697974071181,0.504669604696417,0.49964285517526597,0.6076503630694663,2026-09-01,0.8707,proxy_eur_l
2025-09-01,2.255,1.1695,0.5093697974071181,SP95,0.5093697974071181,0.508710489925835,0.5026237909795532,0.6076503630694663,2026-09-01,0.8707,proxy_eur_l
2025-09-02,2.048,1.1653,0.46427903821289623,SP95,0.49433954434237753,0.5003516455682737,0.4995709798717285,0.5538595487437642,2026-09-01,0.8707,proxy_eur_l
2025-09-03,2.014,1.1676,0.45567190257734747,SP95,0.47644024606578733,0.48961206660231954,0.4947861986313455,0.5435917057727976,2026-09-01,0.8707,proxy_eur_l
2025-09-04,2.011,1.1648,0.4560868795434722,SP95,0.4586792734445721,0.4789554830295904,0.4876452871374554,0.5440867506408184,2026-09-01,0.8707,proxy_eur_l
2025-09-05,1.977,1.1759,0.4441433349026784,SP95,0.4519673723411661,0.4659101905287025,0.47832722106539266,0.5298387538529089,2026-09-01,0.8707,proxy_eur_l
2025-09-06,1.977,1.1759,0.4441433349026784,SP95,0.4481245164496097,0.45286489802781454,0.46900915499332985,0.5298387538529089,2026-09-01,0.8707,proxy_eur_l
2025-09-07,1.977,1.1759,0.4441433349026784,SP95,0.4441433349026784,0.448837757365771,0.45969108892126703,0.5298387538529089,2026-09-01,0.8707,proxy_eur_l
2025-09-08,1.97,1.1751,0.4428720476091842,SP95,0.4437195724715137,0.44627778637213833,0.450191410378705,0.5283221775081989,2026-09-01,0.8707,proxy_eur_l
2025-09-09,1.999,1.1723,0.4504648406243613,SP95,0.44582674104540804,0.44515337858831605,0.4482179535803429,0.5373799651035166,2026-09-01,0.8707,proxy_eur_l
2025-09-10,2.016,1.1714,0.45464474778387165,SP95,0.4493272120058058,0.44725366116455484,0.44807121718127496,0.5423663661740203,2026-09-01,0.8707,proxy_eur_l
2025-09-11,1.978,1.1732,0.4453906576580443,SP95,0.4501667486887592,0.447503125715628,0.4465431854833567,0.5313267418117966,2026-09-01,0.8707,proxy_eur_l
2025-09-12,1.996,1.1714,0.4501343832225237,SP95,0.4500565962214799,0.44870133537959705,0.44739904952904885,0.5369857474619765,2026-09-01,0.8707,proxy_eur_l
2025-09-13,1.996,1.1714,0.4501343832225237,SP95,0.4485531413676973,0.450153802502265,0.44825491357474107,0.5369857474619765,2026-09-01,0.8707,proxy_eur_l
2025-09-14,1.996,1.1714,0.4501343832225237,SP95,0.4501343832225237,0.45008771102189743,0.44911077762043317,0.5369857474619765,2026-09-01,0.8707,proxy_eur_l
2025-09-15,2.021,1.1772,0.45352677354384807,SP95,0.45126517999629856,0.4498641161738927,0.4506328813253852,0.5410326839331204,2026-09-01,0.8707,proxy_eur_l
2025-09-16,2.05,1.1848,0.45708364899915954,SP95,0.4535816019218439,0.45220271444211574,0.4515784253789278,0.5452758421902745,2026-09-01,0.8707,proxy_eur_l
2025-09-17,2.033,1.1845,0.4534080054403678,SP95,0.45467280932779186,0.4528574388856845,0.45140174790128434,0.5408910000689254,2026-09-01,0.8707,proxy_eur_l
2025-09-18,2.024,1.178,0.4538915398751209,SP95,0.4547943981048828,0.453608870216204,0.4526161596465811,0.5414678302546372,2026-09-01,0.8707,proxy_eur_l
2025-09-19,1.977,1.1753,0.44437007360849096,SP95,0.45055653964132664,0.45245600829339744,0.45179268684457635,0.5301092407518382,2026-09-01,0.8707,proxy_eur_l
2025-09-20,1.977,1.1753,0.44437007360849096,SP95,0.4475438956973677,0.450624668306326,0.4509692140425717,0.5301092407518382,2026-09-01,0.8707,proxy_eur_l
2025-09-21,1.977,1.1753,0.44437007360849096,SP95,0.44437007360849096,0.4480819532281923,0.450145741240567,0.5301092407518382,2026-09-01,0.8707,proxy_eur_l
2025-09-22,1.988,1.1773,0.4460834452459008,SP95,0.4449411974876276,0.4466170411892989,0.44908240862657456,0.5321531995865488,2026-09-01,0.8707,proxy_eur_l
2025-09-23,2.012,1.18,0.45043573673270737,SP95,0.44696308519569977,0.4459258805608163,0.44813270687422424,0.5373452457494828,2026-09-01,0.8707,proxy_eur_l
2025-09-24,2.022,1.1742,0.4549104836213389,SP95,0.4504765551999825,0.44803396256338585,0.448347346614363,0.5426833745222568,2026-09-01,0.8707,proxy_eur_l
2025-09-25,2.013,1.1673,0.45556270144517497,SP95,0.45363630726640713,0.4502724881307226,0.4485860839815135,0.5434614347831355,2026-09-01,0.8707,proxy_eur_l
2025-09-26,2.038,1.1692,0.46047095681312555,SP95,0.45698138062654653,0.4534926647716495,0.45088621015360414,0.5493167155075815,2026-09-01,0.8707,proxy_eur_l
2025-09-27,2.038,1.1692,0.46047095681312555,SP95,0.4588348716904754,0.4563701670850945,0.4531863363256949,0.5493167155075815,2026-09-01,0.8707,proxy_eur_l
2025-09-28,2.038,1.1692,0.46047095681312555,SP95,0.46047095681312555,0.4583772111011781,0.4554864624977855,0.5493167155075815,2026-09-01,0.8707,proxy_eur_l
2025-09-29,1.993,1.173,0.44884475733144913,SP95,0.45659555698590015,0.4571640658432002,0.45588093565286386,0.5354472941714118,2026-09-01,0.8707,proxy_eur_l
2025-09-30,1.985,1.1735,0.44685259815161876,SP95,0.4520561040987312,0.4554220451844889,0.45536905871270833,0.5330707570169158,2026-09-01,0.8707,proxy_eur_l
2025-10-01,1.897,1.1723,0.4274796411527831,SP95,0.4410589988786171,0.4488237820524204,0.4514503669314861,0.509959876839105,2026-09-01,0.8707,proxy_eur_l
2025-10-02,1.862,1.1696,0.42056118458521924,SP95,0.4316311412965404,0.44084182760683915,0.44645015023720674,0.5017065358154313,2026-09-01,0.8707,proxy_eur_l
2025-10-03,1.868,1.1747,0.4200846120754416,SP95,0.422708479271148,0.43276455865930236,0.4406806724175376,0.5011380108261811,2026-09-01,0.8707,proxy_eur_l
2025-10-04,1.868,1.1747,0.4200846120754416,SP95,0.42024346957870096,0.4270125296081009,0.4349111945978685,0.5011380108261811,2026-09-01,0.8707,proxy_eur_l
2025-10-05,1.868,1.1747,0.4200846120754416,SP95,0.4200846120754416,0.42165893239286545,0.42914171677819934,0.5011380108261811,2026-09-01,0.8707,proxy_eur_l
2025-10-06,1.91,1.1707,0.4309973690988839,SP95,0.42372219774992254,0.4223624779820856,0.42659208988783287,0.5141563342547364,2026-09-01,0.8707,proxy_eur_l
2025-10-07,1.912,1.1674,0.4326682920239676,SP95,0.42791675773276444,0.4247838994698353,0.4245657604410255,0.5161496540928122,2026-09-01,0.8707,proxy_eur_l
2025-10-08,1.913,1.1606,0.43543092896875574,SP95,0.43303219669720255,0.42785316284849817,0.4257016587004502,0.5194453291624274,2026-09-01,0.8707,proxy_eur_l
2025-10-09,1.884,1.1559,0.43057370589389365,SP95,0.4328909756288724,0.42995098161218853,0.42713201888740376,0.5136509271779094,2026-09-01,0.8707,proxy_eur_l
2025-10-10,1.827,1.1613,0.4156052179956404,SP95,0.42720328428609666,0.4290551027962282,0.42649210544743205,0.4957943382080205,2026-09-01,0.8707,proxy_eur_l
2025-10-11,1.827,1.1613,0.4156052179956404,SP95,0.42059471396172493,0.4259766725755795,0.42585219200746044,0.4957943382080205,2026-09-01,0.8707,proxy_eur_l
2025-10-12,1.827,1.1613,0.4156052179956404,SP95,0.4156052179956404,0.4225640577699141,0.42521227856748883,0.4957943382080205,2026-09-01,0.8707,proxy_eur_l
2025-10-13,1.827,1.1613,0.4156052179956404,SP95,0.4156052179956404,0.41859891557529105,0.42301339983845404,0.4957943382080205,2026-09-01,0.8707,proxy_eur_l
2025-10-14,1.836,1.1608,0.4178324329165752,SP95,0.41634762296928535,0.4160506609798274,0.4208939913945408,0.4984512840305425,2026-09-01,0.8707,proxy_eur_l
2025-10-15,1.854,1.1638,0.42084119700292766,SP95,0.4180929493050478,0.4170978567812848,0.41880974397085113,0.5020405753445722,2026-09-01,0.8707,proxy_eur_l
2025-10-16,1.826,1.1665,0.4135260759588333,SP95,0.41739990195944543,0.4166820283739233,0.4163743682658425,0.49331403525333023,2026-09-01,0.8707,proxy_eur_l
2025-10-17,1.841,1.1674,0.4166016347364667,SP95,0.41698963589940935,0.41688131172208864,0.416516713514532,0.4969830089879012,2026-09-01,0.8707,proxy_eur_l
2025-10-18,1.841,1.1674,0.4166016347364667,SP95,0.41557644847725567,0.41708059507025397,0.4166590587632215,0.4969830089879012,2026-09-01,0.8707,proxy_eur_l
2025-10-19,1.841,1.1674,0.4166016347364667,SP95,0.4166016347364667,0.4168344354342322,0.41680140401191096,0.4969830089879012,2026-09-01,0.8707,proxy_eur_l
2025-10-20,1.837,1.1656,0.4163384181382281,SP95,0.4165138958703873,0.4159338796612923,0.41690614688942346,0.4966690059545455,2026-09-01,0.8707,proxy_eur_l
2025-10-21,1.84,1.1616,0.4184543529089128,SP95,0.417131468594536,0.4169195350513082,0.4169949926026146,0.4991932006323274,2026-09-01,0.8707,proxy_eur_l
2025-10-22,1.888,1.1612,0.42951845922509835,SP95,0.42143707675741315,0.41950289994903456,0.4182346014914961,0.5123920755053419,2026-09-01,0.8707,proxy_eur_l
2025-10-23,1.931,1.1612,0.4393009241332971,SP95,0.4290912454224361,0.4240427578284006,0.42191672265927666,0.5240620221402623,2026-09-01,0.8707,proxy_eur_l
2025-10-24,1.925,1.1626,0.43740856768401487,SP95,0.4354093170141368,0.42820414441791027,0.42488914165178354,0.5218045441953262,2026-09-01,0.8707,proxy_eur_l
2025-10-25,1.925,1.1626,0.43740856768401487,SP95,0.438039353167109,0.43241817432706764,0.42786156064429043,0.5218045441953262,2026-09-01,0.8707,proxy_eur_l
2025-10-26,1.925,1.1626,0.43740856768401487,SP95,0.43740856768401487,0.43620901728208794,0.43083397963679726,0.5218045441953262,2026-09-01,0.8707,proxy_eur_l
2025-10-27,1.936,1.1636,0.4395299874229764,SP95,0.43811570759700214,0.43821132292166365,0.4341470609631899,0.5243352821408513,2026-09-01,0.8707,proxy_eur_l
2025-10-28,1.926,1.1659,0.43639709481241434,SP95,0.43777854997313526,0.43763055705748705,0.43671030980654724,0.5205979122733088,2026-09-01,0.8707,proxy_eur_l
2025-10-29,1.98,1.1664,0.448440212336363,SP95,0.4414557648572513,0.4398368859879566,0.43941341739387074,0.5349646940753846,2026-09-01,0.8707,proxy_eur_l
2025-10-30,1.998,1.1564,0.4564300939221554,SP95,0.44708913369031106,0.4436411912355848,0.44186044164942195,0.5444961866593635,2026-09-01,0.8707,proxy_eur_l
2025-10-31,1.904,1.1541,0.4358232282210507,SP95,0.4468978448265231,0.443324123342992,0.44163396458328424,0.5199133207557695,2026-09-01,0.8707,proxy_eur_l
2025-11-01,1.904,1.1541,0.4358232282210507,SP95,0.44269218345475236,0.44258277150260683,0.4414074875171465,0.5199133207557695,2026-09-01,0.8707,proxy_eur_l
2025-11-02,1.904,1.1541,0.4358232282210507,SP95,0.4358232282210507,0.44246799818433413,0.44118101045100877,0.5199133207557695,2026-09-01,0.8707,proxy_eur_l
2025-11-03,1.923,1.1531,0.44055403406878796,SP95,0.4374001635036298,0.4408907625308191,0.4413273028289818,0.5255569138891313,2026-09-01,0.8707,proxy_eur_l
2025-11-04,1.925,1.1491,0.442547385596933,SP95,0.4396415492955906,0.43811422086577456,0.44220591579819885,0.5279348734500794,2026-09-01,0.8707,proxy_eur_l
2025-11-05,1.919,1.1485,0.44139849235984924,SP95,0.44149997067519015,0.4392292736935343,0.4411999558015539,0.5265643065334782,2026-09-01,0.8707,proxy_eur_l
2025-11-06,1.968,1.1539,0.45055082679680747,SP95,0.44483223491786333,0.44217479340868565,0.44036006049793286,0.5374825419134723,2026-09-01,0.8707,proxy_eur_l
2025-11-07,1.952,1.1578,0.445382489379086,SP95,0.44577726951191426,0.44408664564029277,0.441725669234795,0.5313169975008856,2026-09-01,0.8707,proxy_eur_l
2025-11-08,1.952,1.1578,0.445382489379086,SP95,0.44710526851832655,0.44505233670235234,0.44309127797165715,0.5313169975008856,2026-09-01,0.8707,proxy_eur_l
2025-11-09,1.952,1.1578,0.445382489379086,SP95,0.445382489379086,0.44561935745878295,0.44445688670851935,0.5313169975008856,2026-09-01,0.8707,proxy_eur_l
2025-11-10,1.973,1.1545,0.4514607702924442,SP95,0.44740858301687214,0.4476318130453019,0.4460149918833274,0.5385680548322025,2026-09-01,0.8707,proxy_eur_l
2025-11-11,1.973,1.1545,0.4514607702924442,SP95,0.4494346766546582,0.44781380174442925,0.4472883325541147,0.5385680548322025,2026-09-01,0.8707,proxy_eur_l
2025-11-12,1.963,1.1592,0.44735139646225447,SP95,0.4500909790157144,0.4482075831610629,0.44813874742588694,0.5336657961733383,2026-09-01,0.8707,proxy_eur_l
2025-11-13,1.966,1.1649,0.4458427804413424,SP95,0.4482183157320138,0.4482996413735142,0.4474661693751062,0.5318660996120069,2026-09-01,0.8707,proxy_eur_l
2025-11-14,2.017,1.1617,0.45866835637977565,SP95,0.4506208444277909,0.4509568147736521,0.4493641503752047,0.5471663115900937,2026-09-01,0.8707,proxy_eur_l
2025-11-15,2.017,1.1617,0.45866835637977565,SP95,0.45439316440029803,0.4523983319911185,0.45126213137530324,0.5471663115900937,2026-09-01,0.8707,proxy_eur_l
2025-11-16,2.017,1.1617,0.45866835637977565,SP95,0.45866835637977565,0.4538398492085848,0.45316011237540177,0.5471663115900937,2026-09-01,0.8707,proxy_eur_l
2025-11-17,1.991,1.1598,0.45349763428614726,SP95,0.4569447823485662,0.4550690967733633,0.4534510929459308,0.5409979223893234,2026-09-01,0.8707,proxy_eur_l
2025-11-18,2.004,1.1579,0.45720769749177775,SP95,0.456457896052567,0.45734208018345035,0.4542720825458355,0.5454238252704676,2026-09-01,0.8707,proxy_eur_l
2025-11-19,1.943,1.154,0.44478881952502813,SP95,0.45183138376765114,0.4545661728125009,0.4539060001262318,0.5306087817719632,2026-09-01,0.8707,proxy_eur_l
2025-11-20,1.922,1.1534,0.44021040803915495,SP95,0.4474023083519871,0.45087458314437673,0.4531013754973478,0.525146986793474,2026-09-01,0.8707,proxy_eur_l
2025-11-21,1.885,1.1506,0.4327866493091515,SP95,0.43926195895777825,0.44569824173025197,0.44940398877297294,0.5162908478732051,2026-09-01,0.8707,proxy_eur_l
2025-11-22,1.885,1.1506,0.4327866493091515,SP95,0.4352612355524861,0.4415560447348528,0.44570660204859813,0.5162908478732051,2026-09-01,0.8707,proxy_eur_l
2025-11-23,1.885,1.1506,0.4327866493091515,SP95,0.4327866493091515,0.4366718350983275,0.44200921532422327,0.5162908478732051,2026-09-01,0.8707,proxy_eur_l
2025-11-24,1.908,1.1518,0.4376109358389887,SP95,0.4343947448190973,0.4352362583611196,0.4397396869746291,0.522045958357433,2026-09-01,0.8707,proxy_eur_l
2025-11-25,1.862,1.1553,0.42576678048201544,SP95,0.43205478854338536,0.4323475328496917,0.435248127401806,0.5079165275597062,2026-09-01,0.8707,proxy_eur_l
2025-11-26,1.902,1.1591,0.43348739848606527,SP95,0.4322883716023565,0.4324876826850745,0.4336336386819541,0.5171268033890991,2026-09-01,0.8707,proxy_eur_l
2025-11-27,1.902,1.1591,0.43348739848606527,SP95,0.4309138591513821,0.4326278325204573,0.43267320874579845,0.5171268033890991,2026-09-01,0.8707,proxy_eur_l
2025-11-28,1.879,1.16,0.4279131779146215,SP95,0.43162932496225076,0.43165313824155127,0.4319769985465799,0.5104770625302789,2026-09-01,0.8707,proxy_eur_l
2025-11-29,1.879,1.16,0.4279131779146215,SP95,0.4297712514384362,0.4297135866566778,0.4312807883473613,0.5104770625302789,2026-09-01,0.8707,proxy_eur_l
2025-11-30,1.879,1.16,0.4279131779146215,SP95,0.4279131779146215,0.4301428661431991,0.4305845781481427,0.5104770625302789,2026-09-01,0.8707,proxy_eur_l
2025-12-01,1.878,1.1623,0.42683912443310906,SP95,0.42755516008745076,0.42881321133260775,0.42904574794730277,0.5091957753567572,2026-09-01,0.8707,proxy_eur_l
2025-12-02,1.837,1.1596,0.41849263554839483,SP95,0.4244149792987086,0.4258142587450737,0.428006584385357,0.49923886973147485,2026-09-01,0.8707,proxy_eur_l
2025-12-03,1.837,1.166,0.41619559192274325,SP95,0.42050911730141577,0.423470741546698,0.4255363263048824,0.4964986220760019,2026-09-01,0.8707,proxy_eur_l
2025-12-04,1.84,1.1659,0.4169110355424935,SP95,0.4171997543378773,0.4212703130722725,0.42316827445580074,0.49735210726006646,2026-09-01,0.8707,proxy_eur_l
2025-12-05,1.844,1.1635,0.41867921319159923,SP95,0.417261946885612,0.419423520127668,0.4218491366382261,0.49946144667500575,2026-09-01,0.8707,proxy_eur_l
2025-12-06,1.844,1.1635,0.41867921319159923,SP95,0.4180898206418974,0.417791537879366,0.42052999882065156,0.49946144667500575,2026-09-01,0.8707,proxy_eur_l
2025-12-07,1.844,1.1635,0.41867921319159923,SP95,0.41867921319159923,0.4178288534080069,0.4192108610030769,0.49946144667500575,2026-09-01,0.8707,proxy_eur_l
2025-12-08,1.804,1.1626,0.40991431485816254,SP95,0.415757580413787,0.4165725979950907,0.41679303106379884,0.48900540141733423,2026-09-01,0.8707,proxy_eur_l
2025-12-09,1.803,1.1639,0.40922949600630776,SP95,0.4126076746853566,0.4150362900878536,0.4154697254149292,0.48818844990963856,2026-09-01,0.8707,proxy_eur_l
2025-12-10,1.8,1.165,0.40816282767782586,SP95,0.40910221284743215,0.4129330129850989,0.4143221876656554,0.48691597282054516,2026-09-01,0.8707,proxy_eur_l
2025-12-11,1.774,1.1756,0.39864003137406884,SP95,0.4053441183527342,0.4089251766215929,0.4117120442130232,0.47555579665605696,2026-09-01,0.8707,proxy_eur_l
2025-12-12,1.761,1.1731,0.39656208695141026,SP95,0.4011216486677684,0.40450175137355504,0.4085524547501391,0.47307692238967114,2026-09-01,0.8707,proxy_eur_l
2025-12-13,1.761,1.1731,0.39656208695141026,SP95,0.39725473509229653,0.4018313057922046,0.405392865287255,0.47307692238967114,2026-09-01,0.8707,proxy_eur_l
2025-12-14,1.761,1.1731,0.39656208695141026,SP95,0.39656208695141026,0.3992978239812251,0.4022332758243708,0.47307692238967114,2026-09-01,0.8707,proxy_eur_l
2025-12-15,1.734,1.1756,0.3896515301029511,SP95,0.39425856800192394,0.39559556446625016,0.3993385922879121,0.46483300529966326,2026-09-01,0.8707,proxy_eur_l
2025-12-16,1.689,1.177,0.37908801736016373,SP95,0.3884338781381751,0.3916851616634691,0.39503266676703436,0.4522313112335479,2026-09-01,0.8707,proxy_eur_l
2025-12-17,1.72,1.1748,0.38676875217570245,SP95,0.38516943321293917,0.38972649470832754,0.391976370266731,0.4613940085961716,2026-09-01,0.8707,proxy_eur_l
2025-12-18,1.706,1.1729,0.384242067800325,SP95,0.3833662791120638,0.3872624908781105,0.3899195183276247,0.4583798120617961,2026-09-01,0.8707,proxy_eur_l
2025-12-19,1.72,1.1721,0.3876596963194397,SP95,0.38622350543182243,0.3854820127517164,0.3886477482373432,0.4624568563252133,2026-09-01,0.8707,proxy_eur_l
2025-12-20,1.72,1.1721,0.3876596963194397,SP95,0.3865204868130682,0.3850836459950141,0.3873759781470617,0.4624568563252133,2026-09-01,0.8707,proxy_eur_l
2025-12-21,1.72,1.1721,0.3876596963194397,SP95,0.3876596963194397,0.3867979817868693,0.38610420805678025,0.4624568563252133,2026-09-01,0.8707,proxy_eur_l
2025-12-22,1.75,1.175,0.39344773755468915,SP95,0.3895890433978562,0.38813377886266665,0.3866465234070285,0.4693616735640126,2026-09-01,0.8707,proxy_eur_l
2025-12-23,1.756,1.1776,0.39392503731395095,SP95,0.3916774903960267,0.39007037276539186,0.38876609768614095,0.4699310661221987,2026-09-01,0.8707,proxy_eur_l
2025-12-24,1.758,1.178,0.3942397861168293,SP95,0.39387085366182323,0.39138639072486975,0.38983338824915903,0.470306544262674,2026-09-01,0.8707,proxy_eur_l
2025-12-25,1.758,1.178,0.3942397861168293,SP95,0.39413486984920326,0.3927024086843477,0.3912616337229454,0.470306544262674,2026-09-01,0.8707,proxy_eur_l
2025-12-26,1.743,1.1766,0.39134105665498276,SP95,0.3932735429628806,0.3934386807514563,0.3917875423423087,0.4668485182491619,2026-09-01,0.8707,proxy_eur_l
2025-12-27,1.743,1.1766,0.39134105665498276,SP95,0.39230729980893164,0.393017344571515,0.39231345096167203,0.4668485182491619,2026-09-01,0.8707,proxy_eur_l
2025-12-28,1.743,1.1766,0.39134105665498276,SP95,0.39134105665498276,0.3925005484397214,0.3928393595810352,0.4668485182491619,2026-09-01,0.8707,proxy_eur_l
2025-12-29,1.754,1.1756,0.39414578073851,SP95,0.39227596468282516,0.3924817473640575,0.39293908003586686,0.47019440097786014,2026-09-01,0.8707,proxy_eur_l
2025-12-30,1.765,1.1765,0.3963142136949697,SP95,0.3939336836961542,0.39289663287968557,0.39328039094744094,0.47278122312552545,2026-09-01,0.8707,proxy_eur_l
2025-12-31,1.747,1.1736,0.39324179913913204,SP95,0.394567264524204,0.39327678137651545,0.39313782137919845,0.4691160002759216,2026-09-01,0.8707,proxy_eur_l
2026-01-01,1.747,1.1736,0.39324179913913204,SP95,0.39426593732441134,0.39365692987334533,0.392995251810956,0.4691160002759216,2026-09-01,0.8707,proxy_eur_l
2026-01-02,1.963,1.1738,0.4417871347580894,SP95,0.4094235776787845,0.4037461454939666,0.4002018343971141,0.5270279356995516,2026-09-01,0.8707,proxy_eur_l
2026-01-03,1.963,1.1738,0.4417871347580894,SP95,0.42560535621843704,0.4132744162978826,0.4074084169832722,0.5270279356995516,2026-09-01,0.8707,proxy_eur_l
2026-01-04,1.963,1.1738,0.4417871347580894,SP95,0.4417871347580894,0.4223690005105064,0.41461499956943026,0.5270279356995516,2026-09-01,0.8707,proxy_eur_l
2026-01-05,1.986,1.1715,0.44784096968269976,SP95,0.4438050797329596,0.43328883461921996,0.42228574084717163,0.5342498303007385,2026-09-01,0.8707,proxy_eur_l
2026-01-06,1.959,1.1689,0.44273509330961824,SP95,0.4441210659168025,0.4431874934533172,0.42891729507783577,0.5281587985048132,2026-09-01,0.8707,proxy_eur_l
2026-01-07,1.964,1.169,0.4438271264597122,SP95,0.44480106315067686,0.4435954917936418,0.43614377040934726,0.5294615344414868,2026-09-01,0.8707,proxy_eur_l
2026-01-08,2.034,1.1655,0.4610261299841045,SP95,0.4491961165844784,0.4474432908388448,0.4458272462443432,0.5499790067950293,2026-09-01,0.8707,proxy_eur_l
2026-01-09,2.032,1.1634,0.4614041691522758,SP95,0.4554191418653642,0.4513666977176821,0.448629679729227,0.5504299868864345,2026-09-01,0.8707,proxy_eur_l
2026-01-10,2.032,1.1634,0.4614041691522758,SP95,0.46127815609621875,0.4540793376115973,0.45143211321411086,0.5504299868864345,2026-09-01,0.8707,proxy_eur_l
2026-01-11,2.032,1.1634,0.4614041691522758,SP95,0.4614041691522758,0.4578131527801288,0.4542345466989946,0.5504299868864345,2026-09-01,0.8707,proxy_eur_l
2026-01-12,2.057,1.1672,0.4655602396339199,SP95,0.4627895259794906,0.4621597754149704,0.45676587097774035,0.5553879521014291,2026-09-01,0.8707,proxy_eur_l
2026-01-13,2.085,1.1646,0.4729509953346552,SP95,0.4666384680402837,0.4645447484850805,0.4610824284098884,0.564204720209335,2026-09-01,0.8707,proxy_eur_l
2026-01-14,2.064,1.1655,0.4678259254115988,SP95,0.46877905346005805,0.4658290997369451,0.46451082826015794,0.558090791556018,2026-09-01,0.8707,proxy_eur_l
2026-01-15,2.047,1.1605,0.46597172871790593,SP95,0.4689162164880534,0.46674261165007114,0.46521734236498674,0.5558788361164533,2026-09-01,0.8707,proxy_eur_l
2026-01-16,2.051,1.1599,0.4671237860044508,SP95,0.46697381337798527,0.46788653502050614,0.46603443048672605,0.5572531775713438,2026-09-01,0.8707,proxy_eur_l
2026-01-17,2.051,1.1599,0.4671237860044508,SP95,0.4667397669089359,0.46819924429461235,0.4668515186084653,0.5572531775713438,2026-09-01,0.8707,proxy_eur_l
2026-01-18,2.051,1.1599,0.4671237860044508,SP95,0.4671237860044508,0.4670338024285715,0.4676686067302046,0.5572531775713438,2026-09-01,0.8707,proxy_eur_l
2026-01-19,2.051,1.1599,0.4671237860044508,SP95,0.4671237860044508,0.46689337454714186,0.4678919704974233,0.5572531775713438,2026-09-01,0.8707,proxy_eur_l
2026-01-20,2.066,1.1739,0.46492840972138566,SP95,0.4663919939100958,0.4666847107478378,0.46674588683838486,0.5546342135058078,2026-09-01,0.8707,proxy_eur_l
2026-01-21,2.106,1.1705,0.47530657177809527,SP95,0.4691195891679773,0.4683212679025667,0.46781455060502714,0.5670147943212679,2026-09-01,0.8707,proxy_eur_l
2026-01-22,2.069,1.1738,0.46564318992077786,SP95,0.46862605714008626,0.4680251486858321,0.4677676164911517,0.5554869072655997,2026-09-01,0.8707,proxy_eur_l
2026-01-23,2.097,1.1771,0.4706216921204972,SP95,0.47052381793979015,0.4687247299090414,0.4682673173648726,0.561425988625745,2026-09-01,0.8707,proxy_eur_l
2026-01-24,2.097,1.1771,0.4706216921204972,SP95,0.4689621913872575,0.4694243111322507,0.4687670182385935,0.561425988625745,2026-09-01,0.8707,proxy_eur_l
2026-01-25,2.097,1.1771,0.4706216921204972,SP95,0.4706216921204972,0.47056296761207295,0.46926671911231443,0.561425988625745,2026-09-01,0.8707,proxy_eur_l
2026-01-26,2.072,1.1886,0.4605119405065485,SP95,0.46725177491584774,0.46760404135776357,0.46832216975547125,0.5493656068166366,2026-09-01,0.8707,proxy_eur_l
2026-01-27,2.114,1.198,0.46616003229142383,SP95,0.46576455497282326,0.46770740983189274,0.46849811583690526,0.5561034720006338,2026-09-01,0.8707,proxy_eur_l
2026-01-28,2.143,1.1941,0.4740982398488502,SP95,0.4669234042156076,0.46840271937756334,0.4683254969898703,0.5655733202895294,2026-09-01,0.8707,proxy_eur_l
2026-01-29,2.166,1.1943,0.47910630947647115,SP95,0.47312152720558176,0.47009964284875816,0.4702487997835408,0.5715476739771486,2026-09-01,0.8707,proxy_eur_l
2026-01-30,2.188,1.1885,0.4863344135966587,SP95,0.4798463209739934,0.47324218714399047,0.4724934742801353,0.5801704076282084,2026-09-01,0.8707,proxy_eur_l
2026-01-31,2.188,1.1885,0.4863344135966587,SP95,0.4839250455565962,0.47840668176201256,0.47473814877672976,0.5801704076282084,2026-09-01,0.8707,proxy_eur_l
2026-02-01,2.188,1.1885,0.4863344135966587,SP95,0.4863344135966587,0.48244155802305944,0.47698282327332425,0.5801704076282084,2026-09-01,0.8707,proxy_eur_l
2026-02-02,2.103,1.1807,0.4705291997198155,SP95,0.48106600897104435,0.48172774999725254,0.47841386030379096,0.5613156502406631,2026-09-01,0.8707,proxy_eur_l
2026-02-03,2.157,1.1819,0.4821212597821526,SP95,0.479661624366209,0.48233074005838883,0.48069403565960933,0.5751443451131475,2026-09-01,0.8707,proxy_eur_l
2026-02-04,2.181,1.1803,0.48814644259351164,SP95,0.4802656340318266,0.48269314585775946,0.48270092176598955,0.5823320593072735,2026-09-01,0.8707,proxy_eur_l
2026-02-05,2.158,1.1802,0.483039560234608,SP95,0.4844357542034241,0.4820341751853493,0.48326281473143773,0.5762398274251765,2026-09-01,0.8707,proxy_eur_l
2026-02-06,2.179,1.1812,0.4873272113853753,SP95,0.48617107140449844,0.48223273474309264,0.4834046429869686,0.581354761195772,2026-09-01,0.8707,proxy_eur_l
2026-02-07,2.179,1.1812,0.4873272113853753,SP95,0.4858979943351196,0.4855923370762046,0.4835464712424996,0.581354761195772,2026-09-01,0.8707,proxy_eur_l
2026-02-08,2.179,1.1812,0.4873272113853753,SP95,0.4873272113853753,0.4866335273968492,0.4836882994980306,0.581354761195772,2026-09-01,0.8707,proxy_eur_l
2026-02-09,2.215,1.1898,0.49179786180307505,SP95,0.4888174281912753,0.4873638112387618,0.486726679795639,0.5866880031023404,2026-09-01,0.8707,proxy_eur_l
2026-02-10,2.2,1.1898,0.488467402242332,SP95,0.48919749181026084,0.4884493796403066,0.4876332715756647,0.5827149466479228,2026-09-01,0.8707,proxy_eur_l
2026-02-11,2.223,1.1884,0.4941555641132312,SP95,0.4914736093862128,0.4898150501858778,0.48849171750705317,0.5895006132572197,2026-09-01,0.8707,proxy_eur_l
2026-02-12,2.159,1.187,0.4804949124189068,SP95,0.48770595959149005,0.48844859039258404,0.4881281963905244,0.5732042014870746,2026-09-01,0.8707,proxy_eur_l
2026-02-13,1.914,1.187,0.4259690886381601,SP95,0.46687318839009945,0.476176965843141,0.47936275028377945,0.508157870146485,2026-09-01,0.8707,proxy_eur_l
2026-02-14,1.914,1.187,0.4259690886381601,SP95,0.4441443632317424,0.463011211210158,0.4705973041770344,0.508157870146485,2026-09-01,0.8707,proxy_eur_l
2026-02-15,1.914,1.187,0.4259690886381601,SP95,0.4259690886381601,0.4505115484893237,0.46183185807028926,0.508157870146485,2026-09-01,0.8707,proxy_eur_l
2026-02-16,1.914,1.187,0.4259690886381601,SP95,0.4259690886381601,0.4368742533943094,0.4524277476181586,0.508157870146485,2026-09-01,0.8707,proxy_eur_l
2026-02-17,1.92,1.1831,0.42871299174004307,SP95,0.42688372300545446,0.42651786925853663,0.44389140326068877,0.5114311967641485,2026-09-01,0.8707,proxy_eur_l
2026-02-18,1.977,1.181,0.4422253577578827,SP95,0.43230247937869537,0.4297691230824812,0.43647280235278185,0.5275507118167955,2026-09-01,0.8707,proxy_eur_l
2026-02-19,2.015,1.1762,0.4525647725741108,SP95,0.4411677073573456,0.43508825986967137,0.43248278237495386,0.5398850692894771,2026-09-01,0.8707,proxy_eur_l
2026-02-20,2.004,1.1781,0.44936829889290336,SP95,0.44805280974163236,0.43976810192062,0.43582552669706004,0.5360718506753879,2026-09-01,0.8707,proxy_eur_l
2026-02-21,2.004,1.1781,0.44936829889290336,SP95,0.4504337901199726,0.4444479439715686,0.43916827101916617,0.5360718506753879,2026-09-01,0.8707,proxy_eur_l
2026-02-22,2.004,1.1781,0.44936829889290336,SP95,0.44936829889290336,0.44857900540214074,0.4425110153412724,0.5360718506753879,2026-09-01,0.8707,proxy_eur_l
2026-02-23,2.003,1.1804,0.44826890958435395,SP95,0.44900183579005365,0.449787715767435,0.4456967040478715,0.5347603392432313,2026-09-01,0.8707,proxy_eur_l
2026-02-24,2.005,1.1789,0.44928744166433754,SP95,0.44897488338053165,0.44913224958548026,0.4486359111799136,0.535975392415505,2026-09-01,0.8707,proxy_eur_l
2026-02-25,2.002,1.1804,0.4480451108276966,SP95,0.44853382069212944,0.44886761197243896,0.4494673044756013,0.5344933595431596,2026-09-01,0.8707,proxy_eur_l
2026-02-26,2.048,1.1792,0.45880627817968794,SP95,0.45204627689057414,0.4507552078297959,0.4503589481335409,0.5473308447685791,2026-09-01,0.8707,proxy_eur_l
2026-02-27,2.076,1.1822,0.46389881635553726,SP95,0.456916735120974,0.4536613113223226,0.45243473634248854,0.5534059648233056,2026-09-01,0.8707,proxy_eur_l
2026-02-28,2.076,1.1822,0.46389881635553726,SP95,0.4622013036302543,0.4567872926765594,0.4545105245514363,0.5534059648233056,2026-09-01,0.8707,proxy_eur_l
2026-03-01,2.076,1.1822,0.46389881635553726,SP95,0.46389881635553726,0.4597095676147992,0.45658631276038397,0.5534059648233056,2026-09-01,0.8707,proxy_eur_l
2026-03-02,2.393,1.169,0.540773072106971,SP95,0.4895235682726819,0.4782551598706542,0.46980119312075785,0.6451127555593065,2026-09-01,0.8707,proxy_eur_l
2026-03-03,2.456,1.1604,0.5591231994067671,SP95,0.5212650292897586,0.49831854411606996,0.4854920156553907,0.6670034557399062,2026-09-01,0.8707,proxy_eur_l
2026-03-04,2.543,1.1638,0.5772379525234331,SP95,0.5590447413457239,0.5209863713496492,0.5039481358976386,0.688613367368526,2026-09-01,0.8707,proxy_eur_l
2026-03-05,2.626,1.1585,0.5988051873047024,SP95,0.5783887797449676,0.5479676455394822,0.5239479800583551,0.7143419011605839,2026-09-01,0.8707,proxy_eur_l
2026-03-06,2.769,1.1606,0.6302709055486068,SP95,0.6021046817922475,0.5812420633780961,0.5477154213716507,0.7518787853898388,2026-09-01,0.8707,proxy_eur_l
2026-03-07,2.769,1.1606,0.6302709055486068,SP95,0.6197823328006388,0.5991416300664233,0.5714828626849463,0.7518787853898388,2026-09-01,0.8707,proxy_eur_l
2026-03-08,2.769,1.1606,0.6302709055486068,SP95,0.6302709055486068,0.6133711712947911,0.595250303998242,0.7518787853898388,2026-09-01,0.8707,proxy_eur_l
2026-03-09,2.644,1.1592,0.6025456404718293,SP95,0.6210291505230144,0.6184327088844704,0.6040749566217932,0.7188040576068807,2026-09-01,0.8707,proxy_eur_l
2026-03-10,2.715,1.1648,0.6157513067929025,SP95,0.616189284271113,0.6218219327821105,0.612164686248384,0.734557696663263,2026-09-01,0.8707,proxy_eur_l
2026-03-11,2.819,1.1566,0.6438708417755665,SP95,0.6207225963467662,0.6245419200275023,0.6216836704272602,0.768102766921725,2026-09-01,0.8707,proxy_eur_l
2026-03-12,2.982,1.1522,0.6837016664919273,SP95,0.6477746050201322,0.6352280722161664,0.633811738882578,0.8156187665421506,2026-09-01,0.8707,proxy_eur_l
2026-03-13,3.061,1.1444,0.7065979135514612,SP95,0.6780568072729851,0.6504934738167374,0.6447155971687,0.8429327394346854,2026-09-01,0.8707,proxy_eur_l
2026-03-14,3.061,1.1444,0.7065979135514612,SP95,0.6989658311982833,0.6713039284326637,0.655619455454822,0.8429327394346854,2026-09-01,0.8707,proxy_eur_l
2026-03-15,3.061,1.1444,0.7065979135514612,SP95,0.7065979135514612,0.6894732497843754,0.6665233137409442,0.8429327394346854,2026-09-01,0.8707,proxy_eur_l
2026-03-16,3.012,1.1487,0.6926840965463071,SP95,0.7019599745497432,0.6992359007385236,0.6794002360372982,0.8263343152683887,2026-09-01,0.8707,proxy_eur_l
2026-03-17,3.138,1.1525,0.7192814753144205,SP95,0.7061878284707297,0.7063518625030222,0.6941902601118006,0.8580635362536342,2026-09-01,0.8707,proxy_eur_l
2026-03-18,3.198,1.1513,0.7337985090257609,SP95,0.7152546936288297,0.7117919815978822,0.7070370697189714,0.8753815650223035,2026-09-01,0.8707,proxy_eur_l
2026-03-19,3.11,1.1515,0.7134824861778911,SP95,0.7221874901726909,0.7131688961231681,0.7112914725312518,0.8511456587662268,2026-09-01,0.8707,proxy_eur_l
2026-03-20,3.303,1.1543,0.7559215879225194,SP95,0.7344008610420572,0.7230336309973799,0.7183377117271174,0.9017731905019846,2026-09-01,0.8707,proxy_eur_l
2026-03-21,3.303,1.1543,0.7559215879225194,SP95,0.7417752206743101,0.7356811292726222,0.7253839509229828,0.9017731905019846,2026-09-01,0.8707,proxy_eur_l
2026-03-22,3.303,1.1543,0.7559215879225194,SP95,0.7559215879225194,0.7430091517942421,0.7324301901188482,0.9017731905019846,2026-09-01,0.8707,proxy_eur_l
2026-03-23,2.998,1.1587,0.683514121834581,SP95,0.7317857658932067,0.7329522743560061,0.7311201937314589,0.8153950360035355,2026-09-01,0.8707,proxy_eur_l
2026-03-24,3.057,1.1578,0.6975073104671443,SP95,0.7123143400747484,0.7297572392138567,0.7280095987532765,0.8320881461886306,2026-09-01,0.8707,proxy_eur_l
2026-03-25,3.027,1.157,0.6911398465757262,SP95,0.6907204262924839,0.7168008909444981,0.7219155041175573,0.8244921093502716,2026-09-01,0.8707,proxy_eur_l
2026-03-26,3.104,1.1542,0.7104401754632583,SP95,0.699695777502043,0.7077046084526458,0.7214808883011813,0.8475163481558862,2026-09-01,0.8707,proxy_eur_l
2026-03-27,3.276,1.152,0.7512392738934845,SP95,0.7176064319774897,0.7067681456468389,0.7208119862970334,0.8961874454612865,2026-09-01,0.8707,proxy_eur_l
2026-03-28,3.276,1.152,0.7512392738934845,SP95,0.7376395744167427,0.7203131760586196,0.7201430842928855,0.8961874454612865,2026-09-01,0.8707,proxy_eur_l
2026-03-29,3.276,1.152,0.7512392738934845,SP95,0.7512392738934845,0.7310595687438877,0.7194741822887377,0.8961874454612865,2026-09-01,0.8707,proxy_eur_l
2026-03-30,3.404,1.1454,0.785089633514176,SP95,0.7625227271003817,0.7498495261315776,0.733984969671537,0.9365690766813743,2026-09-01,0.8707,proxy_eur_l
2026-03-31,3.318,1.1518,0.7610026651539646,SP95,0.7657771908538752,0.7599620240697189,0.743055734626797,0.9078346382756617,2026-09-01,0.8707,proxy_eur_l
2026-04-01,3.083,1.1614,0.7012592021871635,SP95,0.7491171669517681,0.7499660097284546,0.7445013568570022,0.8365639482041255,2026-09-01,0.8707,proxy_eur_l
2026-04-02,3.283,1.1546,0.751149184039322,SP95,0.7378036837934835,0.7499479917576222,0.7503169295107257,0.8960799731830527,2026-09-01,0.8707,proxy_eur_l
2026-04-03,3.283,1.1523,0.7526484838078636,SP95,0.7350189566781165,0.7502298337404979,0.75051824521278,0.8978685559638574,2026-09-01,0.8707,proxy_eur_l
2026-04-04,3.283,1.1523,0.7526484838078636,SP95,0.75214871721835,0.7437416037992355,0.7507195609148339,0.8978685559638574,2026-09-01,0.8707,proxy_eur_l
2026-04-05,3.283,1.1523,0.7526484838078636,SP95,0.7526484838078636,0.7420707675300153,0.7509208766168881,0.8978685559638574,2026-09-01,0.8707,proxy_eur_l
2026-04-06,3.305,1.1545,0.7562482746155743,SP95,0.7538484140771006,0.7530685820156975,0.7468006824885165,0.9021629098937808,2026-09-01,0.8707,proxy_eur_l
2026-04-07,3.239,1.1571,0.7394808379466274,SP95,0.749459198790022,0.7507349127971585,0.7437261357446111,0.8821602732406176,2026-09-01,0.8707,proxy_eur_l
2026-04-08,3.022,1.1686,0.6831490178216023,SP95,0.7262927101279347,0.7368350195999063,0.741138966549531,0.8149594868461767,2026-09-01,0.8707,proxy_eur_l
2026-04-09,3.02,1.1706,0.6815304955762926,SP95,0.7013867837815075,0.7226114219535921,0.7311934396262411,0.8130286781586479,2026-09-01,0.8707,proxy_eur_l
2026-04-10,3.003,1.1723,0.6767113138544057,SP95,0.6804636090841004,0.7074239879629005,0.7203452724900329,0.807279657431646,2026-09-01,0.8707,proxy_eur_l
2026-04-11,3.003,1.1723,0.6767113138544057,SP95,0.6783177077617015,0.6915165958106668,0.7094971053538245,0.807279657431646,2026-09-01,0.8707,proxy_eur_l
2026-04-12,3.003,1.1723,0.6767113138544057,SP95,0.6767113138544057,0.6789626909922225,0.6986489382176163,0.807279657431646,2026-09-01,0.8707,proxy_eur_l
2026-04-13,3.08,1.171,0.6948334084227986,SP95,0.6827520120438701,0.6812995691124617,0.6898753859043626,0.8288983270114244,2026-09-01,0.8707,proxy_eur_l
2026-04-14,3.045,1.1791,0.6822185560432211,SP95,0.6845877594401419,0.6814371812058473,0.6816950599181617,0.8138494967361748,2026-09-01,0.8707,proxy_eur_l
2026-04-15,3.083,1.1799,0.6902639523859408,SP95,0.6891053056173203,0.6841477089121544,0.6827114791416387,0.8234472153947547,2026-09-01,0.8707,proxy_eur_l
2026-04-16,3.185,1.1783,0.7140694108127834,SP95,0.6955173064139819,0.69161932830383,0.6873598956039945,0.8518458278168893,2026-09-01,0.8707,proxy_eur_l
2026-04-17,3.034,1.1801,0.6791780415681911,SP95,0.6945038015889718,0.692112673846587,0.6877122852773923,0.8102223289416278,2026-09-01,0.8707,proxy_eur_l
2026-04-18,3.034,1.1801,0.6791780415681911,SP95,0.6908084979830553,0.6889816004756655,0.6880646749507903,0.8102223289416278,2026-09-01,0.8707,proxy_eur_l
2026-04-19,3.034,1.1801,0.6791780415681911,SP95,0.6791780415681911,0.6883734975806595,0.6884170646241882,0.8102223289416278,2026-09-01,0.8707,proxy_eur_l
2026-04-20,3.133,1.1785,0.7022919304523368,SP95,0.6868826711962397,0.6907790931939386,0.6894825677712649,0.8377959366503959,2026-09-01,0.8707,proxy_eur_l
2026-04-21,3.244,1.1752,0.7292155699879455,SP95,0.7035618473361579,0.6938083250289712,0.6961964269062256,0.869914368921495,2026-09-01,0.8707,proxy_eur_l
2026-04-22,3.382,1.1714,0.7627026473239356,SP95,0.7314033825880727,0.7105132461801199,0.7065448118973678,0.9098626242066155,2026-09-01,0.8707,proxy_eur_l
2026-04-23,3.523,1.1704,0.7951795458456569,SP95,0.7623659210525128,0.7337135470356132,0.7181319740449211,0.948605791309476,2026-09-01,0.8707,proxy_eur_l
2026-04-24,3.534,1.1718,0.7967093642547334,SP95,0.7848638524747753,0.7572198115729216,0.7349221630001415,0.9504307811625016,2026-09-01,0.8707,proxy_eur_l
2026-04-25,3.534,1.1718,0.7967093642547334,SP95,0.7961994247850414,0.7761032983334009,0.7517123519553618,0.9504307811625016,2026-09-01,0.8707,proxy_eur_l
2026-04-26,3.534,1.1718,0.7967093642547334,SP95,0.7967093642547334,0.7896020571867586,0.768502540910582,0.9504307811625016,2026-09-01,0.8707,proxy_eur_l
2026-04-27,3.521,1.1731,0.7928989824849038,SP95,0.7954392369981237,0.7956413242189522,0.7814464054866631,0.94588520371041,2026-09-01,0.8707,proxy_eur_l
2026-04-28,3.586,1.1715,0.8086393339789332,SP95,0.7994158935728569,0.7983332818456074,0.7927926574853756,0.9646625838159356,2026-09-01,0.8707,proxy_eur_l
2026-04-29,3.788,1.1695,0.855650905799629,SP95,0.8190630740878221,0.8101215901545865,0.8060709801247603,1.0207448227526115,2026-09-01,0.8707,proxy_eur_l
2026-04-30,3.843,1.1729,0.8655581867272268,SP95,0.8432828088352631,0.8238913546490853,0.8161250716792704,1.032563668085277,2026-09-01,0.8707,proxy_eur_l
2026-05-01,3.63,1.1755,0.8157758826542567,SP95,0.8456616583937042,0.8277046583289899,0.8188488600220596,0.9731760968190578,2026-09-01,0.8707,proxy_eur_l
2026-05-02,3.63,1.1755,0.8157758826542567,SP95,0.8323699840119135,0.8322800383628606,0.8215726483648486,0.9731760968190578,2026-09-01,0.8707,proxy_eur_l
2026-05-03,3.63,1.1755,0.8157758826542567,SP95,0.8157758826542567,0.8337073480979253,0.8242964367076376,0.9731760968190578,2026-09-01,0.8707,proxy_eur_l
2026-05-04,3.748,1.1698,0.8463984033495815,SP95,0.8259833895526983,0.8318568476079158,0.8319392111168772,1.0097070924009257,2026-09-01,0.8707,proxy_eur_l
2026-05-05,3.67,1.1707,0.8281467772737718,SP95,0.8301070210925366,0.8243745657172248,0.8347259887304256,0.9879338988036036,2026-09-01,0.8707,proxy_eur_l
2026-05-06,3.511,1.1753,0.7891670857053171,SP95,0.8212374221095567,0.8190528063274367,0.825228300145524,0.9414332545673769,2026-09-01,0.8707,proxy_eur_l
2026-05-07,3.536,1.1764,0.7940431631574404,SP95,0.8037856753788432,0.8147062624280735,0.8150118682069829,0.9472501487947537,2026-09-01,0.8707,proxy_eur_l
2026-05-08,3.548,1.1773,0.7961288046943945,SP95,0.7931130178523841,0.8107768468361011,0.8122051427841456,0.9497382052983276,2026-09-01,0.8707,proxy_eur_l
2026-05-09,3.548,1.1773,0.7961288046943945,SP95,0.7954335908487432,0.8007229271050637,0.809398417361308,0.9497382052983276,2026-09-01,0.8707,proxy_eur_l
2026-05-10,3.548,1.1773,0.7961288046943945,SP95,0.7961288046943945,0.7943193325891882,0.8065916919384707,0.9497382052983276,2026-09-01,0.8707,proxy_eur_l
2026-05-11,3.645,1.178,0.8174084302592963,SP95,0.8032220132160285,0.799967601499984,0.8024502672112871,0.9751236369951348,2026-09-01,0.8707,proxy_eur_l
2026-05-12,3.747,1.1733,0.8436484106247184,SP95,0.8190618818594698,0.8098886509934395,0.8046647862614222,1.0064265011954643,2026-09-01,0.8707,proxy_eur_l
2026-05-13,3.683,1.1711,0.8307964040944928,SP95,0.8306177483261692,0.8168221708734593,0.8106118317455903,0.9910947589641501,2026-09-01,0.8707,proxy_eur_l
2026-05-14,3.678,1.1678,0.8320130232687702,SP95,0.8354859459959939,0.8239990145883345,0.8160360974757802,0.9925461192268317,2026-09-01,0.8707,proxy_eur_l
2026-05-15,3.794,1.1627,0.8620183767496474,SP95,0.8416092680376369,0.837176928999385,0.8254488934836735,1.0283408680114952,2026-09-01,0.8707,proxy_eur_l
2026-05-16,3.794,1.1627,0.8620183767496474,SP95,0.8520165922560218,0.8460989182974552,0.8348616894915668,1.0283408680114952,2026-09-01,0.8707,proxy_eur_l
2026-05-17,3.794,1.1627,0.8620183767496474,SP95,0.8620183767496474,0.849772911522441,0.8442744854994599,1.0283408680114952,2026-09-01,0.8707,proxy_eur_l
2026-05-18,3.769,1.1649,0.854720976339481,SP95,0.8595859099462587,0.8545578259714388,0.8496048492252006,1.0196354676692037,2026-09-01,0.8707,proxy_eur_l
2026-05-19,3.786,1.1602,0.8620542925598603,SP95,0.8595978818829962,0.8605660798296567,0.8522342609302209,1.028383713612524,2026-09-01,0.8707,proxy_eur_l
2026-05-20,3.563,1.162,0.8100215340379371,SP95,0.8422656009790929,0.8501667112873147,0.849266422350713,0.9663114730354452,2026-09-01,0.8707,proxy_eur_l
2026-05-21,3.519,1.1589,0.8021584711781209,SP95,0.8247447659253062,0.8381947301730094,0.8450014863377631,0.9569312682688352,2026-09-01,0.8707,proxy_eur_l
2026-05-22,3.48,1.1603,0.7923112489928091,SP95,0.8014970847362891,0.8242533046216417,0.8350433252296433,0.9451840697372585,2026-09-01,0.8707,proxy_eur_l
2026-05-23,3.48,1.1603,0.7923112489928091,SP95,0.7955936563879131,0.8117713591523075,0.8250851641215237,0.9451840697372585,2026-09-01,0.8707,proxy_eur_l
2026-05-24,3.48,1.1603,0.7923112489928091,SP95,0.7923112489928091,0.797822750438897,0.8151270030134038,0.9451840697372585,2026-09-01,0.8707,proxy_eur_l
2026-05-25,3.48,1.1603,0.7923112489928091,SP95,0.7923112489928091,0.7942806934298716,0.806211327678165,0.9451840697372585,2026-09-01,0.8707,proxy_eur_l
2026-05-26,3.257,1.162,0.7404547112999049,SP95,0.7750257364285078,0.7819399414542284,0.7888399589267427,0.8833220509897404,2026-09-01,0.8707,proxy_eur_l
2026-05-27,3.195,1.1631,0.7256725193743307,SP95,0.7528128265556816,0.7686121955305326,0.7767900996890847,0.8656877029458213,2026-09-01,0.8707,proxy_eur_l
2026-05-28,3.323,1.1649,0.7535786161783219,SP95,0.7399019489508526,0.7608656689676352,0.7698501204033992,0.8989781531081888,2026-09-01,0.8707,proxy_eur_l
2026-05-29,3.194,1.1679,0.7224638541244337,SP95,0.7339049965590289,0.74689618999396,0.7598719211364884,0.861859940455793,2026-09-01,0.8707,proxy_eur_l
2026-05-30,3.194,1.1679,0.7224638541244337,SP95,0.7328354414757299,0.732926711020285,0.7498937218695777,0.861859940455793,2026-09-01,0.8707,proxy_eur_l
2026-05-31,3.194,1.1679,0.7224638541244337,SP95,0.7224638541244337,0.7293285395851907,0.7399155226026669,0.861859940455793,2026-09-01,0.8707,proxy_eur_l
2026-06-01,3.187,1.1624,0.7242914064568298,SP95,0.7230730382352325,0.7290523170016906,0.730198402240384,0.8640401106267803,2026-09-01,0.8707,proxy_eur_l
2026-06-02,3.243,1.1642,0.7358786856188587,SP95,0.7275446487333742,0.7255123308897979,0.7295446842859489,0.8778631021461746,2026-09-01,0.8707,proxy_eur_l
2026-06-03,3.234,1.1605,0.7361761459080155,SP95,0.7321154126612348,0.7282547892465143,0.7310452023621895,0.8782179560335173,2026-09-01,0.8707,proxy_eur_l
2026-06-04,3.132,1.1629,0.7114858268000007,SP95,0.7278468861089583,0.7260591837816277,0.7250319467367151,0.8487637531211,2026-09-01,0.8707,proxy_eur_l
2026-06-05,3.13,1.1533,0.7169500770666822,SP95,0.7215373499248995,0.7249564283700775,0.7242442642998934,0.8552823054093457,2026-09-01,0.8707,proxy_eur_l
2026-06-06,3.13,1.1533,0.7169500770666822,SP95,0.7151286603111219,0.7234881624920478,0.7234565818630718,0.8552823054093457,2026-09-01,0.8707,proxy_eur_l
2026-06-07,3.13,1.1533,0.7169500770666822,SP95,0.7169500770666822,0.7197024407816126,0.7226688994262502,0.8552823054093457,2026-09-01,0.8707,proxy_eur_l
2026-06-08,3.154,1.1545,0.7216965380143785,SP95,0.7185322307159144,0.7168065192028852,0.7222982039344715,0.8609445742223854,2026-09-01,0.8707,proxy_eur_l
2026-06-09,3.083,1.1556,0.7047788485809724,SP95,0.7144751545540111,0.7154651235590797,0.7178553700719162,0.8407626942231493,2026-09-01,0.8707,proxy_eur_l
2026-06-10,3.129,1.155,0.7156661054793475,SP95,0.7140471640248996,0.7152083292416125,0.7149253642963922,0.8537505973944881,2026-09-01,0.8707,proxy_eur_l
2026-06-11,3.033,1.1515,0.6958174857162519,SP95,0.7054208132588574,0.7109818109715265,0.7126870298558566,0.830072277504169,2026-09-01,0.8707,proxy_eur_l
2026-06-12,3.02,1.1573,0.6893628256472896,SP95,0.7002821389476298,0.7054643606876481,0.7087459939388007,0.8223722203858234,2026-09-01,0.8707,proxy_eur_l
2026-06-13,3.02,1.1573,0.6893628256472896,SP95,0.6915143790036105,0.6989976182142301,0.7048049580217446,0.8223722203858234,2026-09-01,0.8707,proxy_eur_l
2026-06-14,3.02,1.1573,0.6893628256472896,SP95,0.6893628256472896,0.6959144136274935,0.7008639221046884,0.8223722203858234,2026-09-01,0.8707,proxy_eur_l
2026-06-15,2.945,1.1599,0.670736006720189,SP95,0.6831538860049227,0.686928393875662,0.6935838462055184,0.8001514421977608,2026-09-01,0.8707,proxy_eur_l
2026-06-16,2.88,1.1615,0.6550284208277808,SP95,0.6717090843984198,0.6787705808979677,0.6864766422407769,0.7814131496663764,2026-09-01,0.8707,proxy_eur_l
2026-06-17,2.887,1.1593,0.6578665704804403,SP95,0.6612103326761367,0.6724713298645979,0.6782195658123615,0.7847989072744302,2026-09-01,0.8707,proxy_eur_l
2026-06-18,2.96,1.147,0.6817343286661894,SP95,0.6648764399914703,0.6709456304683779,0.6762076862337812,0.8132718399081507,2026-09-01,0.8707,proxy_eur_l
2026-06-19,2.96,1.147,0.6817343286661894,SP95,0.6737784092709398,0.6694199310721578,0.6751179009507668,0.8132718399081507,2026-09-01,0.8707,proxy_eur_l
2026-06-20,2.96,1.147,0.6817343286661894,SP95,0.6817343286661894,0.6716195954613579,0.6740281156677526,0.8132718399081507,2026-09-01,0.8707,proxy_eur_l
2026-06-21,2.96,1.147,0.6817343286661894,SP95,0.6817343286661894,0.6769607770290396,0.6729383303847383,0.8132718399081507,2026-09-01,0.8707,proxy_eur_l
2026-06-22,2.966,1.1432,0.6853869028116413,SP95,0.6829518533813402,0.6824648434952799,0.6750313155406601,0.8176291614786874,2026-09-01,0.8707,proxy_eur_l
2026-06-23,2.935,1.1383,0.681142909313156,SP95,0.6827547135969957,0.682346559624673,0.6787619567528564,0.8125663089041013,2026-09-01,0.8707,proxy_eur_l
2026-06-24,2.843,1.1348,0.6618268812603242,SP95,0.6761188977950406,0.6783650701435001,0.679327715435697,0.7895233418512628,2026-09-01,0.8707,proxy_eur_l
2026-06-25,3.02,1.1385,0.7007462434094056,SP95,0.6812386779942954,0.6821674530921433,0.6820437032561565,0.8359520163834111,2026-09-01,0.8707,proxy_eur_l
2026-06-26,2.963,1.1403,0.6864349654803067,SP95,0.6830026967166788,0.6831075804549668,0.6827152228010304,0.8188794430312568,2026-09-01,0.8707,proxy_eur_l
2026-06-27,2.963,1.1403,0.6864349654803067,SP95,0.691205391456673,0.6833171929886998,0.6833867423459042,0.8188794430312568,2026-09-01,0.8707,proxy_eur_l
2026-06-28,2.963,1.1403,0.6864349654803067,SP95,0.6864349654803067,0.68437560422213,0.6840582618907781,0.8188794430312568,2026-09-01,0.8707,proxy_eur_l
2026-06-29,3.049,1.1425,0.7049983261619207,SP95,0.6926227523741781,0.6930098932024492,0.686859893797961,0.8410245189964823,2026-09-01,0.8707,proxy_eur_l
2026-06-30,2.977,1.1417,0.6888326179120678,SP95,0.6934219698514319,0.6906271681029816,0.6879584235978056,0.8217397115004326,2026-09-01,0.8707,proxy_eur_l
2026-07-01,2.945,1.1384,0.6834036315835795,SP95,0.6924115252191895,0.6900209013236364,0.6910408165011278,0.81526322716548,2026-09-01,0.8707,proxy_eur_l
2026-07-02,2.92,1.1448,0.6738141097884288,SP95,0.6820167864280254,0.6874967301852608,0.687193368840988,0.8038234511321387,2026-09-01,0.8707,proxy_eur_l
2026-07-03,2.92,1.1448,0.6738141097884288,SP95,0.6770106170534791,0.6849725590468851,0.6853903894564342,0.8038234511321387,2026-09-01,0.8707,proxy_eur_l
2026-07-04,2.92,1.1448,0.6738141097884288,SP95,0.6738141097884288,0.6787357157721867,0.6835874100718803,0.8038234511321387,2026-09-01,0.8707,proxy_eur_l
2026-07-05,2.92,1.1448,0.6738141097884288,SP95,0.6738141097884288,0.675732014147459,0.6817844306873262,0.8038234511321387,2026-09-01,0.8707,proxy_eur_l
2026-07-06,3.006,1.1426,0.6949949145707982,SP95,0.6808743780492187,0.6780502707449028,0.6803553718885943,0.8290909950297667,2026-09-01,0.8707,proxy_eur_l
2026-07-07,2.975,1.1423,0.6880082778302473,SP95,0.6856057673964916,0.6808891043532663,0.6802376090197628,0.8207563187815066,2026-09-01,0.8707,proxy_eur_l
2026-07-08,3.113,1.1396,0.7216282897428186,SP95,0.7015438273812881,0.6904519403441444,0.6856982744710827,0.8608631577599187,2026-09-01,0.8707,proxy_eur_l
2026-07-09,3.003,1.1439,0.6935122591411136,SP95,0.7010496089047266,0.6943915702146813,0.6885122958071807,0.8273222680366452,2026-09-01,0.8707,proxy_eur_l
2026-07-10,2.966,1.1438,0.6850273713011613,SP95,0.7000559733950312,0.6966342225172278,0.6901141903089995,0.8172002600126207,2026-09-01,0.8707,proxy_eur_l
2026-07-11,2.966,1.1438,0.6850273713011613,SP95,0.6878556672478121,0.6946407138633004,0.6917160848108184,0.8172002600126207,2026-09-01,0.8707,proxy_eur_l
2026-07-12,2.966,1.1438,0.6850273713011613,SP95,0.6850273713011613,0.6940445325574832,0.6933179793126374,0.8172002600126207,2026-09-01,0.8707,proxy_eur_l
2026-07-13,3.171,1.1402,0.7346865269493849,SP95,0.7015804231839026,0.6966561799987965,0.6989882096524356,0.8764409219304851,2026-09-01,0.8707,proxy_eur_l
2026-07-14,3.237,1.1428,0.7482717303844298,SP95,0.7226618762116588,0.7076080742474598,0.7075972743030329,0.8926473280458435,2026-09-01,0.8707,proxy_eur_l
2026-07-15,3.394,1.1436,0.7840153425179747,SP95,0.7556578666172632,0.7274056684908224,0.7165097104137695,0.9352875061657943,2026-09-01,0.8707,proxy_eur_l
2026-07-16,3.373,1.1447,0.7784155958801735,SP95,0.7702342229275261,0.7460833134066249,0.7286387585193496,0.9286073141032144,2026-09-01,0.8707,proxy_eur_l
2026-07-17,3.479,1.144,0.8033693795052433,SP95,0.7886001059677973,0.7697517150474412,0.7455447596913612,0.9583758158026021,2026-09-01,0.8707,proxy_eur_l
2026-07-18,3.479,1.144,0.8033693795052433,SP95,0.7950514516302202,0.7834882855586128,0.7624507608633729,0.9583758158026021,2026-09-01,0.8707,proxy_eur_l
2026-07-19,3.479,1.144,0.8033693795052433,SP95,0.8033693795052433,0.7945078153827756,0.7793567620353847,0.9583758158026021,2026-09-01,0.8707,proxy_eur_l
2026-07-20,3.48,1.1411,0.8056425748894546,SP95,0.8041271112999805,0.7988332618570716,0.7894933403125375,0.9610876138078532,2026-09-01,0.8707,proxy_eur_l
2026-07-21,3.331,1.1408,0.7713508997238713,SP95,0.7934542847061898,0.7974203226258112,0.7927903645038864,0.9201795172330333,2026-09-01,0.8707,proxy_eur_l
2026-07-22,3.347,1.1414,0.7746485537434054,SP95,0.7838806761189105,0.7916761574734437,0.7914522518218049,0.9241134384675618,2026-09-01,0.8707,proxy_eur_l
2026-07-23,3.421,1.1373,0.7946299051413221,SP95,0.7802097862028664,0.7899282626006593,0.7937685817162548,0.947950099952731,2026-09-01,0.8707,proxy_eur_l
2026-07-24,3.338,1.1385,0.7745334306293363,SP95,0.7812706298380213,0.784161072825478,0.789649160448268,0.9239761028767635,2026-09-01,0.8707,proxy_eur_l
2026-07-25,3.338,1.1385,0.7745334306293363,SP95,0.781232255466665,0.7779392439734543,0.7855297391802815,0.9239761028767635,2026-09-01,0.8707,proxy_eur_l
2026-07-26,3.338,1.1385,0.7745334306293363,SP95,0.7745334306293363,0.7785757501545473,0.7814103179122946,0.9239761028767635,2026-09-01,0.8707,proxy_eur_l
2026-07-27,3.242,1.1376,0.7528531942203913,SP95,0.767306685159688,0.7742166782499444,0.7738689778167142,0.8981127643113678,2026-09-01,0.8707,proxy_eur_l
2026-07-28,3.25,1.1401,0.753056021545463,SP95,0.760147548798397,0.7659019015307728,0.7712554237912272,0.8983547262383365,2026-09-01,0.8707,proxy_eur_l
2026-07-29,3.397,1.1384,0.788292745836815,SP95,0.7647339872008899,0.7686537645722684,0.7732045940902859,0.9403902148323044,2026-09-01,0.8707,proxy_eur_l
2026-07-30,3.259,1.1522,0.7472111774303122,SP95,0.7628533149375301,0.7631893139324636,0.76643049013157,0.8913821462645435,2026-09-01,0.8707,proxy_eur_l
2026-07-31,3.226,1.1519,0.7398376950320227,SP95,0.7584472060997167,0.7562501668130008,0.761473956474811,0.8825859842635486,2026-09-01,0.8707,proxy_eur_l
2026-08-01,3.226,1.1519,0.7398376950320227,SP95,0.7422955224981193,0.7536470669753271,0.7565174228180519,0.8825859842635486,2026-09-01,0.8707,proxy_eur_l
2026-08-02,3.226,1.1519,0.7398376950320227,SP95,0.7398376950320227,0.751003401672639,0.7515608891612928,0.8825859842635486,2026-09-01,0.8707,proxy_eur_l
2026-08-03,2.986,1.1509,0.6853920830145375,SP95,0.721689157692861,0.7304232691081836,0.7419235875604565,0.8176353411779682,2026-09-01,0.8707,proxy_eur_l
2026-08-04,2.854,1.1527,0.6540704757787418,SP95,0.693100084608434,0.7117951287778694,0.7277827953080678,0.7802703735147234,2026-09-01,0.8707,proxy_eur_l
2026-08-05,2.84,1.1547,0.6497346745450259,SP95,0.6630657444461018,0.6937745246804701,0.7079887851235265,0.7750979993235643,2026-09-01,0.8707,proxy_eur_l
2026-08-06,2.965,1.1521,0.6798629765141134,SP95,0.6612227089459605,0.6817795809768883,0.6983676135640694,0.8110394189432089,2026-09-01,0.8707,proxy_eur_l
2026-08-07,2.97,1.1559,0.6787706510110744,SP95,0.6694561006900713,0.6695661721726985,0.6896437501325055,0.8097363342454305,2026-09-01,0.8707,proxy_eur_l
2026-08-08,2.97,1.1559,0.6787706510110744,SP95,0.6791347595120875,0.6682418857720059,0.6809198867009414,0.8097363342454305,2026-09-01,0.8707,proxy_eur_l
2026-08-09,2.97,1.1559,0.6787706510110744,SP95,0.6787706510110744,0.6731819208184724,0.6721960232693773,0.8097363342454305,2026-09-01,0.8707,proxy_eur_l
2026-08-10,3.147,1.1552,0.7196584563461678,SP95,0.6923999194561056,0.6871666771787008,0.6770912194596103,0.8585132540460468,2026-09-01,0.8707,proxy_eur_l
2026-08-11,3.152,1.1543,0.7213638647083807,SP95,0.7065976573552076,0.6954668548175543,0.686704560735273,0.8605477131281428,2026-09-01,0.8707,proxy_eur_l
2026-08-12,3.158,1.154,0.7229249058466488,SP95,0.7213157423003992,0.7042977057846692,0.6971603080640764,0.8624099499927225,2026-09-01,0.8707,proxy_eur_l
2026-08-13,3.13,1.1531,0.7170744288275124,SP95,0.7204543997941807,0.7119584613479568,0.7024762298231332,0.8554306502719611,2026-09-01,0.8707,proxy_eur_l
2026-08-14,3.192,1.1581,0.7281212253926344,SP95,0.7227068533555986,0.7218285762242689,0.7095263118776419,0.8686088755568532,2026-09-01,0.8707,proxy_eur_l
2026-08-15,3.192,1.1581,0.7281212253926344,SP95,0.7244389598709272,0.7235211300335621,0.7165763939321504,0.8686088755568532,2026-09-01,0.8707,proxy_eur_l
2026-08-16,3.192,1.1581,0.7281212253926344,SP95,0.7281212253926344,0.7248726021704128,0.723626475986659,0.8686088755568532,2026-09-01,0.8707,proxy_eur_l
2026-08-17,3.324,1.1591,0.7575773462500952,SP95,0.7379399323451213,0.7318030902511021,0.7290434602586486,0.9037484198030313,2026-09-01,0.8707,proxy_eur_l
2026-08-18,3.361,1.158,0.766737709823607,SP95,0.7508120938221122,0.741735746450321,0.7355254381322524,0.9146762335046432,2026-09-01,0.8707,proxy_eur_l
2026-08-19,3.282,1.1664,0.7433236246908805,SP95,0.755879560254861,0.7447762263099703,0.7384395408242855,0.8867445080582891,2026-09-01,0.8707,proxy_eur_l
2026-08-20,3.336,1.1679,0.7545834118218882,SP95,0.7548815821121253,0.750068663595821,0.7437979669663392,0.9001768194616546,2026-09-01,0.8707,proxy_eur_l
2026-08-21,3.379,1.1684,0.7639826813746863,SP95,0.7539632392958184,0.7572409547922315,0.7489210321066322,0.9113896349552688,2026-09-01,0.8707,proxy_eur_l
2026-08-22,3.379,1.1684,0.7639826813746863,SP95,0.7608495915237535,0.7585220218171497,0.7540440972469254,0.9113896349552688,2026-09-01,0.8707,proxy_eur_l
2026-08-23,3.379,1.1684,0.7639826813746863,SP95,0.7639826813746863,0.7579710161273655,0.7591671623872186,0.9113896349552688,2026-09-01,0.8707,proxy_eur_l
2026-08-24,3.326,1.1665,0.7532243858921573,SP95,0.76039658288051,0.7599511683676209,0.7585453109075131,0.8985555757133495,2026-09-01,0.8707,proxy_eur_l
2026-08-25,3.254,1.1673,0.7364138253862889,SP95,0.7512069642177108,0.7563172510805011,0.7542133274164676,0.8785014946767626,2026-09-01,0.8707,proxy_eur_l
2026-08-26,3.325,1.1651,0.7539027328906046,SP95,0.7478469813896836,0.7543012613836846,0.7557246285878568,0.8993648066532125,2026-09-01,0.8707,proxy_eur_l
2026-08-27,3.42,1.1654,0.7752431946669535,SP95,0.7551865843146158,0.756553364042138,0.7586760261371518,0.9248228126293776,2026-09-01,0.8707,proxy_eur_l
2026-08-28,3.527,1.1598,0.8033581899182528,SP95,0.777501372491937,0.7644284657508514,0.7643010987862329,0.9583624672361344,2026-09-01,0.8707,proxy_eur_l
2026-08-29,3.527,1.1598,0.8033581899182528,SP95,0.7939865248344864,0.7744552265560705,0.7699261714353137,0.9583624672361344,2026-09-01,0.8707,proxy_eur_l
2026-08-30,3.527,1.1598,0.8033581899182528,SP95,0.8033581899182528,0.7878440994624633,0.7755512440843947,0.9583624672361344,2026-09-01,0.8707,proxy_eur_l
2026-08-31,3.55,1.1617,0.8072744993297984,SP95,0.8046636263887681,0.7985184527503021,0.7832726888612005,0.9630344105824652,2026-09-01,0.8707,proxy_eur_l
2026-09-01,3.203,1.1593,0.7298741341353828,SP95,0.7801689411278114,0.7894446406439879,0.7823384472539282,0.8707,2026-09-01,0.8707,proxy_eur_l
2026-09-02,3.135,1.1592,0.7144404625110381,SP95,0.7505296986587399,0.771661095162545,0.7767009800568473,0.8522884722381128,2026-09-01,0.8707,proxy_eur_l
2026-09-03,3.197,1.1623,0.7266265606031148,SP95,0.7236470524165121,0.7563147692995174,0.769755746619156,0.8668258220530101,2026-09-01,0.8707,proxy_eur_l
2026-09-04,3.245,1.1618,0.7378535977811944,SP95,0.7263068736317825,0.7432138508721057,0.7603979477424334,0.8802190645502714,2026-09-01,0.8707,proxy_eur_l
2026-09-05,3.245,1.1618,0.7378535977811944,SP95,0.7341112520551679,0.7293296705623848,0.7510401488657108,0.8802190645502714,2026-09-01,0.8707,proxy_eur_l
2026-09-06,3.245,1.1618,0.7378535977811944,SP95,0.7378535977811944,0.7309255632915473,0.7416823499889882,0.8802190645502714,2026-09-01,0.8707,proxy_eur_l
2026-09-07,3.245,1.1618,0.7378535977811944,SP95,0.7378535977811944,0.7356081903455786,0.7317650783391877,0.8802190645502714,2026-09-01,0.8707,proxy_eur_l
2026-09-08,3.311,1.1627,0.752278029894065,SP95,0.7426617418188179,0.7407384842037685,0.7349656348761423,0.8974266246668583,2026-09-01,0.8707,proxy_eur_l
2026-09-09,3.289,1.1627,0.7472795047784898,SP95,0.7458037108179165,0.7426236656032277,0.7396569266286354,0.8914636570610984,2026-09-01,0.8707,proxy_eur_l
2026-09-10,3.469,1.1629,0.7880409748305244,SP95,0.7625328365010264,0.7526611410130937,0.7484304143754082,0.9400898657653561,2026-09-01,0.8707,proxy_eur_l
2026-09-11,3.376,1.1604,0.7685667431584875,SP95,0.7679624075891672,0.7588037700885522,0.7528180065721644,0.9168581704307502,2026-09-01,0.8707,proxy_eur_l
2026-09-12,3.376,1.1604,0.7685667431584875,SP95,0.7750581537158331,0.7649463991640109,0.7572055987689205,0.9168581704307502,2026-09-01,0.8707,proxy_eur_l
2026-09-13,3.376,1.1604,0.7685667431584875,SP95,0.7685667431584875,0.7682041418168953,0.7615931909656766,0.9168581704307502,2026-09-01,0.8707,proxy_eur_l
2026-09-14,3.414,1.1604,0.777217672139537,SP95,0.7714503861521708,0.7741917752891048,0.7672166301597255,0.9271782564723287,2026-09-01,0.8707,proxy_eur_l
2026-09-15,3.535,1.1604,0.8047640512634046,SP95,0.7835161555204765,0.7775363905756808,0.7747146332124883,0.9600395830784071,2026-09-01,0.8707,proxy_eur_l
